day,proc,protocol,window,N,n_exp,n_soe
20140401,P,raw,day,8846,0.545786471035749,0.9239409674435334
20140401,P,merge_0.001s,day,4906,0.45121687992886794,0.8668488947527188
20140401,P,merge_0.01s,day,3948,0.5067969150753158,0.839025622839103
20140401,P,merge_0.1s,day,3198,0.54186371034029,0.8228367227628363
20140401,P,randomise_1s,10min,214,0.8393618764241102,
20140401,P,randomise_1s,10min,38,0.7499667156612868,
20140401,P,randomise_1s,10min,119,0.8022560845026685,
20140401,P,randomise_1s,10min,67,0.673360129602265,
20140401,P,randomise_1s,10min,119,0.7403394589583777,
20140401,P,randomise_1s,10min,201,0.7513893670361375,
20140401,P,randomise_1s,10min,266,0.7517345544270744,
20140401,P,randomise_1s,10min,222,0.6951279079204349,
20140401,P,randomise_1s,10min,192,0.7896604380461196,
20140401,P,randomise_1s,10min,158,0.8221044105667269,
20140401,P,randomise_1s,10min,146,0.6859349558367702,
20140401,P,randomise_1s,10min,265,0.7801163216528384,
20140401,P,randomise_1s,10min,263,0.7701700266039264,
20140401,P,randomise_1s,10min,167,0.7153271708592811,
20140401,P,randomise_1s,10min,185,0.8139002328315146,
20140401,P,randomise_1s,10min,192,0.7808522408165991,
20140401,P,randomise_1s,10min,70,0.6264736490569698,
20140401,P,randomise_1s,10min,51,0.6896668856659011,
20140401,P,randomise_1s,10min,127,0.7565741407053966,
20140401,P,randomise_1s,10min,57,0.7635516217157422,
20140401,P,randomise_1s,10min,95,0.7533308847039185,
20140401,P,randomise_1s,10min,78,0.6171104217393327,
20140401,P,randomise_1s,10min,114,0.7601162746159786,
20140401,P,randomise_1s,10min,136,0.6486392682270163,
20140401,P,randomise_1s,10min,77,0.6100705095609513,
20140401,P,randomise_1s,10min,60,0.7642375197103686,
20140401,P,randomise_1s,10min,54,0.7540255819054257,
20140401,P,randomise_1s,10min,133,0.7248663608153749,
20140401,P,randomise_1s,10min,180,0.7390367298740104,
20140401,P,randomise_1s,10min,74,0.7347410806054497,
20140401,P,randomise_1s,10min,58,0.7323499594085217,
20140401,P,randomise_1s,10min,82,0.7074238842457343,
20140401,P,randomise_1s,10min,126,0.7465571696840474,
20140401,P,randomise_1s,10min,94,0.7149930988348017,
20140401,P,randomise_1s,10min,81,0.7101582700954361,
20140401,P,randomise_1s,10min,69,0.6948937989940681,
20140401,P,randomise_1s,10min,57,0.677994846649776,
20140401,P,randomise_1s,10min,175,0.8099863988529109,
20140401,P,randomise_1s,10min,120,0.7155224665850394,
20140401,P,randomise_1s,10min,54,0.6224015482937373,
20140401,P,randomise_1s,10min,67,0.6365070904947951,
20140401,P,randomise_1s,10min,134,0.7666932402467677,
20140401,P,randomise_1s,10min,38,0.5930582378871678,
20140401,P,randomise_1s,10min,160,0.8175195712755478,
20140401,P,randomise_1s,10min,72,0.7282654652512185,
20140401,P,randomise_1s,10min,293,0.7964179213918073,
20140401,P,randomise_1s,10min,184,0.756568153812468,
20140401,P,randomise_1s,10min,139,0.7709552804515595,
20140401,P,randomise_1s,10min,789,0.8589707543097592,
20140401,P,randomise_1s,10min,219,0.7653048831424709,
20140401,P,randomise_1s,10min,109,0.7273309379726206,
20140401,P,randomise_1s,10min,138,0.7687430060154637,
20140401,P,randomise_1s,10min,133,0.716271960073473,
20140401,P,randomise_1s,10min,112,0.762027838453034,
20140401,P,randomise_1s,10min,90,0.7817279478402154,
20140401,P,randomise_1s,10min,173,0.8188975718692054,
20140401,P,randomise_1s,10min,106,0.7626813221406783,
20140401,P,randomise_1s,10min,160,0.7585932057210497,
20140401,P,randomise_1s,10min,41,0.6711757920413748,
20140401,P,randomise_1s,10min,51,0.5951744218658932,
20140401,P,randomise_1s,10min,28,0.6228023193699589,
20140401,P,randomise_1s,10min,68,0.6428788592634779,
20140401,P,randomise_1s,10min,24,0.4920522854023542,
20140401,P,randomise_1s,10min,44,0.7597723638374736,
20140401,P,randomise_1s,10min,21,0.8560948743093155,
20140401,P,randomise_1s,10min,27,0.5538244398058707,
20140401,P,randomise_1s,10min,31,0.6657513006923865,
20140401,P,randomise_1s,10min,33,0.5847601709697684,
20140401,P,randomise_1s,10min,32,0.8590245910224208,
20140401,P,randomise_1s,10min,32,0.7321524189009541,
20140401,P,randomise_1s,10min,28,0.5877531883921391,
20140401,P,randomise_1s,10min,52,0.661386610998578,
20140401,P,randomise_1s,10min,36,0.6669642213842726,
20140401,P,randomise_1s,10min,21,0.5865667175696515,
20140401,Tr,raw,day,24146,0.30168729426936153,0.9617454197063717
20140401,Tr,merge_0.001s,day,19120,0.49318855706438414,0.9558002352886307
20140401,Tr,merge_0.01s,day,16761,0.5731969254604684,0.9503151862273413
20140401,Tr,merge_0.1s,day,13574,0.7965186268471993,0.9517327169957381
20140401,Tr,randomise_1s,10min,498,0.684123575098423,
20140401,Tr,randomise_1s,10min,168,0.3541913150397759,
20140401,Tr,randomise_1s,10min,214,0.5771716945599891,
20140401,Tr,randomise_1s,10min,171,0.5241065745038866,
20140401,Tr,randomise_1s,10min,175,0.5131976185111066,
20140401,Tr,randomise_1s,10min,463,0.6919527595949735,
20140401,Tr,randomise_1s,10min,705,0.6277024942446823,
20140401,Tr,randomise_1s,10min,542,0.6456281357235535,
20140401,Tr,randomise_1s,10min,337,0.6299135835394,
20140401,Tr,randomise_1s,10min,450,0.6786684455610603,
20140401,Tr,randomise_1s,10min,509,0.666824258189339,
20140401,Tr,randomise_1s,10min,463,0.6057010320837365,
20140401,Tr,randomise_1s,10min,635,0.641690495890339,
20140401,Tr,randomise_1s,10min,580,0.6427160301803867,
20140401,Tr,randomise_1s,10min,321,0.6344241089842015,
20140401,Tr,randomise_1s,10min,486,0.6925194524119487,
20140401,Tr,randomise_1s,10min,291,0.5817073699436586,
20140401,Tr,randomise_1s,10min,209,0.5154899030861398,
20140401,Tr,randomise_1s,10min,303,0.6303894332643737,
20140401,Tr,randomise_1s,10min,176,0.5034183932103335,
20140401,Tr,randomise_1s,10min,416,0.7020163161032703,
20140401,Tr,randomise_1s,10min,425,0.7409080326925329,
20140401,Tr,randomise_1s,10min,287,0.5968281956799204,
20140401,Tr,randomise_1s,10min,238,0.5328573979414537,
20140401,Tr,randomise_1s,10min,259,0.6025125072771099,
20140401,Tr,randomise_1s,10min,159,0.5391090937558752,
20140401,Tr,randomise_1s,10min,231,0.6003632678011052,
20140401,Tr,randomise_1s,10min,393,0.6330233083136246,
20140401,Tr,randomise_1s,10min,284,0.6592606349563594,
20140401,Tr,randomise_1s,10min,201,0.6044826683685827,
20140401,Tr,randomise_1s,10min,160,0.6662050923029397,
20140401,Tr,randomise_1s,10min,313,0.6985426048868604,
20140401,Tr,randomise_1s,10min,493,0.6927919995133456,
20140401,Tr,randomise_1s,10min,279,0.5285632056793726,
20140401,Tr,randomise_1s,10min,249,0.6426848081884035,
20140401,Tr,randomise_1s,10min,202,0.633821721060998,
20140401,Tr,randomise_1s,10min,293,0.6594561732091342,
20140401,Tr,randomise_1s,10min,372,0.71489658543794,
20140401,Tr,randomise_1s,10min,334,0.5424031868896523,
20140401,Tr,randomise_1s,10min,168,0.48146682282773384,
20140401,Tr,randomise_1s,10min,278,0.615885237177306,
20140401,Tr,randomise_1s,10min,316,0.5835517471628966,
20140401,Tr,randomise_1s,10min,331,0.48440914203885144,
20140401,Tr,randomise_1s,10min,468,0.5672813049392962,
20140401,Tr,randomise_1s,10min,302,0.4552988364482366,
20140401,Tr,randomise_1s,10min,632,0.6475622572411421,
20140401,Tr,randomise_1s,10min,431,0.6437719460192572,
20140401,Tr,randomise_1s,10min,381,0.573522173260515,
20140401,Tr,randomise_1s,10min,1642,0.7304627376404096,
20140401,Tr,randomise_1s,10min,572,0.612168391084939,
20140401,Tr,randomise_1s,10min,325,0.5946690333801876,
20140401,Tr,randomise_1s,10min,525,0.7003925520233321,
20140401,Tr,randomise_1s,10min,433,0.6076143436098527,
20140401,Tr,randomise_1s,10min,316,0.5676319269729634,
20140401,Tr,randomise_1s,10min,328,0.5925701288303863,
20140401,Tr,randomise_1s,10min,491,0.6954155331925572,
20140401,Tr,randomise_1s,10min,435,0.6496483806630087,
20140401,Tr,randomise_1s,10min,404,0.5743152155962726,
20140401,Tr,randomise_1s,10min,186,0.468962898170028,
20140401,Tr,randomise_1s,10min,404,0.4508452449266716,
20140401,Tr,randomise_1s,10min,499,0.4308453238764421,
20140401,Tr,randomise_1s,10min,248,0.5033722784357588,
20140401,Tr,randomise_1s,10min,121,0.5220453356739703,
20140401,Tr,randomise_1s,10min,107,0.5902314376535125,
20140401,Tr,randomise_1s,10min,47,0.36071645342697406,
20140401,Tr,randomise_1s,10min,65,0.3292890856715106,
20140401,Tr,randomise_1s,10min,32,0.41953410819985754,
20140401,Tr,randomise_1s,10min,24,0.44590507126976753,
20140401,Tr,randomise_1s,10min,23,0.3609461731622007,
20140401,Tr,randomise_1s,10min,28,0.33423185886293094,
20140401,Tr,randomise_1s,10min,35,0.37694125093284664,
20140401,Tr,randomise_1s,10min,21,0.6636008354176912,
20140401,Tr,randomise_1s,10min,27,0.23170277909735382,
20140401,Tr,randomise_1s,10min,24,0.3405980353485125,
20140401,Tr,randomise_1s,10min,22,0.31001660125942926,
20140402,P,raw,day,10105,0.5640799451496045,0.9276721318154757
20140402,P,merge_0.001s,day,5488,0.4622098993165014,0.8812395313179708
20140402,P,merge_0.01s,day,4354,0.5228682627590467,0.8606906656666178
20140402,P,merge_0.1s,day,3473,0.5643237719111429,0.8468760848876561
20140402,P,randomise_1s,10min,141,0.7406983027430034,
20140402,P,randomise_1s,10min,108,0.8253745624810864,
20140402,P,randomise_1s,10min,43,0.7346292428610137,
20140402,P,randomise_1s,10min,42,0.7306860673073872,
20140402,P,randomise_1s,10min,145,0.7527673191094364,
20140402,P,randomise_1s,10min,124,0.6586282725698032,
20140402,P,randomise_1s,10min,133,0.6894458245684099,
20140402,P,randomise_1s,10min,175,0.7472523680226166,
20140402,P,randomise_1s,10min,96,0.7335761731779353,
20140402,P,randomise_1s,10min,113,0.7657996038951588,
20140402,P,randomise_1s,10min,118,0.7847985734204634,
20140402,P,randomise_1s,10min,171,0.7530582331239328,
20140402,P,randomise_1s,10min,117,0.6793788698389436,
20140402,P,randomise_1s,10min,538,0.8161837201288219,
20140402,P,randomise_1s,10min,231,0.7542164744818901,
20140402,P,randomise_1s,10min,142,0.776871136907495,
20140402,P,randomise_1s,10min,187,0.7622619457340484,
20140402,P,randomise_1s,10min,90,0.6581472630280729,
20140402,P,randomise_1s,10min,192,0.7957351163728632,
20140402,P,randomise_1s,10min,99,0.7389868166464787,
20140402,P,randomise_1s,10min,144,0.7340180995229117,
20140402,P,randomise_1s,10min,111,0.6569137505254649,
20140402,P,randomise_1s,10min,127,0.7375908866478988,
20140402,P,randomise_1s,10min,133,0.7032478535646711,
20140402,P,randomise_1s,10min,151,0.7532362676308194,
20140402,P,randomise_1s,10min,116,0.7243033224902102,
20140402,P,randomise_1s,10min,153,0.7753999897809772,
20140402,P,randomise_1s,10min,93,0.6662522814284904,
20140402,P,randomise_1s,10min,33,0.6537807282260707,
20140402,P,randomise_1s,10min,28,0.6662493228166768,
20140402,P,randomise_1s,10min,81,0.701714025178997,
20140402,P,randomise_1s,10min,41,0.7081679834525622,
20140402,P,randomise_1s,10min,85,0.7200632630282764,
20140402,P,randomise_1s,10min,77,0.754530933850819,
20140402,P,randomise_1s,10min,118,0.717571754842624,
20140402,P,randomise_1s,10min,98,0.6870176138078236,
20140402,P,randomise_1s,10min,40,0.5597413220791208,
20140402,P,randomise_1s,10min,1134,0.8418357943814506,
20140402,P,randomise_1s,10min,196,0.7126753944917438,
20140402,P,randomise_1s,10min,217,0.7290837649818641,
20140402,P,randomise_1s,10min,101,0.7285432384602933,
20140402,P,randomise_1s,10min,267,0.8122667933999106,
20140402,P,randomise_1s,10min,217,0.8425183703864513,
20140402,P,randomise_1s,10min,102,0.7505214829128652,
20140402,P,randomise_1s,10min,289,0.7571311583993455,
20140402,P,randomise_1s,10min,161,0.7834515245323177,
20140402,P,randomise_1s,10min,156,0.662251425559901,
20140402,P,randomise_1s,10min,101,0.7503495163063408,
20140402,P,randomise_1s,10min,480,0.8573624985345859,
20140402,P,randomise_1s,10min,284,0.7366523732592768,
20140402,P,randomise_1s,10min,205,0.728159339532009,
20140402,P,randomise_1s,10min,145,0.7675150611456627,
20140402,P,randomise_1s,10min,154,0.7511180827348842,
20140402,P,randomise_1s,10min,57,0.7912711810909582,
20140402,P,randomise_1s,10min,132,0.8063993431874357,
20140402,P,randomise_1s,10min,186,0.752023435569702,
20140402,P,randomise_1s,10min,103,0.7539448436514612,
20140402,P,randomise_1s,10min,94,0.7183547638448361,
20140402,P,randomise_1s,10min,85,0.7237618669757393,
20140402,P,randomise_1s,10min,86,0.7788696714799852,
20140402,P,randomise_1s,10min,25,0.5901635545582333,
20140402,P,randomise_1s,10min,34,0.7598038526673216,
20140402,P,randomise_1s,10min,25,0.8736419414606872,
20140402,P,randomise_1s,10min,60,0.8287721582617082,
20140402,P,randomise_1s,10min,58,0.585248089943656,
20140402,P,randomise_1s,10min,39,0.5570604074073061,
20140402,P,randomise_1s,10min,22,0.5969508118475193,
20140402,P,randomise_1s,10min,20,0.6420733071802095,
20140402,P,randomise_1s,10min,23,0.7602527034821183,
20140402,P,randomise_1s,10min,28,0.6985438311422574,
20140402,P,randomise_1s,10min,20,0.6282496581159199,
20140402,Tr,raw,day,29106,0.29658825296985436,0.9391426800604218
20140402,Tr,merge_0.001s,day,23364,0.58164128794598,0.9304068990623813
20140402,Tr,merge_0.01s,day,20452,0.6165371085734583,0.921756105640672
20140402,Tr,merge_0.1s,day,16219,0.7676734586040153,0.9237901422723356
20140402,Tr,randomise_1s,10min,348,0.6570485670542032,
20140402,Tr,randomise_1s,10min,220,0.518147782262858,
20140402,Tr,randomise_1s,10min,236,0.5564042866606893,
20140402,Tr,randomise_1s,10min,215,0.532182270500206,
20140402,Tr,randomise_1s,10min,663,0.7738349010710898,
20140402,Tr,randomise_1s,10min,509,0.656606279111224,
20140402,Tr,randomise_1s,10min,511,0.5919312999810666,
20140402,Tr,randomise_1s,10min,421,0.6272908052327594,
20140402,Tr,randomise_1s,10min,310,0.6731611448275069,
20140402,Tr,randomise_1s,10min,423,0.6632746380217799,
20140402,Tr,randomise_1s,10min,466,0.7242108114997998,
20140402,Tr,randomise_1s,10min,304,0.5819637024269794,
20140402,Tr,randomise_1s,10min,287,0.5467793662609486,
20140402,Tr,randomise_1s,10min,1721,0.7798940406082283,
20140402,Tr,randomise_1s,10min,686,0.6772271661687046,
20140402,Tr,randomise_1s,10min,330,0.5583527498802644,
20140402,Tr,randomise_1s,10min,296,0.5614933466692494,
20140402,Tr,randomise_1s,10min,215,0.5051740314252183,
20140402,Tr,randomise_1s,10min,531,0.6464619810135515,
20140402,Tr,randomise_1s,10min,324,0.6093343260057364,
20140402,Tr,randomise_1s,10min,382,0.5921577827166057,
20140402,Tr,randomise_1s,10min,413,0.6192225139677533,
20140402,Tr,randomise_1s,10min,304,0.5852140572238431,
20140402,Tr,randomise_1s,10min,363,0.6377633478647698,
20140402,Tr,randomise_1s,10min,566,0.7657345871975417,
20140402,Tr,randomise_1s,10min,358,0.6554651865576993,
20140402,Tr,randomise_1s,10min,330,0.5882878804868479,
20140402,Tr,randomise_1s,10min,277,0.6317214423158346,
20140402,Tr,randomise_1s,10min,168,0.3694223917854686,
20140402,Tr,randomise_1s,10min,166,0.536715645118936,
20140402,Tr,randomise_1s,10min,245,0.7219006183984782,
20140402,Tr,randomise_1s,10min,123,0.5937494348770044,
20140402,Tr,randomise_1s,10min,150,0.473246125073726,
20140402,Tr,randomise_1s,10min,164,0.5176434843143995,
20140402,Tr,randomise_1s,10min,306,0.6112189005087608,
20140402,Tr,randomise_1s,10min,289,0.6963874868819547,
20140402,Tr,randomise_1s,10min,205,0.6420434234989483,
20140402,Tr,randomise_1s,10min,1721,0.8412100088734871,
20140402,Tr,randomise_1s,10min,472,0.533583901769997,
20140402,Tr,randomise_1s,10min,502,0.6428517769750434,
20140402,Tr,randomise_1s,10min,278,0.6004153647361794,
20140402,Tr,randomise_1s,10min,789,0.7028684913387432,
20140402,Tr,randomise_1s,10min,809,0.6713602424915733,
20140402,Tr,randomise_1s,10min,388,0.6590898285467038,
20140402,Tr,randomise_1s,10min,890,0.6856353425308844,
20140402,Tr,randomise_1s,10min,658,0.6295150645959277,
20140402,Tr,randomise_1s,10min,634,0.6996118144819929,
20140402,Tr,randomise_1s,10min,389,0.5974658866342272,
20140402,Tr,randomise_1s,10min,1366,0.7577936627475725,
20140402,Tr,randomise_1s,10min,551,0.5545437011591529,
20140402,Tr,randomise_1s,10min,466,0.5420063575505804,
20140402,Tr,randomise_1s,10min,380,0.6185970677594106,
20140402,Tr,randomise_1s,10min,589,0.6198337805445573,
20140402,Tr,randomise_1s,10min,321,0.5288835277709163,
20140402,Tr,randomise_1s,10min,489,0.6855445262330577,
20140402,Tr,randomise_1s,10min,811,0.7494959023249006,
20140402,Tr,randomise_1s,10min,272,0.5523365786657811,
20140402,Tr,randomise_1s,10min,202,0.5383714652452387,
20140402,Tr,randomise_1s,10min,223,0.3670984126573159,
20140402,Tr,randomise_1s,10min,203,0.5846463863334195,
20140402,Tr,randomise_1s,10min,502,0.8119051236645055,
20140402,Tr,randomise_1s,10min,106,0.5200913242623655,
20140402,Tr,randomise_1s,10min,87,0.43328710008364585,
20140402,Tr,randomise_1s,10min,94,0.3505279044473742,
20140402,Tr,randomise_1s,10min,79,0.6238512087049943,
20140402,Tr,randomise_1s,10min,73,0.38011477143588396,
20140402,Tr,randomise_1s,10min,119,0.7841976350621326,
20140402,Tr,randomise_1s,10min,70,0.2963643839890911,
20140402,Tr,randomise_1s,10min,40,0.41263905316518323,
20140402,Tr,randomise_1s,10min,48,0.269184390929109,
20140402,Tr,randomise_1s,10min,39,0.5580257669971759,
20140402,Tr,randomise_1s,10min,30,0.40924033647837305,
20140402,Tr,randomise_1s,10min,32,0.45245124642096335,
20140402,Tr,randomise_1s,10min,31,0.35073242204868527,
20140402,Tr,randomise_1s,10min,48,0.4621583146278473,
20140402,Tr,randomise_1s,10min,66,0.6113882119783421,
20140402,Tr,randomise_1s,10min,76,0.29026751250614197,
20140402,Tr,randomise_1s,10min,124,0.13247036250446356,
20140402,Tr,randomise_1s,10min,46,0.24220059947410172,
20140402,Tr,randomise_1s,10min,36,0.04639104301488192,
20140403,P,raw,day,15827,0.5728507546978566,0.968560058145542
20140403,P,merge_0.001s,day,8431,0.5978412807442126,0.95073785886739
20140403,P,merge_0.01s,day,6653,0.678014839309576,0.9426731631051316
20140403,P,merge_0.1s,day,5090,0.7523250228103652,0.9417660384524025
20140403,P,randomise_1s,10min,142,0.7176109795631388,
20140403,P,randomise_1s,10min,120,0.7140457738487448,
20140403,P,randomise_1s,10min,79,0.864517975893974,
20140403,P,randomise_1s,10min,142,0.7947161455213502,
20140403,P,randomise_1s,10min,218,0.816479954745716,
20140403,P,randomise_1s,10min,88,0.655785139669915,
20140403,P,randomise_1s,10min,243,0.7772591869031753,
20140403,P,randomise_1s,10min,61,0.7197856885645336,
20140403,P,randomise_1s,10min,163,0.7769435351338363,
20140403,P,randomise_1s,10min,85,0.7289379832624681,
20140403,P,randomise_1s,10min,199,0.7227349649885587,
20140403,P,randomise_1s,10min,92,0.7104669610438434,
20140403,P,randomise_1s,10min,166,0.7983476286892213,
20140403,P,randomise_1s,10min,94,0.6313665105121986,
20140403,P,randomise_1s,10min,179,0.8259592517867954,
20140403,P,randomise_1s,10min,264,0.7496850068742279,
20140403,P,randomise_1s,10min,262,0.7805782797812149,
20140403,P,randomise_1s,10min,204,0.7411823025537649,
20140403,P,randomise_1s,10min,295,0.787211145882443,
20140403,P,randomise_1s,10min,173,0.7657010084231463,
20140403,P,randomise_1s,10min,97,0.6593351827393271,
20140403,P,randomise_1s,10min,51,0.6044040139002137,
20140403,P,randomise_1s,10min,104,0.7538940693073518,
20140403,P,randomise_1s,10min,66,0.7683847257108697,
20140403,P,randomise_1s,10min,53,0.6317834439042397,
20140403,P,randomise_1s,10min,28,0.49099934335924433,
20140403,P,randomise_1s,10min,109,0.7711553593505462,
20140403,P,randomise_1s,10min,96,0.7740752670363041,
20140403,P,randomise_1s,10min,129,0.7916155822386477,
20140403,P,randomise_1s,10min,111,0.7078464298086745,
20140403,P,randomise_1s,10min,154,0.7553296916341352,
20140403,P,randomise_1s,10min,206,0.8137675704906451,
20140403,P,randomise_1s,10min,115,0.7579895282446091,
20140403,P,randomise_1s,10min,183,0.6256550693763464,
20140403,P,randomise_1s,10min,1418,0.8720846156179124,
20140403,P,randomise_1s,10min,263,0.7606003815022003,
20140403,P,randomise_1s,10min,171,0.8013437021278421,
20140403,P,randomise_1s,10min,162,0.7330179911191237,
20140403,P,randomise_1s,10min,202,0.7187708268537959,
20140403,P,randomise_1s,10min,2352,0.8831298729553771,
20140403,P,randomise_1s,10min,1233,0.7802058383044701,
20140403,P,randomise_1s,10min,560,0.7462812074740232,
20140403,P,randomise_1s,10min,739,0.7628434004487231,
20140403,P,randomise_1s,10min,425,0.8220470158250545,
20140403,P,randomise_1s,10min,476,0.7929942242531502,
20140403,P,randomise_1s,10min,746,0.8404258015566635,
20140403,P,randomise_1s,10min,236,0.7007207040160525,
20140403,P,randomise_1s,10min,205,0.7595414143477296,
20140403,P,randomise_1s,10min,472,0.7989231898832619,
20140403,P,randomise_1s,10min,69,0.6290081020607926,
20140403,P,randomise_1s,10min,180,0.7831940681673348,
20140403,P,randomise_1s,10min,82,0.7296958776798084,
20140403,P,randomise_1s,10min,126,0.8473113760698955,
20140403,P,randomise_1s,10min,170,0.8721261813358134,
20140403,P,randomise_1s,10min,117,0.77853345005083,
20140403,P,randomise_1s,10min,86,0.8261188970402111,
20140403,P,randomise_1s,10min,101,0.7954174975549817,
20140403,P,randomise_1s,10min,89,0.7126822115481586,
20140403,P,randomise_1s,10min,51,0.7314187029496099,
20140403,P,randomise_1s,10min,25,0.5530085750725933,
20140403,P,randomise_1s,10min,68,0.7066823422112217,
20140403,P,randomise_1s,10min,30,0.7298299482336247,
20140403,P,randomise_1s,10min,32,0.6753034206330797,
20140403,P,randomise_1s,10min,21,0.69409544331276,
20140403,P,randomise_1s,10min,24,0.6591264466373915,
20140403,Tr,raw,day,40259,0.6906056016112613,0.9632685390930911
20140403,Tr,merge_0.001s,day,33660,0.7326406815304802,0.9567206805502105
20140403,Tr,merge_0.01s,day,30148,0.763782295193957,0.9526046002592886
20140403,Tr,merge_0.1s,day,23420,0.8205396825772806,0.9476408188667617
20140403,Tr,randomise_1s,10min,553,0.7509750330421043,
20140403,Tr,randomise_1s,10min,504,0.7430993222925026,
20140403,Tr,randomise_1s,10min,389,0.7800248148188861,
20140403,Tr,randomise_1s,10min,644,0.7848064376068332,
20140403,Tr,randomise_1s,10min,643,0.7495866403800513,
20140403,Tr,randomise_1s,10min,406,0.5806814939440414,
20140403,Tr,randomise_1s,10min,963,0.7689483243886099,
20140403,Tr,randomise_1s,10min,280,0.5158346171317986,
20140403,Tr,randomise_1s,10min,658,0.8260159237592446,
20140403,Tr,randomise_1s,10min,461,0.6937586506141147,
20140403,Tr,randomise_1s,10min,825,0.7277390925449909,
20140403,Tr,randomise_1s,10min,448,0.6335146701405857,
20140403,Tr,randomise_1s,10min,476,0.7081566219444917,
20140403,Tr,randomise_1s,10min,494,0.715290513543538,
20140403,Tr,randomise_1s,10min,590,0.7361577057070701,
20140403,Tr,randomise_1s,10min,716,0.6833933087109447,
20140403,Tr,randomise_1s,10min,1349,0.8071441298293318,
20140403,Tr,randomise_1s,10min,703,0.7025023618767895,
20140403,Tr,randomise_1s,10min,698,0.7223284066631048,
20140403,Tr,randomise_1s,10min,437,0.6976959290092641,
20140403,Tr,randomise_1s,10min,618,0.7387028830993895,
20140403,Tr,randomise_1s,10min,315,0.6428284814975841,
20140403,Tr,randomise_1s,10min,207,0.6435766591965059,
20140403,Tr,randomise_1s,10min,177,0.4695545121843507,
20140403,Tr,randomise_1s,10min,188,0.4704571850648965,
20140403,Tr,randomise_1s,10min,94,0.3833761672873998,
20140403,Tr,randomise_1s,10min,187,0.5607398136229367,
20140403,Tr,randomise_1s,10min,204,0.6240125178398166,
20140403,Tr,randomise_1s,10min,689,0.822231738133191,
20140403,Tr,randomise_1s,10min,642,0.7780792625763988,
20140403,Tr,randomise_1s,10min,771,0.7995635633627693,
20140403,Tr,randomise_1s,10min,667,0.7567789071571822,
20140403,Tr,randomise_1s,10min,711,0.82081233179131,
20140403,Tr,randomise_1s,10min,328,0.5472836958105775,
20140403,Tr,randomise_1s,10min,1285,0.8180033342919877,
20140403,Tr,randomise_1s,10min,469,0.5630165933790052,
20140403,Tr,randomise_1s,10min,456,0.6754259380493701,
20140403,Tr,randomise_1s,10min,306,0.5868807992112759,
20140403,Tr,randomise_1s,10min,320,0.5831679317075991,
20140403,Tr,randomise_1s,10min,2379,0.8720078500442481,
20140403,Tr,randomise_1s,10min,2309,0.791737638560755,
20140403,Tr,randomise_1s,10min,1047,0.7068797478623629,
20140403,Tr,randomise_1s,10min,1257,0.7339018427124022,
20140403,Tr,randomise_1s,10min,726,0.6116069568744462,
20140403,Tr,randomise_1s,10min,1197,0.7236874355363225,
20140403,Tr,randomise_1s,10min,1751,0.7389945878939312,
20140403,Tr,randomise_1s,10min,676,0.6336275363254442,
20140403,Tr,randomise_1s,10min,404,0.5811361556492562,
20140403,Tr,randomise_1s,10min,1045,0.7463617774869489,
20140403,Tr,randomise_1s,10min,602,0.6191845899271412,
20140403,Tr,randomise_1s,10min,1391,0.7273395850883352,
20140403,Tr,randomise_1s,10min,538,0.6376823874164438,
20140403,Tr,randomise_1s,10min,521,0.6661208131239594,
20140403,Tr,randomise_1s,10min,551,0.6784852160117417,
20140403,Tr,randomise_1s,10min,384,0.6336130497019822,
20140403,Tr,randomise_1s,10min,527,0.5841894298492928,
20140403,Tr,randomise_1s,10min,240,0.5400373422544053,
20140403,Tr,randomise_1s,10min,235,0.4697103261785711,
20140403,Tr,randomise_1s,10min,133,0.37488068372001426,
20140403,Tr,randomise_1s,10min,220,0.5252531890039044,
20140403,Tr,randomise_1s,10min,198,0.5552995300585066,
20140403,Tr,randomise_1s,10min,114,0.5881341186986612,
20140403,Tr,randomise_1s,10min,129,0.5258991365810096,
20140403,Tr,randomise_1s,10min,107,0.5897595002686709,
20140403,Tr,randomise_1s,10min,97,0.4819806043205169,
20140403,Tr,randomise_1s,10min,109,0.6088343297980914,
20140403,Tr,randomise_1s,10min,25,0.2960286921419655,
20140403,Tr,randomise_1s,10min,40,0.6271469446014857,
20140403,Tr,randomise_1s,10min,30,0.4929546980001535,
20140403,Tr,randomise_1s,10min,28,0.524455477764795,
20140403,Tr,randomise_1s,10min,24,0.03761236692639409,
20140403,Tr,randomise_1s,10min,29,0.3209183585032586,
20140403,Tr,randomise_1s,10min,36,0.47459323382223334,
20140403,Tr,randomise_1s,10min,36,0.5671027332998563,
20140403,Tr,randomise_1s,10min,20,0.09816407209197338,
20140403,Tr,randomise_1s,10min,29,0.6163979778472287,
20140403,Tr,randomise_1s,10min,33,0.2976869672636564,
20140403,Tr,randomise_1s,10min,23,0.14793094878320784,
20140404,P,raw,day,15312,0.5707561692867316,0.9486663004027988
20140404,P,merge_0.001s,day,8244,0.5626537458520169,0.9143938394138241
20140404,P,merge_0.01s,day,6488,0.6305913798002676,0.9017946957862235
20140404,P,merge_0.1s,day,4993,0.7384832805835826,0.8944678462170036
20140404,P,randomise_1s,10min,140,0.7013877188930406,
20140404,P,randomise_1s,10min,86,0.6730095297936239,
20140404,P,randomise_1s,10min,57,0.6657696158444317,
20140404,P,randomise_1s,10min,21,0.7115363811247511,
20140404,P,randomise_1s,10min,97,0.777180588364535,
20140404,P,randomise_1s,10min,45,0.7532723234785565,
20140404,P,randomise_1s,10min,145,0.6621031911416351,
20140404,P,randomise_1s,10min,163,0.7796258867104183,
20140404,P,randomise_1s,10min,150,0.6992409714803612,
20140404,P,randomise_1s,10min,66,0.7004690664452109,
20140404,P,randomise_1s,10min,46,0.6332351986389605,
20140404,P,randomise_1s,10min,107,0.8004464330491925,
20140404,P,randomise_1s,10min,148,0.7383689516918265,
20140404,P,randomise_1s,10min,119,0.7688054539188701,
20140404,P,randomise_1s,10min,130,0.7151685922384607,
20140404,P,randomise_1s,10min,51,0.6180205012706667,
20140404,P,randomise_1s,10min,111,0.7323711979096684,
20140404,P,randomise_1s,10min,155,0.7638290168039014,
20140404,P,randomise_1s,10min,151,0.6643184105279164,
20140404,P,randomise_1s,10min,233,0.7268142369960667,
20140404,P,randomise_1s,10min,119,0.8198481450671317,
20140404,P,randomise_1s,10min,46,0.666867159622246,
20140404,P,randomise_1s,10min,26,0.7911729385293799,
20140404,P,randomise_1s,10min,42,0.5906354743577825,
20140404,P,randomise_1s,10min,112,0.688154169575367,
20140404,P,randomise_1s,10min,62,0.6780878737792021,
20140404,P,randomise_1s,10min,80,0.7040202833736081,
20140404,P,randomise_1s,10min,48,0.5897452123694585,
20140404,P,randomise_1s,10min,32,0.7864081895382996,
20140404,P,randomise_1s,10min,100,0.6698664112480599,
20140404,P,randomise_1s,10min,86,0.6150976195211977,
20140404,P,randomise_1s,10min,80,0.7751987565474304,
20140404,P,randomise_1s,10min,101,0.7039737080167925,
20140404,P,randomise_1s,10min,98,0.6968919656222989,
20140404,P,randomise_1s,10min,50,0.7689596913626568,
20140404,P,randomise_1s,10min,119,0.7132027928414707,
20140404,P,randomise_1s,10min,44,0.59244947913607,
20140404,P,randomise_1s,10min,99,0.6717407568119971,
20140404,P,randomise_1s,10min,332,0.8100479668346859,
20140404,P,randomise_1s,10min,3147,0.8668909598797688,
20140404,P,randomise_1s,10min,611,0.6528610129850559,
20140404,P,randomise_1s,10min,515,0.7654292469395906,
20140404,P,randomise_1s,10min,395,0.7976633116258038,
20140404,P,randomise_1s,10min,208,0.8335495910290587,
20140404,P,randomise_1s,10min,217,0.703712378596505,
20140404,P,randomise_1s,10min,344,0.7970942566969242,
20140404,P,randomise_1s,10min,348,0.7683211941961183,
20140404,P,randomise_1s,10min,465,0.7681724248570051,
20140404,P,randomise_1s,10min,265,0.7268070200045347,
20140404,P,randomise_1s,10min,885,0.8362263358193269,
20140404,P,randomise_1s,10min,469,0.7457099045213558,
20140404,P,randomise_1s,10min,333,0.7356813752398859,
20140404,P,randomise_1s,10min,882,0.8591654919697932,
20140404,P,randomise_1s,10min,294,0.7794292643962384,
20140404,P,randomise_1s,10min,127,0.6138117151294172,
20140404,P,randomise_1s,10min,201,0.7025527555846768,
20140404,P,randomise_1s,10min,237,0.8193867666209104,
20140404,P,randomise_1s,10min,203,0.7950165519918331,
20140404,P,randomise_1s,10min,148,0.7949823923346425,
20140404,P,randomise_1s,10min,92,0.7788452236865789,
20140404,P,randomise_1s,10min,56,0.6788818061845571,
20140404,P,randomise_1s,10min,71,0.6466215847405729,
20140404,P,randomise_1s,10min,58,0.6553726233049066,
20140404,P,randomise_1s,10min,96,0.7957468877526367,
20140404,P,randomise_1s,10min,41,0.6176107183294324,
20140404,P,randomise_1s,10min,60,0.6510192135984395,
20140404,P,randomise_1s,10min,27,0.4373871027376521,
20140404,P,randomise_1s,10min,44,0.8537772830509003,
20140404,P,randomise_1s,10min,83,0.7335528732445883,
20140404,P,randomise_1s,10min,81,0.710222818644094,
20140404,P,randomise_1s,10min,23,0.7283165104691625,
20140404,P,randomise_1s,10min,21,0.6563388580094393,
20140404,P,randomise_1s,10min,34,0.6305592798439174,
20140404,P,randomise_1s,10min,90,0.5663553747632176,
20140404,P,randomise_1s,10min,41,0.5730869368881294,
20140404,P,randomise_1s,10min,40,0.641302509285135,
20140404,P,randomise_1s,10min,42,0.7584640857372635,
20140404,P,randomise_1s,10min,20,0.5184978507222341,
20140404,Tr,raw,day,39716,0.6536503876760275,0.9514333124254986
20140404,Tr,merge_0.001s,day,32158,0.7431870091277399,0.9439688371294847
20140404,Tr,merge_0.01s,day,28327,0.7795499327385195,0.9382935890371776
20140404,Tr,merge_0.1s,day,21597,0.8401154498684906,0.9378866297137376
20140404,Tr,randomise_1s,10min,367,0.5645377847609512,
20140404,Tr,randomise_1s,10min,155,0.5003471291387613,
20140404,Tr,randomise_1s,10min,124,0.5061561771465863,
20140404,Tr,randomise_1s,10min,231,0.5027652349698816,
20140404,Tr,randomise_1s,10min,243,0.5760143153187226,
20140404,Tr,randomise_1s,10min,164,0.21204337245612123,
20140404,Tr,randomise_1s,10min,393,0.578550095210752,
20140404,Tr,randomise_1s,10min,634,0.6579956671666768,
20140404,Tr,randomise_1s,10min,276,0.5676239156031102,
20140404,Tr,randomise_1s,10min,332,0.673275407617264,
20140404,Tr,randomise_1s,10min,175,0.5924495005668056,
20140404,Tr,randomise_1s,10min,319,0.6623990134146396,
20140404,Tr,randomise_1s,10min,651,0.7200400289765951,
20140404,Tr,randomise_1s,10min,228,0.59067951924813,
20140404,Tr,randomise_1s,10min,258,0.5902466703470242,
20140404,Tr,randomise_1s,10min,448,0.6036865515731653,
20140404,Tr,randomise_1s,10min,585,0.7692477804640812,
20140404,Tr,randomise_1s,10min,603,0.6961179443315811,
20140404,Tr,randomise_1s,10min,321,0.5922469351472371,
20140404,Tr,randomise_1s,10min,830,0.7849874778780276,
20140404,Tr,randomise_1s,10min,289,0.639134974388078,
20140404,Tr,randomise_1s,10min,163,0.47690371326913744,
20140404,Tr,randomise_1s,10min,130,0.45351400345167164,
20140404,Tr,randomise_1s,10min,97,0.34658594915994323,
20140404,Tr,randomise_1s,10min,170,0.441339386735877,
20140404,Tr,randomise_1s,10min,136,0.6253866881540271,
20140404,Tr,randomise_1s,10min,148,0.5726312182673421,
20140404,Tr,randomise_1s,10min,157,0.5474575811849186,
20140404,Tr,randomise_1s,10min,128,0.485057513466584,
20140404,Tr,randomise_1s,10min,331,0.6180744942122288,
20140404,Tr,randomise_1s,10min,159,0.48166756429124963,
20140404,Tr,randomise_1s,10min,307,0.6720624709971198,
20140404,Tr,randomise_1s,10min,209,0.6267441301990955,
20140404,Tr,randomise_1s,10min,169,0.5466932396315011,
20140404,Tr,randomise_1s,10min,157,0.5259767563648169,
20140404,Tr,randomise_1s,10min,261,0.7097773691440125,
20140404,Tr,randomise_1s,10min,274,0.6029827254739559,
20140404,Tr,randomise_1s,10min,366,0.6415954751536018,
20140404,Tr,randomise_1s,10min,689,0.6126554507743007,
20140404,Tr,randomise_1s,10min,3501,0.8140451492655915,
20140404,Tr,randomise_1s,10min,1631,0.6650316378925127,
20140404,Tr,randomise_1s,10min,2447,0.7663774866555793,
20140404,Tr,randomise_1s,10min,1569,0.7342709547557789,
20140404,Tr,randomise_1s,10min,758,0.7058638235131418,
20140404,Tr,randomise_1s,10min,670,0.6718513071158491,
20140404,Tr,randomise_1s,10min,1385,0.6993771163717758,
20140404,Tr,randomise_1s,10min,1366,0.7466554511817793,
20140404,Tr,randomise_1s,10min,957,0.6848821992116482,
20140404,Tr,randomise_1s,10min,710,0.6704329921268645,
20140404,Tr,randomise_1s,10min,2439,0.8956835155737918,
20140404,Tr,randomise_1s,10min,1367,0.6905802518433208,
20140404,Tr,randomise_1s,10min,1278,0.6972504836057936,
20140404,Tr,randomise_1s,10min,2079,0.8521694277260858,
20140404,Tr,randomise_1s,10min,715,0.6428114171548793,
20140404,Tr,randomise_1s,10min,467,0.5282815541820899,
20140404,Tr,randomise_1s,10min,956,0.7495512460196175,
20140404,Tr,randomise_1s,10min,679,0.6942263883018753,
20140404,Tr,randomise_1s,10min,397,0.6423878594920736,
20140404,Tr,randomise_1s,10min,376,0.6662842385532632,
20140404,Tr,randomise_1s,10min,192,0.557697145033807,
20140404,Tr,randomise_1s,10min,231,0.5865987112152224,
20140404,Tr,randomise_1s,10min,219,0.6642907865052639,
20140404,Tr,randomise_1s,10min,146,0.33515127465433353,
20140404,Tr,randomise_1s,10min,139,0.44870586926706085,
20140404,Tr,randomise_1s,10min,177,0.5523193693349956,
20140404,Tr,randomise_1s,10min,265,0.5824220393138548,
20140404,Tr,randomise_1s,10min,57,0.500369924976337,
20140404,Tr,randomise_1s,10min,76,0.6076082728070497,
20140404,Tr,randomise_1s,10min,48,0.2675891218459305,
20140404,Tr,randomise_1s,10min,66,0.5726128237387265,
20140404,Tr,randomise_1s,10min,40,0.46776281567354,
20140404,Tr,randomise_1s,10min,43,0.40947651923565503,
20140404,Tr,randomise_1s,10min,40,0.5022845383463297,
20140404,Tr,randomise_1s,10min,51,0.5261243921241768,
20140404,Tr,randomise_1s,10min,27,0.38876283506010006,
20140404,Tr,randomise_1s,10min,33,0.4149220911422872,
20140404,Tr,randomise_1s,10min,123,0.5725077387931486,
20140404,Tr,randomise_1s,10min,51,0.266270030069621,
20140404,Tr,randomise_1s,10min,51,0.4275678376887576,
20140404,Tr,randomise_1s,10min,39,0.27915811430077436,
20140404,Tr,randomise_1s,10min,24,0.4740544242876555,
20140404,Tr,randomise_1s,10min,29,0.45872286566514303,
20140404,Tr,randomise_1s,10min,40,0.40712461195008054,
20140407,P,raw,day,11641,0.5558656183390156,0.9310997957971978
20140407,P,merge_0.001s,day,6300,0.49651269453925645,0.8877334323226618
20140407,P,merge_0.01s,day,5095,0.5094236589572398,0.8689282614955158
20140407,P,merge_0.1s,day,3877,0.5418431535601228,0.8522567569298769
20140407,P,randomise_1s,10min,162,0.7138791274924222,
20140407,P,randomise_1s,10min,90,0.6881460225215232,
20140407,P,randomise_1s,10min,129,0.7459962567234955,
20140407,P,randomise_1s,10min,55,0.6453299253549123,
20140407,P,randomise_1s,10min,197,0.8071631901751419,
20140407,P,randomise_1s,10min,97,0.7168276033991685,
20140407,P,randomise_1s,10min,368,0.8811559501659787,
20140407,P,randomise_1s,10min,219,0.7335155742716087,
20140407,P,randomise_1s,10min,428,0.8058701523384538,
20140407,P,randomise_1s,10min,275,0.7785807961136285,
20140407,P,randomise_1s,10min,202,0.803675466769568,
20140407,P,randomise_1s,10min,133,0.8086907418484691,
20140407,P,randomise_1s,10min,150,0.8391864765947575,
20140407,P,randomise_1s,10min,215,0.7383026074490543,
20140407,P,randomise_1s,10min,160,0.8528427545493076,
20140407,P,randomise_1s,10min,109,0.6888130911558216,
20140407,P,randomise_1s,10min,120,0.7793190376960538,
20140407,P,randomise_1s,10min,110,0.7690849193168048,
20140407,P,randomise_1s,10min,355,0.897330178623811,
20140407,P,randomise_1s,10min,78,0.6945232732479172,
20140407,P,randomise_1s,10min,126,0.730858466969336,
20140407,P,randomise_1s,10min,82,0.8236428529822074,
20140407,P,randomise_1s,10min,173,0.7548310066380309,
20140407,P,randomise_1s,10min,80,0.7870395826024349,
20140407,P,randomise_1s,10min,98,0.8149934860804952,
20140407,P,randomise_1s,10min,248,0.8141154266613833,
20140407,P,randomise_1s,10min,121,0.684805990283308,
20140407,P,randomise_1s,10min,126,0.7669588349158577,
20140407,P,randomise_1s,10min,183,0.8200664564733458,
20140407,P,randomise_1s,10min,71,0.6842662997281991,
20140407,P,randomise_1s,10min,84,0.693802682020773,
20140407,P,randomise_1s,10min,159,0.711930595193589,
20140407,P,randomise_1s,10min,227,0.7996104611247488,
20140407,P,randomise_1s,10min,152,0.762947616535531,
20140407,P,randomise_1s,10min,102,0.6641224818384044,
20140407,P,randomise_1s,10min,123,0.7552927245305773,
20140407,P,randomise_1s,10min,192,0.7539894718404484,
20140407,P,randomise_1s,10min,71,0.7569150062840704,
20140407,P,randomise_1s,10min,158,0.7644885357174103,
20140407,P,randomise_1s,10min,101,0.6744504463459651,
20140407,P,randomise_1s,10min,176,0.7773981810313294,
20140407,P,randomise_1s,10min,126,0.7138769046119798,
20140407,P,randomise_1s,10min,223,0.8145318421347265,
20140407,P,randomise_1s,10min,151,0.7763343780895994,
20140407,P,randomise_1s,10min,178,0.8075979580326114,
20140407,P,randomise_1s,10min,367,0.827995611821904,
20140407,P,randomise_1s,10min,288,0.7605126625090428,
20140407,P,randomise_1s,10min,341,0.7261808280392787,
20140407,P,randomise_1s,10min,300,0.8296843616007025,
20140407,P,randomise_1s,10min,374,0.7985993538036137,
20140407,P,randomise_1s,10min,255,0.7656366782660273,
20140407,P,randomise_1s,10min,453,0.8516109313157779,
20140407,P,randomise_1s,10min,274,0.7874522183075531,
20140407,P,randomise_1s,10min,359,0.8435164990735823,
20140407,P,randomise_1s,10min,320,0.9236916602500262,
20140407,P,randomise_1s,10min,168,0.7430004253103675,
20140407,P,randomise_1s,10min,146,0.6372281396286501,
20140407,P,randomise_1s,10min,83,0.751678176020313,
20140407,P,randomise_1s,10min,99,0.700770189099335,
20140407,P,randomise_1s,10min,30,0.5611457307631226,
20140407,P,randomise_1s,10min,45,0.5855729403902791,
20140407,P,randomise_1s,10min,59,0.7418201451298279,
20140407,P,randomise_1s,10min,34,0.6371983422875026,
20140407,P,randomise_1s,10min,34,0.7871198312431223,
20140407,P,randomise_1s,10min,31,0.514731319959079,
20140407,P,randomise_1s,10min,41,0.7405683249805296,
20140407,P,randomise_1s,10min,42,0.6314299191667502,
20140407,P,randomise_1s,10min,20,0.5881327502518354,
20140407,P,randomise_1s,10min,38,0.5805876296540156,
20140407,P,randomise_1s,10min,42,0.7785364617735575,
20140407,P,randomise_1s,10min,29,0.7509639715361232,
20140407,P,randomise_1s,10min,38,0.6615549236189986,
20140407,Tr,raw,day,29994,0.44696155440270935,0.9426989629508551
20140407,Tr,merge_0.001s,day,24297,0.6126911884215563,0.9292560282469837
20140407,Tr,merge_0.01s,day,21163,0.6355050503410087,0.9194377085131599
20140407,Tr,merge_0.1s,day,16326,0.7158956703908087,0.9136777952157142
20140407,Tr,randomise_1s,10min,574,0.7121339770985813,
20140407,Tr,randomise_1s,10min,305,0.539776691796631,
20140407,Tr,randomise_1s,10min,407,0.636698501739928,
20140407,Tr,randomise_1s,10min,184,0.3842902129980911,
20140407,Tr,randomise_1s,10min,328,0.5783979628920968,
20140407,Tr,randomise_1s,10min,437,0.6818634922260688,
20140407,Tr,randomise_1s,10min,757,0.7370306120612504,
20140407,Tr,randomise_1s,10min,497,0.6611537465589263,
20140407,Tr,randomise_1s,10min,1241,0.7388245285793593,
20140407,Tr,randomise_1s,10min,807,0.7108746630200977,
20140407,Tr,randomise_1s,10min,479,0.6558038323220897,
20140407,Tr,randomise_1s,10min,543,0.7270430872038197,
20140407,Tr,randomise_1s,10min,743,0.7582342423826126,
20140407,Tr,randomise_1s,10min,888,0.795706998315777,
20140407,Tr,randomise_1s,10min,313,0.5550129223781404,
20140407,Tr,randomise_1s,10min,277,0.4597568779757803,
20140407,Tr,randomise_1s,10min,353,0.5709080284524893,
20140407,Tr,randomise_1s,10min,408,0.6860476663019571,
20140407,Tr,randomise_1s,10min,834,0.7557551947285926,
20140407,Tr,randomise_1s,10min,519,0.7058835019077476,
20140407,Tr,randomise_1s,10min,467,0.6109388841066432,
20140407,Tr,randomise_1s,10min,362,0.7282778333839025,
20140407,Tr,randomise_1s,10min,399,0.7009001976738489,
20140407,Tr,randomise_1s,10min,250,0.6376202423386527,
20140407,Tr,randomise_1s,10min,339,0.7033437498629401,
20140407,Tr,randomise_1s,10min,806,0.8471520033522548,
20140407,Tr,randomise_1s,10min,270,0.6119745772066449,
20140407,Tr,randomise_1s,10min,284,0.6403057422151903,
20140407,Tr,randomise_1s,10min,375,0.6876119667764288,
20140407,Tr,randomise_1s,10min,173,0.6258549983506683,
20140407,Tr,randomise_1s,10min,171,0.5442137886823825,
20140407,Tr,randomise_1s,10min,295,0.5935037210618936,
20140407,Tr,randomise_1s,10min,473,0.6836574117161269,
20140407,Tr,randomise_1s,10min,322,0.6727419713413941,
20140407,Tr,randomise_1s,10min,200,0.6289496820704344,
20140407,Tr,randomise_1s,10min,208,0.6891043497823542,
20140407,Tr,randomise_1s,10min,335,0.7182330920256175,
20140407,Tr,randomise_1s,10min,229,0.5415709834758337,
20140407,Tr,randomise_1s,10min,374,0.5909680389370722,
20140407,Tr,randomise_1s,10min,182,0.4633954512010748,
20140407,Tr,randomise_1s,10min,289,0.6690022375949731,
20140407,Tr,randomise_1s,10min,309,0.5365612832345175,
20140407,Tr,randomise_1s,10min,593,0.6824561106710354,
20140407,Tr,randomise_1s,10min,319,0.651528638916574,
20140407,Tr,randomise_1s,10min,343,0.5986706633561512,
20140407,Tr,randomise_1s,10min,677,0.6534637062341404,
20140407,Tr,randomise_1s,10min,790,0.6235692688448768,
20140407,Tr,randomise_1s,10min,1413,0.7888894793401083,
20140407,Tr,randomise_1s,10min,588,0.6970225547658726,
20140407,Tr,randomise_1s,10min,713,0.7456069138561132,
20140407,Tr,randomise_1s,10min,386,0.637356076726668,
20140407,Tr,randomise_1s,10min,937,0.8227006350675418,
20140407,Tr,randomise_1s,10min,338,0.6147344156233299,
20140407,Tr,randomise_1s,10min,608,0.7919971002520491,
20140407,Tr,randomise_1s,10min,606,0.7823557646628224,
20140407,Tr,randomise_1s,10min,630,0.7176726398105788,
20140407,Tr,randomise_1s,10min,542,0.6371788021106292,
20140407,Tr,randomise_1s,10min,418,0.6685764227440384,
20140407,Tr,randomise_1s,10min,220,0.6454475841437975,
20140407,Tr,randomise_1s,10min,187,0.5972090527493055,
20140407,Tr,randomise_1s,10min,165,0.5931492303656416,
20140407,Tr,randomise_1s,10min,151,0.6400412905590652,
20140407,Tr,randomise_1s,10min,139,0.6342736224068264,
20140407,Tr,randomise_1s,10min,146,0.6188002231205333,
20140407,Tr,randomise_1s,10min,84,0.49678908606673405,
20140407,Tr,randomise_1s,10min,75,0.453654850631752,
20140407,Tr,randomise_1s,10min,58,0.5381130772569354,
20140407,Tr,randomise_1s,10min,47,0.24669323373887106,
20140407,Tr,randomise_1s,10min,32,0.34809366157142807,
20140407,Tr,randomise_1s,10min,32,0.37384640827478594,
20140407,Tr,randomise_1s,10min,33,0.2973086811710626,
20140407,Tr,randomise_1s,10min,87,0.5519855933245986,
20140407,Tr,randomise_1s,10min,65,0.7565113421841744,
20140407,Tr,randomise_1s,10min,44,0.38472918766992215,
20140407,Tr,randomise_1s,10min,32,0.6927049768534985,
20140407,Tr,randomise_1s,10min,25,0.586322918595535,
20140407,Tr,randomise_1s,10min,30,0.7314349036246114,
20140407,Tr,randomise_1s,10min,41,0.6037004813476147,
20140407,Tr,randomise_1s,10min,38,0.6648169653016058,
20140407,Tr,randomise_1s,10min,40,0.4245744809675998,
20140407,Tr,randomise_1s,10min,72,0.27719413301033385,
20140407,Tr,randomise_1s,10min,61,0.5412040249129493,
20140407,Tr,randomise_1s,10min,94,0.6305264487106739,
20140408,P,raw,day,9592,0.5442443779883281,0.9181946819846942
20140408,P,merge_0.001s,day,5282,0.4099210579544634,0.8618998303481227
20140408,P,merge_0.01s,day,4305,0.3976419552337249,0.8404439248175408
20140408,P,merge_0.1s,day,3460,0.5241392714275629,0.8266606770660191
20140408,P,randomise_1s,10min,157,0.8822318252037623,
20140408,P,randomise_1s,10min,30,0.6107296530152072,
20140408,P,randomise_1s,10min,86,0.7127894036583373,
20140408,P,randomise_1s,10min,97,0.6550384378396403,
20140408,P,randomise_1s,10min,154,0.7670744618143748,
20140408,P,randomise_1s,10min,151,0.6770019522030495,
20140408,P,randomise_1s,10min,111,0.664954800879724,
20140408,P,randomise_1s,10min,176,0.808328140732687,
20140408,P,randomise_1s,10min,124,0.6894914101829119,
20140408,P,randomise_1s,10min,137,0.7850227506189194,
20140408,P,randomise_1s,10min,83,0.7295807262241706,
20140408,P,randomise_1s,10min,68,0.5831253290539933,
20140408,P,randomise_1s,10min,235,0.7482267215517343,
20140408,P,randomise_1s,10min,171,0.6497668518940456,
20140408,P,randomise_1s,10min,134,0.619734934541327,
20140408,P,randomise_1s,10min,408,0.7457310354642163,
20140408,P,randomise_1s,10min,73,0.7104035703639823,
20140408,P,randomise_1s,10min,90,0.7317512444053725,
20140408,P,randomise_1s,10min,182,0.7560343400798657,
20140408,P,randomise_1s,10min,116,0.7101432930939172,
20140408,P,randomise_1s,10min,115,0.713584419419184,
20140408,P,randomise_1s,10min,244,0.7011354245210011,
20140408,P,randomise_1s,10min,70,0.7131644024980384,
20140408,P,randomise_1s,10min,148,0.7870827506347924,
20140408,P,randomise_1s,10min,115,0.6934676409129484,
20140408,P,randomise_1s,10min,67,0.7214506475545085,
20140408,P,randomise_1s,10min,123,0.863936462591118,
20140408,P,randomise_1s,10min,111,0.7945242404585328,
20140408,P,randomise_1s,10min,55,0.6941121508991549,
20140408,P,randomise_1s,10min,150,0.7771450248104791,
20140408,P,randomise_1s,10min,73,0.6511029517767462,
20140408,P,randomise_1s,10min,226,0.7921625456099586,
20140408,P,randomise_1s,10min,213,0.8250956334435177,
20140408,P,randomise_1s,10min,151,0.7652835305093819,
20140408,P,randomise_1s,10min,70,0.7679221074504481,
20140408,P,randomise_1s,10min,123,0.6991928348322645,
20140408,P,randomise_1s,10min,176,0.7630545239695189,
20140408,P,randomise_1s,10min,207,0.8445326807760435,
20140408,P,randomise_1s,10min,198,0.8025605542656451,
20140408,P,randomise_1s,10min,110,0.783869055134082,
20140408,P,randomise_1s,10min,63,0.6087724249842806,
20140408,P,randomise_1s,10min,164,0.7346336503475459,
20140408,P,randomise_1s,10min,88,0.570840983117972,
20140408,P,randomise_1s,10min,141,0.6821535305845142,
20140408,P,randomise_1s,10min,109,0.7142247049818811,
20140408,P,randomise_1s,10min,235,0.7557851116415104,
20140408,P,randomise_1s,10min,179,0.7573128210210562,
20140408,P,randomise_1s,10min,328,0.7461703446804646,
20140408,P,randomise_1s,10min,362,0.7752787162332974,
20140408,P,randomise_1s,10min,279,0.7428012972782033,
20140408,P,randomise_1s,10min,150,0.5968249404860886,
20140408,P,randomise_1s,10min,217,0.7149067680528027,
20140408,P,randomise_1s,10min,203,0.677066874601724,
20140408,P,randomise_1s,10min,146,0.707727723641836,
20140408,P,randomise_1s,10min,85,0.7628557963651009,
20140408,P,randomise_1s,10min,59,0.6578467112914783,
20140408,P,randomise_1s,10min,110,0.7485935302845897,
20140408,P,randomise_1s,10min,106,0.6128969072118641,
20140408,P,randomise_1s,10min,79,0.5968884712440088,
20140408,P,randomise_1s,10min,80,0.6631779377021039,
20140408,P,randomise_1s,10min,114,0.7687380270899546,
20140408,P,randomise_1s,10min,27,0.617943141531072,
20140408,P,randomise_1s,10min,23,0.4052599246547444,
20140408,P,randomise_1s,10min,52,0.6397386607547434,
20140408,P,randomise_1s,10min,27,0.6580318728493153,
20140408,P,randomise_1s,10min,21,0.5483070559417778,
20140408,P,randomise_1s,10min,36,0.48879800455919575,
20140408,P,randomise_1s,10min,23,0.590082674224367,
20140408,P,randomise_1s,10min,100,0.8714898619893524,
20140408,P,randomise_1s,10min,44,0.5763127509719594,
20140408,P,randomise_1s,10min,158,0.8753103209838975,
20140408,P,randomise_1s,10min,23,0.7229577885289806,
20140408,P,randomise_1s,10min,66,0.6721600919704575,
20140408,P,randomise_1s,10min,31,0.6635258922143105,
20140408,P,randomise_1s,10min,25,0.47959429204246407,
20140408,Tr,raw,day,31001,0.2913087282332051,0.9566611707764988
20140408,Tr,merge_0.001s,day,24651,0.6506348080413261,0.9444647392094129
20140408,Tr,merge_0.01s,day,21733,0.6861298321609338,0.9338188652549552
20140408,Tr,merge_0.1s,day,17839,0.7356066779941812,0.9211720120226358
20140408,Tr,randomise_1s,10min,535,0.6891590378586553,
20140408,Tr,randomise_1s,10min,253,0.48430545753255105,
20140408,Tr,randomise_1s,10min,315,0.6051006122793391,
20140408,Tr,randomise_1s,10min,398,0.6198302411976367,
20140408,Tr,randomise_1s,10min,279,0.6345944180864763,
20140408,Tr,randomise_1s,10min,307,0.5808980305765015,
20140408,Tr,randomise_1s,10min,749,0.7397882325087233,
20140408,Tr,randomise_1s,10min,863,0.8169042729741021,
20140408,Tr,randomise_1s,10min,674,0.7032398088563966,
20140408,Tr,randomise_1s,10min,582,0.7241408082335231,
20140408,Tr,randomise_1s,10min,414,0.6663468256177042,
20140408,Tr,randomise_1s,10min,560,0.806890330478697,
20140408,Tr,randomise_1s,10min,522,0.6223162677583663,
20140408,Tr,randomise_1s,10min,1013,0.6690237436450559,
20140408,Tr,randomise_1s,10min,516,0.6197480207886346,
20140408,Tr,randomise_1s,10min,936,0.7644632406707528,
20140408,Tr,randomise_1s,10min,233,0.6239405638454606,
20140408,Tr,randomise_1s,10min,392,0.7640084707837163,
20140408,Tr,randomise_1s,10min,552,0.7019509748077175,
20140408,Tr,randomise_1s,10min,385,0.6752543776138966,
20140408,Tr,randomise_1s,10min,354,0.6348627461619214,
20140408,Tr,randomise_1s,10min,685,0.646254289427664,
20140408,Tr,randomise_1s,10min,441,0.6667227148469521,
20140408,Tr,randomise_1s,10min,386,0.6392235169112411,
20140408,Tr,randomise_1s,10min,373,0.6617074933079073,
20140408,Tr,randomise_1s,10min,250,0.64202046606859,
20140408,Tr,randomise_1s,10min,211,0.6429258759667144,
20140408,Tr,randomise_1s,10min,239,0.6398289875782563,
20140408,Tr,randomise_1s,10min,305,0.7728383089501369,
20140408,Tr,randomise_1s,10min,368,0.7006173020855331,
20140408,Tr,randomise_1s,10min,514,0.8264017805283157,
20140408,Tr,randomise_1s,10min,415,0.6988801325397238,
20140408,Tr,randomise_1s,10min,326,0.7163611976502219,
20140408,Tr,randomise_1s,10min,304,0.6580126139452851,
20140408,Tr,randomise_1s,10min,281,0.7610860828692774,
20140408,Tr,randomise_1s,10min,533,0.7367356673354536,
20140408,Tr,randomise_1s,10min,832,0.8129681241998159,
20140408,Tr,randomise_1s,10min,876,0.8104654761012589,
20140408,Tr,randomise_1s,10min,553,0.5421537757702076,
20140408,Tr,randomise_1s,10min,324,0.5790971517330018,
20140408,Tr,randomise_1s,10min,209,0.4393595267579294,
20140408,Tr,randomise_1s,10min,470,0.8034256138172756,
20140408,Tr,randomise_1s,10min,382,0.7011511011807341,
20140408,Tr,randomise_1s,10min,475,0.6979977949872551,
20140408,Tr,randomise_1s,10min,449,0.7136463604339566,
20140408,Tr,randomise_1s,10min,970,0.7474324732303668,
20140408,Tr,randomise_1s,10min,1089,0.8240255950332709,
20140408,Tr,randomise_1s,10min,804,0.7322968896465595,
20140408,Tr,randomise_1s,10min,798,0.7301208134444385,
20140408,Tr,randomise_1s,10min,755,0.7945623887314566,
20140408,Tr,randomise_1s,10min,516,0.6876461810531784,
20140408,Tr,randomise_1s,10min,625,0.7236770045486086,
20140408,Tr,randomise_1s,10min,545,0.7369133186942107,
20140408,Tr,randomise_1s,10min,569,0.6582264488975595,
20140408,Tr,randomise_1s,10min,358,0.5731857166065996,
20140408,Tr,randomise_1s,10min,486,0.6858891946452514,
20140408,Tr,randomise_1s,10min,329,0.6103018669570078,
20140408,Tr,randomise_1s,10min,248,0.5662916270534585,
20140408,Tr,randomise_1s,10min,247,0.5582859872201511,
20140408,Tr,randomise_1s,10min,277,0.6251754470618665,
20140408,Tr,randomise_1s,10min,167,0.5365525992279948,
20140408,Tr,randomise_1s,10min,127,0.6853924159863635,
20140408,Tr,randomise_1s,10min,65,0.5721461096550775,
20140408,Tr,randomise_1s,10min,73,0.6017609522892284,
20140408,Tr,randomise_1s,10min,120,0.5094776970224772,
20140408,Tr,randomise_1s,10min,78,0.408789200287256,
20140408,Tr,randomise_1s,10min,38,0.536938488557612,
20140408,Tr,randomise_1s,10min,39,0.45560870263148606,
20140408,Tr,randomise_1s,10min,32,0.5137097809905148,
20140408,Tr,randomise_1s,10min,43,0.35792781594498835,
20140408,Tr,randomise_1s,10min,23,0.3527190328126035,
20140408,Tr,randomise_1s,10min,53,0.42752259467430015,
20140408,Tr,randomise_1s,10min,39,0.653396023986687,
20140408,Tr,randomise_1s,10min,61,0.6119993955960048,
20140408,Tr,randomise_1s,10min,54,0.5092951926526984,
20140408,Tr,randomise_1s,10min,26,0.5250946123375219,
20140408,Tr,randomise_1s,10min,35,0.5378649037311739,
20140408,Tr,randomise_1s,10min,31,0.5324405075890355,
20140408,Tr,randomise_1s,10min,32,0.40947337497203434,
20140408,Tr,randomise_1s,10min,50,0.4507545656979902,
20140408,Tr,randomise_1s,10min,36,0.4218994513583287,
20140408,Tr,randomise_1s,10min,31,0.4330704457297027,
20140409,P,raw,day,9037,0.547631252302473,0.9224475223071715
20140409,P,merge_0.001s,day,5005,0.45991345126318894,0.8669122900803837
20140409,P,merge_0.01s,day,4041,0.5436691531509298,0.8391751044093843
20140409,P,merge_0.1s,day,3214,0.5695950299980203,0.814526729064901
20140409,P,randomise_1s,10min,59,0.8504256744326998,
20140409,P,randomise_1s,10min,49,0.758513666926322,
20140409,P,randomise_1s,10min,126,0.7288531357976192,
20140409,P,randomise_1s,10min,124,0.7079178924235595,
20140409,P,randomise_1s,10min,153,0.7736435511012869,
20140409,P,randomise_1s,10min,342,0.8312127789864621,
20140409,P,randomise_1s,10min,339,0.804965805323473,
20140409,P,randomise_1s,10min,224,0.8088517875379935,
20140409,P,randomise_1s,10min,101,0.7295881989572064,
20140409,P,randomise_1s,10min,134,0.8336935606355286,
20140409,P,randomise_1s,10min,82,0.6433919012188378,
20140409,P,randomise_1s,10min,88,0.7134053470549968,
20140409,P,randomise_1s,10min,90,0.7037483450680392,
20140409,P,randomise_1s,10min,141,0.7592842739566166,
20140409,P,randomise_1s,10min,192,0.8572670490769809,
20140409,P,randomise_1s,10min,92,0.6292637591347504,
20140409,P,randomise_1s,10min,65,0.7308090458303091,
20140409,P,randomise_1s,10min,87,0.7194788979504795,
20140409,P,randomise_1s,10min,73,0.6978881319220576,
20140409,P,randomise_1s,10min,45,0.7067492960854748,
20140409,P,randomise_1s,10min,155,0.7951491671213207,
20140409,P,randomise_1s,10min,161,0.8324835635834646,
20140409,P,randomise_1s,10min,59,0.6833003601969005,
20140409,P,randomise_1s,10min,83,0.7139833075507778,
20140409,P,randomise_1s,10min,155,0.802124139171119,
20140409,P,randomise_1s,10min,96,0.8202689782451789,
20140409,P,randomise_1s,10min,48,0.8498077518931656,
20140409,P,randomise_1s,10min,20,0.694815970148735,
20140409,P,randomise_1s,10min,118,0.8463117539084573,
20140409,P,randomise_1s,10min,73,0.7357683115191062,
20140409,P,randomise_1s,10min,71,0.621737866482788,
20140409,P,randomise_1s,10min,113,0.7069337468821267,
20140409,P,randomise_1s,10min,241,0.8397822659207443,
20140409,P,randomise_1s,10min,149,0.815980477597352,
20140409,P,randomise_1s,10min,139,0.8180364498891909,
20140409,P,randomise_1s,10min,55,0.7607616729127195,
20140409,P,randomise_1s,10min,61,0.612672392199693,
20140409,P,randomise_1s,10min,130,0.7434817814151911,
20140409,P,randomise_1s,10min,59,0.6908742439951917,
20140409,P,randomise_1s,10min,143,0.8277203001977013,
20140409,P,randomise_1s,10min,147,0.8136013110759124,
20140409,P,randomise_1s,10min,90,0.801418303410124,
20140409,P,randomise_1s,10min,35,0.7272127270788855,
20140409,P,randomise_1s,10min,161,0.7297431570750653,
20140409,P,randomise_1s,10min,276,0.8042442961200259,
20140409,P,randomise_1s,10min,302,0.8313954454661238,
20140409,P,randomise_1s,10min,108,0.7359561162888354,
20140409,P,randomise_1s,10min,187,0.8242752696778715,
20140409,P,randomise_1s,10min,179,0.6788921380329286,
20140409,P,randomise_1s,10min,173,0.7613898303416087,
20140409,P,randomise_1s,10min,116,0.7060234875830114,
20140409,P,randomise_1s,10min,118,0.7000286484708363,
20140409,P,randomise_1s,10min,108,0.7629062893587749,
20140409,P,randomise_1s,10min,153,0.7782161626712579,
20140409,P,randomise_1s,10min,125,0.8402445927324353,
20140409,P,randomise_1s,10min,132,0.7723165059007463,
20140409,P,randomise_1s,10min,75,0.8387055233231724,
20140409,P,randomise_1s,10min,41,0.8133214647695478,
20140409,P,randomise_1s,10min,30,0.6219233380002686,
20140409,P,randomise_1s,10min,43,0.6146264545854914,
20140409,P,randomise_1s,10min,126,0.7161237088078221,
20140409,P,randomise_1s,10min,55,0.6621839546447038,
20140409,P,randomise_1s,10min,56,0.9014432269520983,
20140409,P,randomise_1s,10min,692,0.7982427299192738,
20140409,P,randomise_1s,10min,128,0.6753694076358296,
20140409,P,randomise_1s,10min,115,0.6638795098101162,
20140409,P,randomise_1s,10min,29,0.7420867167115289,
20140409,P,randomise_1s,10min,55,0.7116101841212416,
20140409,P,randomise_1s,10min,66,0.7655020643512596,
20140409,P,randomise_1s,10min,78,0.6911366486293995,
20140409,P,randomise_1s,10min,76,0.7501246270491626,
20140409,Tr,raw,day,27812,0.5407930558697067,0.9240288118033154
20140409,Tr,merge_0.001s,day,22749,0.5985841940382176,0.9093169028271715
20140409,Tr,merge_0.01s,day,20158,0.6390058739443158,0.8997066264875122
20140409,Tr,merge_0.1s,day,16165,0.7013379551508586,0.8893709610297031
20140409,Tr,randomise_1s,10min,242,0.7332576768583311,
20140409,Tr,randomise_1s,10min,211,0.6181971993254884,
20140409,Tr,randomise_1s,10min,272,0.6856024878678545,
20140409,Tr,randomise_1s,10min,287,0.7109939711244384,
20140409,Tr,randomise_1s,10min,173,0.7514420425507264,
20140409,Tr,randomise_1s,10min,1094,0.8211127559675129,
20140409,Tr,randomise_1s,10min,1068,0.7150021563119477,
20140409,Tr,randomise_1s,10min,467,0.6574037224371101,
20140409,Tr,randomise_1s,10min,442,0.591293912283049,
20140409,Tr,randomise_1s,10min,335,0.6439944328226569,
20140409,Tr,randomise_1s,10min,211,0.5204091982304061,
20140409,Tr,randomise_1s,10min,322,0.5785742510024685,
20140409,Tr,randomise_1s,10min,381,0.7421398072393031,
20140409,Tr,randomise_1s,10min,450,0.7403913275481175,
20140409,Tr,randomise_1s,10min,372,0.6547678685721471,
20140409,Tr,randomise_1s,10min,322,0.6139690585085994,
20140409,Tr,randomise_1s,10min,260,0.528717724208938,
20140409,Tr,randomise_1s,10min,295,0.6566303999606938,
20140409,Tr,randomise_1s,10min,344,0.5873931553806325,
20140409,Tr,randomise_1s,10min,196,0.567133024025493,
20140409,Tr,randomise_1s,10min,338,0.5590910258206511,
20140409,Tr,randomise_1s,10min,370,0.6174323345277786,
20140409,Tr,randomise_1s,10min,202,0.4599650087518177,
20140409,Tr,randomise_1s,10min,139,0.5431645750771645,
20140409,Tr,randomise_1s,10min,466,0.6631150974825475,
20140409,Tr,randomise_1s,10min,222,0.4879367277161139,
20140409,Tr,randomise_1s,10min,295,0.5938760154933782,
20140409,Tr,randomise_1s,10min,148,0.3825570347315052,
20140409,Tr,randomise_1s,10min,320,0.6576897060781418,
20140409,Tr,randomise_1s,10min,209,0.5372097014030859,
20140409,Tr,randomise_1s,10min,178,0.5592472764897365,
20140409,Tr,randomise_1s,10min,535,0.7094984925587557,
20140409,Tr,randomise_1s,10min,662,0.7165464914824117,
20140409,Tr,randomise_1s,10min,551,0.7284120710771778,
20140409,Tr,randomise_1s,10min,369,0.6784050547794073,
20140409,Tr,randomise_1s,10min,289,0.6268457092975438,
20140409,Tr,randomise_1s,10min,271,0.5630038416195169,
20140409,Tr,randomise_1s,10min,433,0.6122362352183275,
20140409,Tr,randomise_1s,10min,464,0.8275440747708289,
20140409,Tr,randomise_1s,10min,246,0.7246970222679952,
20140409,Tr,randomise_1s,10min,494,0.7604888214655937,
20140409,Tr,randomise_1s,10min,359,0.7765289644411797,
20140409,Tr,randomise_1s,10min,366,0.6964734271456609,
20140409,Tr,randomise_1s,10min,509,0.6061520314637637,
20140409,Tr,randomise_1s,10min,1045,0.8253221993925122,
20140409,Tr,randomise_1s,10min,1620,0.7406731402132894,
20140409,Tr,randomise_1s,10min,687,0.6338981676649027,
20140409,Tr,randomise_1s,10min,452,0.6277305543380987,
20140409,Tr,randomise_1s,10min,567,0.6645039612158671,
20140409,Tr,randomise_1s,10min,571,0.656723992333427,
20140409,Tr,randomise_1s,10min,338,0.5813205589293418,
20140409,Tr,randomise_1s,10min,840,0.709877833547581,
20140409,Tr,randomise_1s,10min,357,0.6137216622771521,
20140409,Tr,randomise_1s,10min,254,0.6191681889795929,
20140409,Tr,randomise_1s,10min,302,0.581959320978632,
20140409,Tr,randomise_1s,10min,577,0.7854222845714695,
20140409,Tr,randomise_1s,10min,261,0.42621619921071635,
20140409,Tr,randomise_1s,10min,109,0.3071550286631382,
20140409,Tr,randomise_1s,10min,241,0.6965440415436798,
20140409,Tr,randomise_1s,10min,220,0.6174193998907318,
20140409,Tr,randomise_1s,10min,254,0.6870428974872479,
20140409,Tr,randomise_1s,10min,81,0.45048195936831015,
20140409,Tr,randomise_1s,10min,56,0.30113863680942,
20140409,Tr,randomise_1s,10min,80,0.5012624433922955,
20140409,Tr,randomise_1s,10min,63,0.42484684885935153,
20140409,Tr,randomise_1s,10min,82,0.5563941273023766,
20140409,Tr,randomise_1s,10min,189,0.6649264186715449,
20140409,Tr,randomise_1s,10min,104,0.48446807573174133,
20140409,Tr,randomise_1s,10min,65,0.6281084643807737,
20140409,Tr,randomise_1s,10min,29,0.5817956249885788,
20140409,Tr,randomise_1s,10min,48,0.6807273467603037,
20140409,Tr,randomise_1s,10min,57,0.6437923793513635,
20140409,Tr,randomise_1s,10min,824,0.7046809105364512,
20140409,Tr,randomise_1s,10min,189,0.6379282967750098,
20140409,Tr,randomise_1s,10min,312,0.6872057898555749,
20140409,Tr,randomise_1s,10min,91,0.3275376496337178,
20140409,Tr,randomise_1s,10min,116,0.4696694279890666,
20140409,Tr,randomise_1s,10min,112,0.29492200830044535,
20140409,Tr,randomise_1s,10min,109,0.6866318184721545,
20140409,Tr,randomise_1s,10min,42,0.3007134769823766,
20140409,Tr,randomise_1s,10min,45,0.45413556099746405,
20140409,Tr,randomise_1s,10min,67,0.27023865282245474,
20140409,Tr,randomise_1s,10min,66,0.44497626130511103,
20140410,P,raw,day,12826,0.5443512120512013,0.9102996204152706
20140410,P,merge_0.001s,day,7166,0.4610933489279956,0.8424071581315776
20140410,P,merge_0.01s,day,5743,0.4784905735176948,0.8065499866350988
20140410,P,merge_0.1s,day,4431,0.49975501385080573,0.787890754415366
20140410,P,randomise_1s,10min,204,0.8658653594288384,
20140410,P,randomise_1s,10min,192,0.8155690113337762,
20140410,P,randomise_1s,10min,107,0.8383652846334897,
20140410,P,randomise_1s,10min,138,0.8323725002484652,
20140410,P,randomise_1s,10min,173,0.7434468443378512,
20140410,P,randomise_1s,10min,78,0.8074388526022904,
20140410,P,randomise_1s,10min,358,0.800270535736146,
20140410,P,randomise_1s,10min,162,0.7293042722291638,
20140410,P,randomise_1s,10min,71,0.6616218431637891,
20140410,P,randomise_1s,10min,116,0.7163287426203269,
20140410,P,randomise_1s,10min,183,0.714049627841484,
20140410,P,randomise_1s,10min,78,0.6287942354746453,
20140410,P,randomise_1s,10min,190,0.8102447626183773,
20140410,P,randomise_1s,10min,75,0.6566561041390108,
20140410,P,randomise_1s,10min,57,0.7784908240578731,
20140410,P,randomise_1s,10min,52,0.7680021200644446,
20140410,P,randomise_1s,10min,62,0.7701855684413647,
20140410,P,randomise_1s,10min,110,0.7667964728232792,
20140410,P,randomise_1s,10min,332,0.7990439197360767,
20140410,P,randomise_1s,10min,243,0.841813951232045,
20140410,P,randomise_1s,10min,213,0.7646567462551102,
20140410,P,randomise_1s,10min,99,0.6778319859223759,
20140410,P,randomise_1s,10min,121,0.7247147891609752,
20140410,P,randomise_1s,10min,155,0.768226561773065,
20140410,P,randomise_1s,10min,147,0.7000095574309153,
20140410,P,randomise_1s,10min,239,0.7592809315526122,
20140410,P,randomise_1s,10min,132,0.725955858481113,
20140410,P,randomise_1s,10min,169,0.8127051152441006,
20140410,P,randomise_1s,10min,165,0.7883105092664032,
20140410,P,randomise_1s,10min,125,0.7576725472990999,
20140410,P,randomise_1s,10min,163,0.7937550069495228,
20140410,P,randomise_1s,10min,106,0.7516140845684083,
20140410,P,randomise_1s,10min,124,0.6912362939006462,
20140410,P,randomise_1s,10min,246,0.859261471843625,
20140410,P,randomise_1s,10min,114,0.6790267623404366,
20140410,P,randomise_1s,10min,184,0.749741850262673,
20140410,P,randomise_1s,10min,137,0.8002005554573141,
20140410,P,randomise_1s,10min,147,0.723341226464307,
20140410,P,randomise_1s,10min,246,0.8130887459304802,
20140410,P,randomise_1s,10min,811,0.8439580709391087,
20140410,P,randomise_1s,10min,365,0.83890817561054,
20140410,P,randomise_1s,10min,377,0.8390494829243049,
20140410,P,randomise_1s,10min,327,0.7562926547134405,
20140410,P,randomise_1s,10min,160,0.6959174325854318,
20140410,P,randomise_1s,10min,162,0.7800357312572838,
20140410,P,randomise_1s,10min,192,0.7792618899794708,
20140410,P,randomise_1s,10min,247,0.7232094666178192,
20140410,P,randomise_1s,10min,174,0.7589037847019084,
20140410,P,randomise_1s,10min,263,0.7729913511487515,
20140410,P,randomise_1s,10min,293,0.7488607071352977,
20140410,P,randomise_1s,10min,293,0.7554758217870956,
20140410,P,randomise_1s,10min,204,0.7015062585927687,
20140410,P,randomise_1s,10min,265,0.8092204667336619,
20140410,P,randomise_1s,10min,154,0.6925300394565622,
20140410,P,randomise_1s,10min,235,0.7746372755213813,
20140410,P,randomise_1s,10min,239,0.7070065692783802,
20140410,P,randomise_1s,10min,321,0.7640002089758375,
20140410,P,randomise_1s,10min,185,0.784315962331568,
20140410,P,randomise_1s,10min,26,0.6030302655048941,
20140410,P,randomise_1s,10min,71,0.6698115931620456,
20140410,P,randomise_1s,10min,65,0.606026285155403,
20140410,P,randomise_1s,10min,99,0.6893242185534186,
20140410,P,randomise_1s,10min,77,0.7423502777624701,
20140410,P,randomise_1s,10min,73,0.6198207929214065,
20140410,P,randomise_1s,10min,33,0.5409489291347918,
20140410,P,randomise_1s,10min,75,0.6225149684997285,
20140410,P,randomise_1s,10min,93,0.7399294526322082,
20140410,P,randomise_1s,10min,161,0.6538036604568214,
20140410,P,randomise_1s,10min,75,0.6805344005626933,
20140410,P,randomise_1s,10min,91,0.6867109126488176,
20140410,P,randomise_1s,10min,74,0.6179913577530203,
20140410,P,randomise_1s,10min,25,0.3718908173426446,
20140410,P,randomise_1s,10min,27,0.5680423662973374,
20140410,P,randomise_1s,10min,42,0.6764955590849699,
20140410,P,randomise_1s,10min,26,0.5670273417377857,
20140410,P,randomise_1s,10min,51,0.6003684447838933,
20140410,P,randomise_1s,10min,23,0.5115534245195349,
20140410,P,randomise_1s,10min,44,0.6647336784389445,
20140410,P,randomise_1s,10min,91,0.6904241854741192,
20140410,P,randomise_1s,10min,81,0.8710273489418998,
20140410,P,randomise_1s,10min,64,0.7400774972688443,
20140410,Tr,raw,day,33721,0.38355123286016113,0.9428318891175822
20140410,Tr,merge_0.001s,day,26479,0.5451677503676584,0.9265173364809972
20140410,Tr,merge_0.01s,day,22636,0.59345682151243,0.9135315196434886
20140410,Tr,merge_0.1s,day,17724,0.7073256073343943,0.9109049480179616
20140410,Tr,randomise_1s,10min,698,0.798262201535712,
20140410,Tr,randomise_1s,10min,552,0.6778836553205269,
20140410,Tr,randomise_1s,10min,571,0.6170790080148005,
20140410,Tr,randomise_1s,10min,785,0.805098824114683,
20140410,Tr,randomise_1s,10min,1298,0.7486003030693358,
20140410,Tr,randomise_1s,10min,483,0.565609308431513,
20140410,Tr,randomise_1s,10min,1105,0.667422504627822,
20140410,Tr,randomise_1s,10min,486,0.5986755528251014,
20140410,Tr,randomise_1s,10min,365,0.5821789425336196,
20140410,Tr,randomise_1s,10min,404,0.6396986010367212,
20140410,Tr,randomise_1s,10min,490,0.6492089912855444,
20140410,Tr,randomise_1s,10min,369,0.7055746293141211,
20140410,Tr,randomise_1s,10min,413,0.6194468868701313,
20140410,Tr,randomise_1s,10min,274,0.6121050924124062,
20140410,Tr,randomise_1s,10min,311,0.7004294243312004,
20140410,Tr,randomise_1s,10min,246,0.5994097765974402,
20140410,Tr,randomise_1s,10min,211,0.5512744857130235,
20140410,Tr,randomise_1s,10min,347,0.629673032471199,
20140410,Tr,randomise_1s,10min,856,0.752108183688453,
20140410,Tr,randomise_1s,10min,881,0.6933664936068819,
20140410,Tr,randomise_1s,10min,898,0.7592172418060064,
20140410,Tr,randomise_1s,10min,520,0.6619107179744769,
20140410,Tr,randomise_1s,10min,544,0.7163737408808416,
20140410,Tr,randomise_1s,10min,694,0.7244653933344468,
20140410,Tr,randomise_1s,10min,401,0.5856786006249348,
20140410,Tr,randomise_1s,10min,885,0.7311000541554604,
20140410,Tr,randomise_1s,10min,463,0.67430150500288,
20140410,Tr,randomise_1s,10min,267,0.5352665123365873,
20140410,Tr,randomise_1s,10min,261,0.6537808889335834,
20140410,Tr,randomise_1s,10min,256,0.5388035723615018,
20140410,Tr,randomise_1s,10min,274,0.5812386172988755,
20140410,Tr,randomise_1s,10min,273,0.6802206781298118,
20140410,Tr,randomise_1s,10min,569,0.7128378488731397,
20140410,Tr,randomise_1s,10min,563,0.707068924100007,
20140410,Tr,randomise_1s,10min,240,0.6384892881927519,
20140410,Tr,randomise_1s,10min,284,0.5707559037622386,
20140410,Tr,randomise_1s,10min,199,0.6252564734760907,
20140410,Tr,randomise_1s,10min,297,0.6040224751295146,
20140410,Tr,randomise_1s,10min,239,0.5046275444699208,
20140410,Tr,randomise_1s,10min,1460,0.8001865111781071,
20140410,Tr,randomise_1s,10min,1017,0.7823362955867754,
20140410,Tr,randomise_1s,10min,899,0.7587333669379694,
20140410,Tr,randomise_1s,10min,846,0.7150135243392793,
20140410,Tr,randomise_1s,10min,334,0.5707603787734596,
20140410,Tr,randomise_1s,10min,361,0.5918855220823817,
20140410,Tr,randomise_1s,10min,402,0.5815380781043796,
20140410,Tr,randomise_1s,10min,348,0.6108057744914613,
20140410,Tr,randomise_1s,10min,353,0.5424002348704645,
20140410,Tr,randomise_1s,10min,315,0.5796105739835041,
20140410,Tr,randomise_1s,10min,454,0.6885680063346655,
20140410,Tr,randomise_1s,10min,477,0.6193458315312966,
20140410,Tr,randomise_1s,10min,398,0.6357666291224829,
20140410,Tr,randomise_1s,10min,563,0.6882309122933064,
20140410,Tr,randomise_1s,10min,486,0.6396693259436808,
20140410,Tr,randomise_1s,10min,596,0.677028447022202,
20140410,Tr,randomise_1s,10min,746,0.6850069632435025,
20140410,Tr,randomise_1s,10min,582,0.6179659081924148,
20140410,Tr,randomise_1s,10min,370,0.6464265211817009,
20140410,Tr,randomise_1s,10min,159,0.518538284864997,
20140410,Tr,randomise_1s,10min,203,0.5627746569558872,
20140410,Tr,randomise_1s,10min,180,0.5840286054206807,
20140410,Tr,randomise_1s,10min,316,0.5157083287557648,
20140410,Tr,randomise_1s,10min,224,0.6285756165369581,
20140410,Tr,randomise_1s,10min,131,0.5354770244740795,
20140410,Tr,randomise_1s,10min,102,0.449935965012438,
20140410,Tr,randomise_1s,10min,158,0.6075162752319442,
20140410,Tr,randomise_1s,10min,126,0.5346899742301612,
20140410,Tr,randomise_1s,10min,322,0.6970226785105683,
20140410,Tr,randomise_1s,10min,149,0.5746248443823159,
20140410,Tr,randomise_1s,10min,86,0.531102764673086,
20140410,Tr,randomise_1s,10min,48,0.1797180219518848,
20140410,Tr,randomise_1s,10min,66,0.5869605864159044,
20140410,Tr,randomise_1s,10min,57,0.46137207840329925,
20140410,Tr,randomise_1s,10min,38,0.5437222377235531,
20140410,Tr,randomise_1s,10min,20,0.19506190188367803,
20140410,Tr,randomise_1s,10min,59,0.43926526913983693,
20140410,Tr,randomise_1s,10min,75,0.5804673508859998,
20140410,Tr,randomise_1s,10min,56,0.527526785004825,
20140410,Tr,randomise_1s,10min,151,0.7077234694433812,
20140410,Tr,randomise_1s,10min,247,0.6110792658999536,
20140410,Tr,randomise_1s,10min,307,0.8130440283046086,
20140410,Tr,randomise_1s,10min,52,0.3201943262101657,
20140411,P,raw,day,14897,0.5680293174085962,0.9458679905955958
20140411,P,merge_0.001s,day,7735,0.4226556552772041,0.9119910393093678
20140411,P,merge_0.01s,day,6317,0.47908387242585504,0.8978877666857148
20140411,P,merge_0.1s,day,5020,0.594585624710829,0.8877007636466461
20140411,P,randomise_1s,10min,196,0.769432747825782,
20140411,P,randomise_1s,10min,67,0.7135509365898698,
20140411,P,randomise_1s,10min,60,0.7159094877029327,
20140411,P,randomise_1s,10min,75,0.727599541624029,
20140411,P,randomise_1s,10min,48,0.6715373368103651,
20140411,P,randomise_1s,10min,78,0.6805061570788482,
20140411,P,randomise_1s,10min,166,0.7778999252794425,
20140411,P,randomise_1s,10min,164,0.8610688935801109,
20140411,P,randomise_1s,10min,87,0.8294897217279344,
20140411,P,randomise_1s,10min,93,0.7332109698383257,
20140411,P,randomise_1s,10min,158,0.8371290343318778,
20140411,P,randomise_1s,10min,119,0.6884265818624752,
20140411,P,randomise_1s,10min,88,0.7088137081991532,
20140411,P,randomise_1s,10min,190,0.7923466400595436,
20140411,P,randomise_1s,10min,129,0.7691796907364955,
20140411,P,randomise_1s,10min,139,0.7596722153605934,
20140411,P,randomise_1s,10min,118,0.6848439254118754,
20140411,P,randomise_1s,10min,138,0.7168962980417113,
20140411,P,randomise_1s,10min,188,0.7774016265080879,
20140411,P,randomise_1s,10min,213,0.8202556820823343,
20140411,P,randomise_1s,10min,206,0.7805559476866635,
20140411,P,randomise_1s,10min,162,0.7453037745297406,
20140411,P,randomise_1s,10min,115,0.7057649353051054,
20140411,P,randomise_1s,10min,196,0.7971649132162146,
20140411,P,randomise_1s,10min,168,0.7257405818640509,
20140411,P,randomise_1s,10min,185,0.7599477194391542,
20140411,P,randomise_1s,10min,74,0.6469935079225819,
20140411,P,randomise_1s,10min,95,0.7995887675344442,
20140411,P,randomise_1s,10min,85,0.6015420836547305,
20140411,P,randomise_1s,10min,65,0.6711790260285597,
20140411,P,randomise_1s,10min,203,0.6790833354462457,
20140411,P,randomise_1s,10min,110,0.7207652408350902,
20140411,P,randomise_1s,10min,298,0.7555893803036594,
20140411,P,randomise_1s,10min,575,0.8127351533292124,
20140411,P,randomise_1s,10min,400,0.7377331184246977,
20140411,P,randomise_1s,10min,335,0.8176781707975006,
20140411,P,randomise_1s,10min,378,0.7681147621485932,
20140411,P,randomise_1s,10min,301,0.6342167566871783,
20140411,P,randomise_1s,10min,205,0.6988995194279545,
20140411,P,randomise_1s,10min,639,0.8032571895662334,
20140411,P,randomise_1s,10min,397,0.7586341030468355,
20140411,P,randomise_1s,10min,216,0.6932739420750935,
20140411,P,randomise_1s,10min,136,0.64478613387691,
20140411,P,randomise_1s,10min,95,0.570692812883995,
20140411,P,randomise_1s,10min,223,0.7049087227335087,
20140411,P,randomise_1s,10min,479,0.6955275129986169,
20140411,P,randomise_1s,10min,563,0.7374547061621556,
20140411,P,randomise_1s,10min,767,0.8698099147435433,
20140411,P,randomise_1s,10min,520,0.762499326210521,
20140411,P,randomise_1s,10min,437,0.7527408857555401,
20140411,P,randomise_1s,10min,384,0.7654317971494847,
20140411,P,randomise_1s,10min,448,0.7937302254501986,
20140411,P,randomise_1s,10min,334,0.8319259121782874,
20140411,P,randomise_1s,10min,326,0.7182646080791645,
20140411,P,randomise_1s,10min,124,0.7222787315102368,
20140411,P,randomise_1s,10min,126,0.627910397109979,
20140411,P,randomise_1s,10min,232,0.7776952058455835,
20140411,P,randomise_1s,10min,183,0.7815552868190175,
20140411,P,randomise_1s,10min,183,0.7256294396699848,
20140411,P,randomise_1s,10min,221,0.8331706982617831,
20140411,P,randomise_1s,10min,100,0.6395308676630127,
20140411,P,randomise_1s,10min,25,0.672819615598362,
20140411,P,randomise_1s,10min,80,0.851686476118892,
20140411,P,randomise_1s,10min,34,0.5944995211863306,
20140411,P,randomise_1s,10min,20,0.7985022287864506,
20140411,P,randomise_1s,10min,43,0.6633053997597773,
20140411,P,randomise_1s,10min,36,0.5297450742865946,
20140411,P,randomise_1s,10min,80,0.5157958184728283,
20140411,P,randomise_1s,10min,57,0.6918693096654125,
20140411,P,randomise_1s,10min,39,0.6508569135611701,
20140411,P,randomise_1s,10min,149,0.8423691979128769,
20140411,P,randomise_1s,10min,36,0.6261122654907791,
20140411,P,randomise_1s,10min,36,0.6571151505807736,
20140411,P,randomise_1s,10min,119,0.686878697209866,
20140411,P,randomise_1s,10min,58,0.751125575728611,
20140411,P,randomise_1s,10min,26,0.80538343124227,
20140411,P,randomise_1s,10min,76,0.7308958470350945,
20140411,P,randomise_1s,10min,72,0.7356709940352241,
20140411,P,randomise_1s,10min,36,0.6498403318207119,
20140411,Tr,raw,day,35346,0.31147433310674666,0.9617085316853429
20140411,Tr,merge_0.001s,day,27926,0.6296518856090672,0.9521808189466464
20140411,Tr,merge_0.01s,day,24238,0.6736473040794794,0.9426292188945776
20140411,Tr,merge_0.1s,day,19096,0.7677448527086135,0.9356273716284182
20140411,Tr,randomise_1s,10min,865,0.740130109041366,
20140411,Tr,randomise_1s,10min,284,0.5487493387127959,
20140411,Tr,randomise_1s,10min,160,0.4925527408960573,
20140411,Tr,randomise_1s,10min,238,0.5707980066368887,
20140411,Tr,randomise_1s,10min,189,0.5594301284827381,
20140411,Tr,randomise_1s,10min,156,0.4453489270711002,
20140411,Tr,randomise_1s,10min,436,0.7016835776325991,
20140411,Tr,randomise_1s,10min,402,0.6815757730385997,
20140411,Tr,randomise_1s,10min,299,0.5734034402444652,
20140411,Tr,randomise_1s,10min,418,0.6149563353643949,
20140411,Tr,randomise_1s,10min,558,0.7542402357722274,
20140411,Tr,randomise_1s,10min,304,0.6331728017299415,
20140411,Tr,randomise_1s,10min,318,0.6817762541111226,
20140411,Tr,randomise_1s,10min,378,0.6629513656487551,
20140411,Tr,randomise_1s,10min,257,0.7197364522292006,
20140411,Tr,randomise_1s,10min,250,0.5905358691124677,
20140411,Tr,randomise_1s,10min,333,0.6600813796891787,
20140411,Tr,randomise_1s,10min,279,0.5503817582735521,
20140411,Tr,randomise_1s,10min,361,0.5798820936418807,
20140411,Tr,randomise_1s,10min,575,0.7533204726520121,
20140411,Tr,randomise_1s,10min,503,0.60813349654187,
20140411,Tr,randomise_1s,10min,430,0.6081224154950453,
20140411,Tr,randomise_1s,10min,484,0.7252920445977221,
20140411,Tr,randomise_1s,10min,466,0.678746764612083,
20140411,Tr,randomise_1s,10min,465,0.7384523585519659,
20140411,Tr,randomise_1s,10min,472,0.7598866950149743,
20140411,Tr,randomise_1s,10min,262,0.7392397922873234,
20140411,Tr,randomise_1s,10min,292,0.7942195063186853,
20140411,Tr,randomise_1s,10min,294,0.6160456725151742,
20140411,Tr,randomise_1s,10min,125,0.48125082712147105,
20140411,Tr,randomise_1s,10min,394,0.6381378430742669,
20140411,Tr,randomise_1s,10min,500,0.7033976770071638,
20140411,Tr,randomise_1s,10min,1219,0.7445101714778323,
20140411,Tr,randomise_1s,10min,1443,0.7723290842305837,
20140411,Tr,randomise_1s,10min,1255,0.7657789750133736,
20140411,Tr,randomise_1s,10min,1016,0.7097228514624396,
20140411,Tr,randomise_1s,10min,817,0.6499437627870712,
20140411,Tr,randomise_1s,10min,626,0.5978854764406963,
20140411,Tr,randomise_1s,10min,393,0.4487710989272722,
20140411,Tr,randomise_1s,10min,1052,0.7335492606025045,
20140411,Tr,randomise_1s,10min,1074,0.6967591073219311,
20140411,Tr,randomise_1s,10min,677,0.6584544375332537,
20140411,Tr,randomise_1s,10min,428,0.6869993536110853,
20140411,Tr,randomise_1s,10min,221,0.5115384341151819,
20140411,Tr,randomise_1s,10min,420,0.6000448616467695,
20140411,Tr,randomise_1s,10min,1203,0.7903075389337126,
20140411,Tr,randomise_1s,10min,663,0.6362013473249907,
20140411,Tr,randomise_1s,10min,954,0.7711966082982097,
20140411,Tr,randomise_1s,10min,764,0.6821286635748721,
20140411,Tr,randomise_1s,10min,1054,0.6786902864739351,
20140411,Tr,randomise_1s,10min,825,0.7301040742920444,
20140411,Tr,randomise_1s,10min,994,0.7654186988024947,
20140411,Tr,randomise_1s,10min,752,0.678538755138429,
20140411,Tr,randomise_1s,10min,910,0.6900950257337398,
20140411,Tr,randomise_1s,10min,836,0.7953238554577093,
20140411,Tr,randomise_1s,10min,793,0.7507136052348075,
20140411,Tr,randomise_1s,10min,350,0.5239511061587077,
20140411,Tr,randomise_1s,10min,342,0.6650026948995109,
20140411,Tr,randomise_1s,10min,261,0.6583826379454001,
20140411,Tr,randomise_1s,10min,274,0.7043161438981438,
20140411,Tr,randomise_1s,10min,251,0.6518523291607077,
20140411,Tr,randomise_1s,10min,87,0.5709058215499319,
20140411,Tr,randomise_1s,10min,117,0.6972657662828051,
20140411,Tr,randomise_1s,10min,83,0.5108790350459766,
20140411,Tr,randomise_1s,10min,87,0.5615729496742519,
20140411,Tr,randomise_1s,10min,92,0.5425545715951995,
20140411,Tr,randomise_1s,10min,34,0.44088538446182457,
20140411,Tr,randomise_1s,10min,33,0.5274734682513038,
20140411,Tr,randomise_1s,10min,38,0.7022311527258945,
20140411,Tr,randomise_1s,10min,36,0.42796846677824635,
20140411,Tr,randomise_1s,10min,66,0.6538748506980635,
20140411,Tr,randomise_1s,10min,128,0.6683860859721855,
20140411,Tr,randomise_1s,10min,44,0.5545309773354311,
20140411,Tr,randomise_1s,10min,155,0.7704608539596516,
20140411,Tr,randomise_1s,10min,65,0.6256527036967486,
20140411,Tr,randomise_1s,10min,22,0.5221028886708785,
20140411,Tr,randomise_1s,10min,38,0.5015657976128671,
20140411,Tr,randomise_1s,10min,119,0.6075980543216533,
20140411,Tr,randomise_1s,10min,84,0.7386446268437733,
20140411,Tr,randomise_1s,10min,22,0.5557985636645875,
20140411,Tr,randomise_1s,10min,81,0.6409914965726584,
20140411,Tr,randomise_1s,10min,87,0.7039312624306956,
20140411,Tr,randomise_1s,10min,91,0.6603338495386031,
20140414,P,raw,day,9782,0.583578769075923,0.9483738300948796
20140414,P,merge_0.001s,day,4985,0.4965775821236511,0.9066051958951925
20140414,P,merge_0.01s,day,4006,0.5382471855070555,0.8881547607206289
20140414,P,merge_0.1s,day,3123,0.6198869970394036,0.8859768068915792
20140414,P,randomise_1s,10min,451,0.8528484736265679,
20140414,P,randomise_1s,10min,200,0.8049523520377688,
20140414,P,randomise_1s,10min,116,0.7182808620438764,
20140414,P,randomise_1s,10min,246,0.8633213470712554,
20140414,P,randomise_1s,10min,107,0.8305976485915159,
20140414,P,randomise_1s,10min,145,0.888538511810454,
20140414,P,randomise_1s,10min,403,0.8233775322149177,
20140414,P,randomise_1s,10min,145,0.831455467942249,
20140414,P,randomise_1s,10min,99,0.7220996308197024,
20140414,P,randomise_1s,10min,98,0.7878771469740606,
20140414,P,randomise_1s,10min,128,0.8198644907761631,
20140414,P,randomise_1s,10min,83,0.8202370605507457,
20140414,P,randomise_1s,10min,126,0.8271099019932657,
20140414,P,randomise_1s,10min,123,0.7647095264620488,
20140414,P,randomise_1s,10min,97,0.6800421546446456,
20140414,P,randomise_1s,10min,145,0.8059614605850476,
20140414,P,randomise_1s,10min,73,0.8226811065463532,
20140414,P,randomise_1s,10min,131,0.8308802634720251,
20140414,P,randomise_1s,10min,81,0.7270835810967292,
20140414,P,randomise_1s,10min,159,0.8213212378088719,
20140414,P,randomise_1s,10min,250,0.7666809444633537,
20140414,P,randomise_1s,10min,39,0.7074217392178561,
20140414,P,randomise_1s,10min,129,0.8083312221328579,
20140414,P,randomise_1s,10min,35,0.5703162860131956,
20140414,P,randomise_1s,10min,118,0.8262582463456595,
20140414,P,randomise_1s,10min,109,0.7496034326634352,
20140414,P,randomise_1s,10min,56,0.7115347438776977,
20140414,P,randomise_1s,10min,87,0.6951955304841474,
20140414,P,randomise_1s,10min,44,0.8313199237692811,
20140414,P,randomise_1s,10min,96,0.6666925572618684,
20140414,P,randomise_1s,10min,92,0.7925150910693755,
20140414,P,randomise_1s,10min,79,0.720668475640782,
20140414,P,randomise_1s,10min,48,0.6091332376532012,
20140414,P,randomise_1s,10min,52,0.7798137105674139,
20140414,P,randomise_1s,10min,143,0.7867616132559041,
20140414,P,randomise_1s,10min,238,0.8616372407450336,
20140414,P,randomise_1s,10min,198,0.8457540096314258,
20140414,P,randomise_1s,10min,337,0.8442361900474039,
20140414,P,randomise_1s,10min,225,0.6730614893668083,
20140414,P,randomise_1s,10min,926,0.8991569548190265,
20140414,P,randomise_1s,10min,100,0.6465368577304829,
20140414,P,randomise_1s,10min,219,0.7556604947820001,
20140414,P,randomise_1s,10min,145,0.8053643367489275,
20140414,P,randomise_1s,10min,127,0.817971398433589,
20140414,P,randomise_1s,10min,69,0.7243961849086991,
20140414,P,randomise_1s,10min,276,0.7330237430700373,
20140414,P,randomise_1s,10min,226,0.7729321107543915,
20140414,P,randomise_1s,10min,230,0.7287563490090391,
20140414,P,randomise_1s,10min,161,0.6590763393917018,
20140414,P,randomise_1s,10min,126,0.6566520111017395,
20140414,P,randomise_1s,10min,189,0.7481170812224055,
20140414,P,randomise_1s,10min,203,0.7569246292780625,
20140414,P,randomise_1s,10min,119,0.7592013576731578,
20140414,P,randomise_1s,10min,104,0.7190903673792354,
20140414,P,randomise_1s,10min,315,0.7539670324523354,
20140414,P,randomise_1s,10min,116,0.7825358961145249,
20140414,P,randomise_1s,10min,51,0.7938364554522641,
20140414,P,randomise_1s,10min,101,0.7895888090144222,
20140414,P,randomise_1s,10min,56,0.8152825332093858,
20140414,P,randomise_1s,10min,40,0.8500367545009515,
20140414,P,randomise_1s,10min,22,0.8164482115766749,
20140414,P,randomise_1s,10min,20,0.8485220542632079,
20140414,P,randomise_1s,10min,37,0.843882734825618,
20140414,P,randomise_1s,10min,36,0.6161521658425887,
20140414,P,randomise_1s,10min,35,0.7566022805075613,
20140414,P,randomise_1s,10min,32,0.6765823882451046,
20140414,P,randomise_1s,10min,44,0.6358205181078671,
20140414,P,randomise_1s,10min,27,0.4976255438177537,
20140414,Tr,raw,day,27933,0.6429862195009594,0.9618576447402543
20140414,Tr,merge_0.001s,day,22634,0.6667630784737515,0.9533179475127418
20140414,Tr,merge_0.01s,day,19601,0.7003960397686817,0.9424995248057911
20140414,Tr,merge_0.1s,day,15714,0.7757268335574127,0.9343303420240806
20140414,Tr,randomise_1s,10min,739,0.7024861568650547,
20140414,Tr,randomise_1s,10min,315,0.6989343233164285,
20140414,Tr,randomise_1s,10min,172,0.5040650810748736,
20140414,Tr,randomise_1s,10min,283,0.6181811424959772,
20140414,Tr,randomise_1s,10min,247,0.5894519431240085,
20140414,Tr,randomise_1s,10min,224,0.5120381940013627,
20140414,Tr,randomise_1s,10min,676,0.6662823771939158,
20140414,Tr,randomise_1s,10min,468,0.7548071810711457,
20140414,Tr,randomise_1s,10min,704,0.8518757343599714,
20140414,Tr,randomise_1s,10min,324,0.647270984252586,
20140414,Tr,randomise_1s,10min,317,0.7381204523074941,
20140414,Tr,randomise_1s,10min,434,0.7725757541863466,
20140414,Tr,randomise_1s,10min,392,0.6427552847295139,
20140414,Tr,randomise_1s,10min,990,0.839871978533165,
20140414,Tr,randomise_1s,10min,609,0.7696741484603769,
20140414,Tr,randomise_1s,10min,380,0.7012993918234883,
20140414,Tr,randomise_1s,10min,412,0.6882413188188135,
20140414,Tr,randomise_1s,10min,851,0.8423542557073351,
20140414,Tr,randomise_1s,10min,404,0.6674181231275366,
20140414,Tr,randomise_1s,10min,912,0.7900117500288962,
20140414,Tr,randomise_1s,10min,1065,0.8323700018135599,
20140414,Tr,randomise_1s,10min,213,0.5998403503532143,
20140414,Tr,randomise_1s,10min,534,0.821340089022873,
20140414,Tr,randomise_1s,10min,306,0.6974091377645728,
20140414,Tr,randomise_1s,10min,438,0.7670464916973718,
20140414,Tr,randomise_1s,10min,421,0.7467653196303318,
20140414,Tr,randomise_1s,10min,264,0.6817429347664722,
20140414,Tr,randomise_1s,10min,250,0.6242936731170522,
20140414,Tr,randomise_1s,10min,79,0.6430625336978316,
20140414,Tr,randomise_1s,10min,289,0.7456360434513386,
20140414,Tr,randomise_1s,10min,271,0.6520216204795309,
20140414,Tr,randomise_1s,10min,370,0.7443544909982269,
20140414,Tr,randomise_1s,10min,148,0.6665951107396415,
20140414,Tr,randomise_1s,10min,161,0.6057147676585496,
20140414,Tr,randomise_1s,10min,380,0.6215987377967314,
20140414,Tr,randomise_1s,10min,440,0.7232312842026841,
20140414,Tr,randomise_1s,10min,584,0.7267566437018967,
20140414,Tr,randomise_1s,10min,605,0.6975012126440285,
20140414,Tr,randomise_1s,10min,400,0.5447829704885745,
20140414,Tr,randomise_1s,10min,1091,0.7715231018594084,
20140414,Tr,randomise_1s,10min,417,0.6476830454445007,
20140414,Tr,randomise_1s,10min,774,0.7901637318079551,
20140414,Tr,randomise_1s,10min,491,0.7439180628729831,
20140414,Tr,randomise_1s,10min,443,0.7712923234781143,
20140414,Tr,randomise_1s,10min,315,0.6327946891345843,
20140414,Tr,randomise_1s,10min,557,0.6899571549398995,
20140414,Tr,randomise_1s,10min,562,0.7361427785732672,
20140414,Tr,randomise_1s,10min,750,0.7755525117052039,
20140414,Tr,randomise_1s,10min,640,0.7372694144220392,
20140414,Tr,randomise_1s,10min,626,0.7460478698564077,
20140414,Tr,randomise_1s,10min,526,0.7014445764930546,
20140414,Tr,randomise_1s,10min,532,0.6824398320300366,
20140414,Tr,randomise_1s,10min,256,0.566857182814818,
20140414,Tr,randomise_1s,10min,501,0.691805421664216,
20140414,Tr,randomise_1s,10min,522,0.6579947010505596,
20140414,Tr,randomise_1s,10min,311,0.5900770235730608,
20140414,Tr,randomise_1s,10min,185,0.38755428544189596,
20140414,Tr,randomise_1s,10min,249,0.6041006977890839,
20140414,Tr,randomise_1s,10min,142,0.6219196500967733,
20140414,Tr,randomise_1s,10min,119,0.5539560268105601,
20140414,Tr,randomise_1s,10min,76,0.5458305745554897,
20140414,Tr,randomise_1s,10min,74,0.5001691736309212,
20140414,Tr,randomise_1s,10min,32,0.4695543386467346,
20140414,Tr,randomise_1s,10min,64,0.7312932147888705,
20140414,Tr,randomise_1s,10min,49,0.47416906243767587,
20140414,Tr,randomise_1s,10min,87,0.5996314545826041,
20140414,Tr,randomise_1s,10min,77,0.5174028105219302,
20140414,Tr,randomise_1s,10min,22,0.44840438115104153,
20140414,Tr,randomise_1s,10min,29,0.402294938238983,
20140414,Tr,randomise_1s,10min,20,0.4819299574580413,
20140414,Tr,randomise_1s,10min,25,0.5438647775261759,
20140414,Tr,randomise_1s,10min,25,0.4647212810683517,
20140414,Tr,randomise_1s,10min,20,0.31582771733785175,
20140414,Tr,randomise_1s,10min,31,0.5261604586695722,
20140414,Tr,randomise_1s,10min,42,0.6099327369429723,
20140414,Tr,randomise_1s,10min,31,0.3428117385394718,
20140415,P,raw,day,13426,0.5985642903212336,0.9384277064670545
20140415,P,merge_0.001s,day,6756,0.5013798208002104,0.8934271192548274
20140415,P,merge_0.01s,day,5293,0.5031191129860766,0.8714026919487616
20140415,P,merge_0.1s,day,4141,0.6006694705764769,0.8551094037302404
20140415,P,randomise_1s,10min,69,0.7528636045189891,
20140415,P,randomise_1s,10min,138,0.8696247448950992,
20140415,P,randomise_1s,10min,65,0.9321494244620057,
20140415,P,randomise_1s,10min,164,0.9161056369861189,
20140415,P,randomise_1s,10min,38,0.7569577985257968,
20140415,P,randomise_1s,10min,245,0.9126290231115577,
20140415,P,randomise_1s,10min,197,0.7987545903183415,
20140415,P,randomise_1s,10min,128,0.7752519215090866,
20140415,P,randomise_1s,10min,347,0.8603378504558598,
20140415,P,randomise_1s,10min,101,0.6937660935975626,
20140415,P,randomise_1s,10min,309,0.8974278367930054,
20140415,P,randomise_1s,10min,147,0.7617187571485943,
20140415,P,randomise_1s,10min,68,0.7568587117200876,
20140415,P,randomise_1s,10min,271,0.8215373823849551,
20140415,P,randomise_1s,10min,56,0.6837726032079741,
20140415,P,randomise_1s,10min,132,0.6978901418867632,
20140415,P,randomise_1s,10min,127,0.743576969100677,
20140415,P,randomise_1s,10min,87,0.6682044836088765,
20140415,P,randomise_1s,10min,471,0.8407072553580185,
20140415,P,randomise_1s,10min,143,0.7868560448409101,
20140415,P,randomise_1s,10min,129,0.8110867579442091,
20140415,P,randomise_1s,10min,49,0.7889982576830465,
20140415,P,randomise_1s,10min,102,0.6890976382685281,
20140415,P,randomise_1s,10min,48,0.7144392038101003,
20140415,P,randomise_1s,10min,58,0.7617640886001399,
20140415,P,randomise_1s,10min,68,0.7035424527829064,
20140415,P,randomise_1s,10min,42,0.7234900789326602,
20140415,P,randomise_1s,10min,32,0.6013306821768095,
20140415,P,randomise_1s,10min,57,0.6512124426803393,
20140415,P,randomise_1s,10min,108,0.7443312912718194,
20140415,P,randomise_1s,10min,62,0.6925123630670182,
20140415,P,randomise_1s,10min,40,0.7625572145774633,
20140415,P,randomise_1s,10min,115,0.7984008199765188,
20140415,P,randomise_1s,10min,61,0.6161709721347572,
20140415,P,randomise_1s,10min,119,0.7962673116913684,
20140415,P,randomise_1s,10min,129,0.750257427836812,
20140415,P,randomise_1s,10min,79,0.664354614376458,
20140415,P,randomise_1s,10min,98,0.7312327396449245,
20140415,P,randomise_1s,10min,167,0.7612330860844311,
20140415,P,randomise_1s,10min,562,0.8552872000705662,
20140415,P,randomise_1s,10min,276,0.8478244197454335,
20140415,P,randomise_1s,10min,111,0.7760918027656628,
20140415,P,randomise_1s,10min,120,0.6895077257159875,
20140415,P,randomise_1s,10min,101,0.7580415030320543,
20140415,P,randomise_1s,10min,59,0.5541322639639347,
20140415,P,randomise_1s,10min,324,0.7897887427100551,
20140415,P,randomise_1s,10min,251,0.7941412136099403,
20140415,P,randomise_1s,10min,190,0.7442530246369119,
20140415,P,randomise_1s,10min,387,0.8490906039897191,
20140415,P,randomise_1s,10min,632,0.8035663370567214,
20140415,P,randomise_1s,10min,469,0.7695928578425445,
20140415,P,randomise_1s,10min,440,0.777068482239017,
20140415,P,randomise_1s,10min,518,0.7746074776881129,
20140415,P,randomise_1s,10min,502,0.750827899587422,
20140415,P,randomise_1s,10min,516,0.7563301491804311,
20140415,P,randomise_1s,10min,633,0.800951804415223,
20140415,P,randomise_1s,10min,192,0.7472377413891084,
20140415,P,randomise_1s,10min,299,0.8686928318566309,
20140415,P,randomise_1s,10min,561,0.861060207986469,
20140415,P,randomise_1s,10min,192,0.7689116572250816,
20140415,P,randomise_1s,10min,159,0.7405040142252133,
20140415,P,randomise_1s,10min,119,0.7766107353542576,
20140415,P,randomise_1s,10min,103,0.76962822612897,
20140415,P,randomise_1s,10min,62,0.7461166098020371,
20140415,P,randomise_1s,10min,77,0.7966402969858134,
20140415,P,randomise_1s,10min,52,0.6481966266784773,
20140415,P,randomise_1s,10min,49,0.8179857697715315,
20140415,P,randomise_1s,10min,40,0.8189043076971079,
20140415,P,randomise_1s,10min,46,0.7186780461418426,
20140415,P,randomise_1s,10min,57,0.6920583034053803,
20140415,P,randomise_1s,10min,40,0.6813072245691972,
20140415,P,randomise_1s,10min,36,0.6240190656377422,
20140415,P,randomise_1s,10min,28,0.5094234737003299,
20140415,P,randomise_1s,10min,55,0.6236279322991186,
20140415,P,randomise_1s,10min,74,0.5736188319902927,
20140415,P,randomise_1s,10min,43,0.691857005646727,
20140415,P,randomise_1s,10min,31,0.7384165839600186,
20140415,P,randomise_1s,10min,28,0.5099242145131975,
20140415,P,randomise_1s,10min,35,0.7246404935715293,
20140415,Tr,raw,day,34561,0.3006146259744383,0.9373373593578097
20140415,Tr,merge_0.001s,day,27653,0.6356061033946746,0.9259882094123361
20140415,Tr,merge_0.01s,day,24107,0.6955856975854631,0.9137251556366424
20140415,Tr,merge_0.1s,day,19297,0.7673328504514297,0.9056573160844721
20140415,Tr,randomise_1s,10min,243,0.6664426044549334,
20140415,Tr,randomise_1s,10min,205,0.6062592863190526,
20140415,Tr,randomise_1s,10min,147,0.5561441332982952,
20140415,Tr,randomise_1s,10min,200,0.7202310849069258,
20140415,Tr,randomise_1s,10min,147,0.6003230543050285,
20140415,Tr,randomise_1s,10min,455,0.7769523846173302,
20140415,Tr,randomise_1s,10min,479,0.7280455701095335,
20140415,Tr,randomise_1s,10min,351,0.6010478403118752,
20140415,Tr,randomise_1s,10min,684,0.7336607965208151,
20140415,Tr,randomise_1s,10min,429,0.6221686375099329,
20140415,Tr,randomise_1s,10min,543,0.6805259288197819,
20140415,Tr,randomise_1s,10min,592,0.7134085325935274,
20140415,Tr,randomise_1s,10min,390,0.5927647843997863,
20140415,Tr,randomise_1s,10min,794,0.7168064796800114,
20140415,Tr,randomise_1s,10min,906,0.844348968198778,
20140415,Tr,randomise_1s,10min,667,0.6445310391064508,
20140415,Tr,randomise_1s,10min,483,0.6325607524876227,
20140415,Tr,randomise_1s,10min,437,0.7077862996200605,
20140415,Tr,randomise_1s,10min,1005,0.7950676186598513,
20140415,Tr,randomise_1s,10min,361,0.6644447650533224,
20140415,Tr,randomise_1s,10min,401,0.643103770023802,
20140415,Tr,randomise_1s,10min,260,0.5495513118224307,
20140415,Tr,randomise_1s,10min,598,0.7623863604027346,
20140415,Tr,randomise_1s,10min,482,0.7991566236822644,
20140415,Tr,randomise_1s,10min,244,0.6196905739432507,
20140415,Tr,randomise_1s,10min,230,0.5152094844103502,
20140415,Tr,randomise_1s,10min,127,0.4557691002775939,
20140415,Tr,randomise_1s,10min,151,0.6419350092440651,
20140415,Tr,randomise_1s,10min,214,0.6306121676196884,
20140415,Tr,randomise_1s,10min,249,0.5733697445401743,
20140415,Tr,randomise_1s,10min,244,0.6746450884172605,
20140415,Tr,randomise_1s,10min,159,0.573753358211679,
20140415,Tr,randomise_1s,10min,235,0.5897040064088305,
20140415,Tr,randomise_1s,10min,311,0.6303080702831525,
20140415,Tr,randomise_1s,10min,547,0.7815378123192098,
20140415,Tr,randomise_1s,10min,305,0.6808536101127397,
20140415,Tr,randomise_1s,10min,199,0.6188025598646884,
20140415,Tr,randomise_1s,10min,334,0.721263898422973,
20140415,Tr,randomise_1s,10min,304,0.6189911845375589,
20140415,Tr,randomise_1s,10min,785,0.7053862013948238,
20140415,Tr,randomise_1s,10min,635,0.7783541805726657,
20140415,Tr,randomise_1s,10min,397,0.6227543832559603,
20140415,Tr,randomise_1s,10min,713,0.7934681617050158,
20140415,Tr,randomise_1s,10min,369,0.8184344238350743,
20140415,Tr,randomise_1s,10min,377,0.7470443328603552,
20140415,Tr,randomise_1s,10min,884,0.6993330910093781,
20140415,Tr,randomise_1s,10min,690,0.723429946664241,
20140415,Tr,randomise_1s,10min,375,0.6412135816410867,
20140415,Tr,randomise_1s,10min,586,0.6463482331290691,
20140415,Tr,randomise_1s,10min,1944,0.7477989705246691,
20140415,Tr,randomise_1s,10min,1638,0.711563419138021,
20140415,Tr,randomise_1s,10min,1483,0.6623837809414393,
20140415,Tr,randomise_1s,10min,694,0.47722286235726263,
20140415,Tr,randomise_1s,10min,1103,0.6890371482664391,
20140415,Tr,randomise_1s,10min,832,0.6446585909005796,
20140415,Tr,randomise_1s,10min,894,0.5965628224064955,
20140415,Tr,randomise_1s,10min,356,0.5999209591571975,
20140415,Tr,randomise_1s,10min,365,0.5919252081096451,
20140415,Tr,randomise_1s,10min,579,0.5989675539706877,
20140415,Tr,randomise_1s,10min,995,0.6689025472685031,
20140415,Tr,randomise_1s,10min,379,0.6229030850470774,
20140415,Tr,randomise_1s,10min,216,0.6078464640349796,
20140415,Tr,randomise_1s,10min,290,0.6108567200921153,
20140415,Tr,randomise_1s,10min,227,0.6029494872081284,
20140415,Tr,randomise_1s,10min,156,0.5996357617976305,
20140415,Tr,randomise_1s,10min,203,0.5114398917805337,
20140415,Tr,randomise_1s,10min,74,0.3911212871993006,
20140415,Tr,randomise_1s,10min,90,0.3793070892491964,
20140415,Tr,randomise_1s,10min,57,0.3902940433152906,
20140415,Tr,randomise_1s,10min,113,0.5450742918290339,
20140415,Tr,randomise_1s,10min,67,0.5262400741749269,
20140415,Tr,randomise_1s,10min,30,0.3448480256438122,
20140415,Tr,randomise_1s,10min,125,0.6343019645438623,
20140415,Tr,randomise_1s,10min,61,0.3806065326757069,
20140415,Tr,randomise_1s,10min,43,0.4171736071646887,
20140415,Tr,randomise_1s,10min,66,0.627556318778896,
20140415,Tr,randomise_1s,10min,65,0.42468133518957457,
20140415,Tr,randomise_1s,10min,83,0.42065445237697163,
20140415,Tr,randomise_1s,10min,46,0.45522755392168424,
20140415,Tr,randomise_1s,10min,61,0.27220707088569224,
20140415,Tr,randomise_1s,10min,86,0.1441014343514767,
20140415,Tr,randomise_1s,10min,51,0.440833262692492,
20140415,Tr,randomise_1s,10min,61,0.4227510811929668,
20140416,P,raw,day,13058,0.6006658209968226,0.9415179180626186
20140416,P,merge_0.001s,day,6560,0.4512292821185412,0.8983661918710784
20140416,P,merge_0.01s,day,5144,0.48926532194920425,0.8773698461423645
20140416,P,merge_0.1s,day,4096,0.5623885740594728,0.8678661248116263
20140416,P,randomise_1s,10min,349,0.8119214028325866,
20140416,P,randomise_1s,10min,136,0.7834298599775973,
20140416,P,randomise_1s,10min,195,0.82442566493087,
20140416,P,randomise_1s,10min,75,0.7382769979010928,
20140416,P,randomise_1s,10min,131,0.8293968161420184,
20140416,P,randomise_1s,10min,206,0.755460849962796,
20140416,P,randomise_1s,10min,299,0.7906911966400776,
20140416,P,randomise_1s,10min,170,0.769631971224295,
20140416,P,randomise_1s,10min,117,0.6989219322367336,
20140416,P,randomise_1s,10min,102,0.6681036919174242,
20140416,P,randomise_1s,10min,673,0.7655054130795073,
20140416,P,randomise_1s,10min,130,0.7412172141142802,
20140416,P,randomise_1s,10min,147,0.7669419502379216,
20140416,P,randomise_1s,10min,71,0.7398539177927587,
20140416,P,randomise_1s,10min,104,0.6610294525696935,
20140416,P,randomise_1s,10min,445,0.806914243043545,
20140416,P,randomise_1s,10min,188,0.766681588123417,
20140416,P,randomise_1s,10min,210,0.7950526900248944,
20140416,P,randomise_1s,10min,209,0.7882063168364108,
20140416,P,randomise_1s,10min,83,0.8092186825497323,
20140416,P,randomise_1s,10min,290,0.8095718332019158,
20140416,P,randomise_1s,10min,366,0.8090539316692192,
20140416,P,randomise_1s,10min,171,0.8833304450367336,
20140416,P,randomise_1s,10min,131,0.8062284318208637,
20140416,P,randomise_1s,10min,109,0.787377997595176,
20140416,P,randomise_1s,10min,165,0.7937777075424337,
20140416,P,randomise_1s,10min,64,0.6642725658822214,
20140416,P,randomise_1s,10min,154,0.7558222339454344,
20140416,P,randomise_1s,10min,71,0.69836495435181,
20140416,P,randomise_1s,10min,137,0.8376597925931833,
20140416,P,randomise_1s,10min,108,0.725019920217035,
20140416,P,randomise_1s,10min,111,0.7362264411347271,
20140416,P,randomise_1s,10min,114,0.7681337318969607,
20140416,P,randomise_1s,10min,70,0.731441434861184,
20140416,P,randomise_1s,10min,258,0.8582242473383047,
20140416,P,randomise_1s,10min,169,0.8044048973143697,
20140416,P,randomise_1s,10min,225,0.8430322660673868,
20140416,P,randomise_1s,10min,125,0.690657208692045,
20140416,P,randomise_1s,10min,195,0.7151449024615115,
20140416,P,randomise_1s,10min,459,0.8077200018771089,
20140416,P,randomise_1s,10min,139,0.7857048151199033,
20140416,P,randomise_1s,10min,220,0.8457108979983681,
20140416,P,randomise_1s,10min,116,0.76749475588062,
20140416,P,randomise_1s,10min,250,0.8500348124810643,
20140416,P,randomise_1s,10min,235,0.7966675365789543,
20140416,P,randomise_1s,10min,261,0.6939261710904058,
20140416,P,randomise_1s,10min,660,0.8385009430404378,
20140416,P,randomise_1s,10min,269,0.7731569707123522,
20140416,P,randomise_1s,10min,458,0.8254852206184613,
20140416,P,randomise_1s,10min,361,0.7940870130562234,
20140416,P,randomise_1s,10min,278,0.833943721025397,
20140416,P,randomise_1s,10min,188,0.6853718734216886,
20140416,P,randomise_1s,10min,271,0.8012630546042916,
20140416,P,randomise_1s,10min,162,0.7852859834852355,
20140416,P,randomise_1s,10min,162,0.7439966835332548,
20140416,P,randomise_1s,10min,31,0.5033051014493665,
20140416,P,randomise_1s,10min,128,0.7881549299729242,
20140416,P,randomise_1s,10min,119,0.781611560139083,
20140416,P,randomise_1s,10min,101,0.8300316816327261,
20140416,P,randomise_1s,10min,25,0.5967176614892895,
20140416,P,randomise_1s,10min,30,0.8174704421791189,
20140416,P,randomise_1s,10min,92,0.7118123093734349,
20140416,P,randomise_1s,10min,166,0.6821767242407476,
20140416,P,randomise_1s,10min,161,0.7860745499916947,
20140416,P,randomise_1s,10min,50,0.6538439758229457,
20140416,P,randomise_1s,10min,83,0.6566288585041972,
20140416,P,randomise_1s,10min,61,0.6692896386986523,
20140416,P,randomise_1s,10min,23,0.6422578383914549,
20140416,P,randomise_1s,10min,76,0.6910302422929908,
20140416,P,randomise_1s,10min,49,0.5768617720180225,
20140416,P,randomise_1s,10min,56,0.6023810660290793,
20140416,P,randomise_1s,10min,55,0.8682958547135515,
20140416,P,randomise_1s,10min,20,0.43403426869813744,
20140416,P,randomise_1s,10min,35,0.600925714793516,
20140416,P,randomise_1s,10min,30,0.8295526155799745,
20140416,P,randomise_1s,10min,21,0.7439347624586033,
20140416,P,randomise_1s,10min,20,0.6431455133637287,
20140416,Tr,raw,day,27191,0.30487277615320685,0.9539769953900223
20140416,Tr,merge_0.001s,day,21707,0.5654480036304543,0.941599840008555
20140416,Tr,merge_0.01s,day,18851,0.6178438108796056,0.9299922336156112
20140416,Tr,merge_0.1s,day,15061,0.7441740489463671,0.9214237373074301
20140416,Tr,randomise_1s,10min,931,0.7166700497522556,
20140416,Tr,randomise_1s,10min,537,0.5495565001277718,
20140416,Tr,randomise_1s,10min,252,0.4430750424513328,
20140416,Tr,randomise_1s,10min,108,0.33935314883833156,
20140416,Tr,randomise_1s,10min,151,0.5013637490709735,
20140416,Tr,randomise_1s,10min,254,0.484412332621088,
20140416,Tr,randomise_1s,10min,611,0.556734118518602,
20140416,Tr,randomise_1s,10min,497,0.7504365851544939,
20140416,Tr,randomise_1s,10min,367,0.7248020060023214,
20140416,Tr,randomise_1s,10min,242,0.5965486235095459,
20140416,Tr,randomise_1s,10min,1320,0.779463801632374,
20140416,Tr,randomise_1s,10min,339,0.6525705603851654,
20140416,Tr,randomise_1s,10min,410,0.6429632806863335,
20140416,Tr,randomise_1s,10min,675,0.8398413880952231,
20140416,Tr,randomise_1s,10min,311,0.5813041736141018,
20140416,Tr,randomise_1s,10min,781,0.7510850379157228,
20140416,Tr,randomise_1s,10min,585,0.7713971950969994,
20140416,Tr,randomise_1s,10min,695,0.6764788654911543,
20140416,Tr,randomise_1s,10min,646,0.6779269515883553,
20140416,Tr,randomise_1s,10min,381,0.5201609436584913,
20140416,Tr,randomise_1s,10min,736,0.7138414533872739,
20140416,Tr,randomise_1s,10min,841,0.6959220000168821,
20140416,Tr,randomise_1s,10min,373,0.5574753613299737,
20140416,Tr,randomise_1s,10min,305,0.4403614719576883,
20140416,Tr,randomise_1s,10min,281,0.5679526740329683,
20140416,Tr,randomise_1s,10min,360,0.6117685061852768,
20140416,Tr,randomise_1s,10min,431,0.660943133622633,
20140416,Tr,randomise_1s,10min,306,0.5770130511643864,
20140416,Tr,randomise_1s,10min,305,0.7843084491942721,
20140416,Tr,randomise_1s,10min,306,0.5824592990289721,
20140416,Tr,randomise_1s,10min,361,0.7308253756772785,
20140416,Tr,randomise_1s,10min,262,0.6466721117061607,
20140416,Tr,randomise_1s,10min,345,0.7279698768255729,
20140416,Tr,randomise_1s,10min,219,0.6467384351417146,
20140416,Tr,randomise_1s,10min,326,0.63698488256925,
20140416,Tr,randomise_1s,10min,364,0.7672393517745704,
20140416,Tr,randomise_1s,10min,313,0.6663207420953354,
20140416,Tr,randomise_1s,10min,324,0.6246045011531627,
20140416,Tr,randomise_1s,10min,478,0.7657733784530657,
20140416,Tr,randomise_1s,10min,556,0.6542220158647724,
20140416,Tr,randomise_1s,10min,263,0.6501669264892641,
20140416,Tr,randomise_1s,10min,262,0.6500998303684943,
20140416,Tr,randomise_1s,10min,165,0.633198012077301,
20140416,Tr,randomise_1s,10min,503,0.7904903804492303,
20140416,Tr,randomise_1s,10min,663,0.7009466417835885,
20140416,Tr,randomise_1s,10min,475,0.6422839071758785,
20140416,Tr,randomise_1s,10min,600,0.7169493957556863,
20140416,Tr,randomise_1s,10min,478,0.7448136497805493,
20140416,Tr,randomise_1s,10min,558,0.7383719027405609,
20140416,Tr,randomise_1s,10min,342,0.6168711104300119,
20140416,Tr,randomise_1s,10min,401,0.630390499438001,
20140416,Tr,randomise_1s,10min,271,0.5813708339472958,
20140416,Tr,randomise_1s,10min,370,0.6788776720773455,
20140416,Tr,randomise_1s,10min,342,0.603379444081326,
20140416,Tr,randomise_1s,10min,516,0.68309292661284,
20140416,Tr,randomise_1s,10min,425,0.5958638258247981,
20140416,Tr,randomise_1s,10min,347,0.6038343512836699,
20140416,Tr,randomise_1s,10min,153,0.5936456695209241,
20140416,Tr,randomise_1s,10min,109,0.6531682336729184,
20140416,Tr,randomise_1s,10min,180,0.6474163603040285,
20140416,Tr,randomise_1s,10min,98,0.6030029567612892,
20140416,Tr,randomise_1s,10min,178,0.8192263075661366,
20140416,Tr,randomise_1s,10min,208,0.7386712255583403,
20140416,Tr,randomise_1s,10min,367,0.6702461779351644,
20140416,Tr,randomise_1s,10min,154,0.5874893896568425,
20140416,Tr,randomise_1s,10min,160,0.6288563426786054,
20140416,Tr,randomise_1s,10min,102,0.5634901267972452,
20140416,Tr,randomise_1s,10min,44,0.622901710260213,
20140416,Tr,randomise_1s,10min,61,0.44431372657668683,
20140416,Tr,randomise_1s,10min,62,0.5444311920444129,
20140416,Tr,randomise_1s,10min,27,0.2618192302736139,
20140416,Tr,randomise_1s,10min,52,0.4848092467994829,
20140416,Tr,randomise_1s,10min,42,0.4434203187429382,
20140416,Tr,randomise_1s,10min,34,0.5335879346218394,
20140416,Tr,randomise_1s,10min,47,0.5073856617727136,
20140416,Tr,randomise_1s,10min,32,0.4166675033482695,
20140416,Tr,randomise_1s,10min,21,0.310777924909912,
20140416,Tr,randomise_1s,10min,31,0.4961372359924128,
20140416,Tr,randomise_1s,10min,29,0.49184045080972355,
20140416,Tr,randomise_1s,10min,23,0.09643292495263348,
20140417,P,raw,day,10761,0.5770697605533129,0.9280007423011399
20140417,P,merge_0.001s,day,5620,0.45177485950559415,0.8715007222926514
20140417,P,merge_0.01s,day,4489,0.4864731881220361,0.8426193785686473
20140417,P,merge_0.1s,day,3568,0.5650507751476944,0.8233585062841865
20140417,P,randomise_1s,10min,281,0.8781956197020973,
20140417,P,randomise_1s,10min,118,0.7946347692604785,
20140417,P,randomise_1s,10min,85,0.765843376474594,
20140417,P,randomise_1s,10min,145,0.7737954437990121,
20140417,P,randomise_1s,10min,309,0.8626447523708219,
20140417,P,randomise_1s,10min,162,0.8382965402477489,
20140417,P,randomise_1s,10min,117,0.783224912512985,
20140417,P,randomise_1s,10min,146,0.7959515816197461,
20140417,P,randomise_1s,10min,152,0.7807669743425314,
20140417,P,randomise_1s,10min,159,0.8008191949396506,
20140417,P,randomise_1s,10min,149,0.8090835321420407,
20140417,P,randomise_1s,10min,165,0.8052628424058789,
20140417,P,randomise_1s,10min,133,0.7982741228499739,
20140417,P,randomise_1s,10min,131,0.7676157297108864,
20140417,P,randomise_1s,10min,57,0.6909437903764498,
20140417,P,randomise_1s,10min,79,0.7657056202965451,
20140417,P,randomise_1s,10min,186,0.762092681307282,
20140417,P,randomise_1s,10min,164,0.784714540091192,
20140417,P,randomise_1s,10min,103,0.7170646011958919,
20140417,P,randomise_1s,10min,139,0.7974068723916942,
20140417,P,randomise_1s,10min,119,0.7203985191169923,
20140417,P,randomise_1s,10min,122,0.8089570618156214,
20140417,P,randomise_1s,10min,122,0.8091743682148719,
20140417,P,randomise_1s,10min,124,0.8392903209340677,
20140417,P,randomise_1s,10min,106,0.8716262095709634,
20140417,P,randomise_1s,10min,154,0.7901056660741318,
20140417,P,randomise_1s,10min,116,0.761632990286326,
20140417,P,randomise_1s,10min,83,0.8510258845370146,
20140417,P,randomise_1s,10min,58,0.8297678663065494,
20140417,P,randomise_1s,10min,90,0.8111954293230939,
20140417,P,randomise_1s,10min,91,0.8801724643927439,
20140417,P,randomise_1s,10min,22,0.6269446567921957,
20140417,P,randomise_1s,10min,152,0.8750539762215703,
20140417,P,randomise_1s,10min,87,0.80705294648397,
20140417,P,randomise_1s,10min,214,0.7801328672624174,
20140417,P,randomise_1s,10min,156,0.7222544598087867,
20140417,P,randomise_1s,10min,74,0.6815346893312045,
20140417,P,randomise_1s,10min,292,0.7610804459357219,
20140417,P,randomise_1s,10min,530,0.8134738061150647,
20140417,P,randomise_1s,10min,162,0.740236601098377,
20140417,P,randomise_1s,10min,74,0.7823577593602216,
20140417,P,randomise_1s,10min,103,0.7940784700301508,
20140417,P,randomise_1s,10min,127,0.8250304491142371,
20140417,P,randomise_1s,10min,161,0.7333220296995219,
20140417,P,randomise_1s,10min,356,0.809260455410665,
20140417,P,randomise_1s,10min,291,0.7612957708682597,
20140417,P,randomise_1s,10min,200,0.670665195406839,
20140417,P,randomise_1s,10min,659,0.8193588225244465,
20140417,P,randomise_1s,10min,144,0.641382363179337,
20140417,P,randomise_1s,10min,234,0.725887916689552,
20140417,P,randomise_1s,10min,194,0.7159089788154873,
20140417,P,randomise_1s,10min,174,0.7838214747986902,
20140417,P,randomise_1s,10min,86,0.6997635361901343,
20140417,P,randomise_1s,10min,146,0.7593006885941869,
20140417,P,randomise_1s,10min,124,0.660984328860898,
20140417,P,randomise_1s,10min,111,0.6835645696233406,
20140417,P,randomise_1s,10min,263,0.7145060463379894,
20140417,P,randomise_1s,10min,81,0.596959661487831,
20140417,P,randomise_1s,10min,29,0.6467640755190645,
20140417,P,randomise_1s,10min,232,0.850068230847813,
20140417,P,randomise_1s,10min,105,0.729985962821748,
20140417,P,randomise_1s,10min,133,0.8127235134086892,
20140417,P,randomise_1s,10min,176,0.7129201107678373,
20140417,P,randomise_1s,10min,42,0.7479288710708151,
20140417,P,randomise_1s,10min,71,0.7940881003501657,
20140417,P,randomise_1s,10min,140,0.8193828925681625,
20140417,P,randomise_1s,10min,82,0.5226587169078911,
20140417,P,randomise_1s,10min,37,0.5621849210308584,
20140417,P,randomise_1s,10min,33,0.5910197719784853,
20140417,P,randomise_1s,10min,38,0.5850732084195815,
20140417,P,randomise_1s,10min,75,0.5790347745468973,
20140417,P,randomise_1s,10min,23,0.5573531355996796,
20140417,P,randomise_1s,10min,21,0.48175883123043295,
20140417,Tr,raw,day,27567,0.6594048312830709,0.9491120951023763
20140417,Tr,merge_0.001s,day,22832,0.6683779209095582,0.9351244031150714
20140417,Tr,merge_0.01s,day,20219,0.694965533095279,0.9217678263120312
20140417,Tr,merge_0.1s,day,16505,0.7562503979925422,0.9078812556564675
20140417,Tr,randomise_1s,10min,442,0.7930901909476011,
20140417,Tr,randomise_1s,10min,237,0.5683411955678925,
20140417,Tr,randomise_1s,10min,264,0.6487343443518436,
20140417,Tr,randomise_1s,10min,294,0.7511706967256819,
20140417,Tr,randomise_1s,10min,518,0.7792810952634186,
20140417,Tr,randomise_1s,10min,142,0.57301269415129,
20140417,Tr,randomise_1s,10min,416,0.7329785420308927,
20140417,Tr,randomise_1s,10min,571,0.8138545210183884,
20140417,Tr,randomise_1s,10min,233,0.6560090038849877,
20140417,Tr,randomise_1s,10min,266,0.5778377362517214,
20140417,Tr,randomise_1s,10min,305,0.6935069799303034,
20140417,Tr,randomise_1s,10min,261,0.6718539649692808,
20140417,Tr,randomise_1s,10min,312,0.6184926965987417,
20140417,Tr,randomise_1s,10min,216,0.6200558354738239,
20140417,Tr,randomise_1s,10min,229,0.5696567991594377,
20140417,Tr,randomise_1s,10min,210,0.5886844364331791,
20140417,Tr,randomise_1s,10min,410,0.7181661075076815,
20140417,Tr,randomise_1s,10min,392,0.6934061379604669,
20140417,Tr,randomise_1s,10min,547,0.7138151490602319,
20140417,Tr,randomise_1s,10min,577,0.829243228822704,
20140417,Tr,randomise_1s,10min,377,0.7589869522075327,
20140417,Tr,randomise_1s,10min,270,0.504635343870161,
20140417,Tr,randomise_1s,10min,272,0.5252028348211395,
20140417,Tr,randomise_1s,10min,237,0.6062523864701782,
20140417,Tr,randomise_1s,10min,206,0.6018081910848018,
20140417,Tr,randomise_1s,10min,257,0.6186306497693377,
20140417,Tr,randomise_1s,10min,274,0.611653865945671,
20140417,Tr,randomise_1s,10min,281,0.620407967622902,
20140417,Tr,randomise_1s,10min,160,0.6150532571728604,
20140417,Tr,randomise_1s,10min,149,0.6430583844648248,
20140417,Tr,randomise_1s,10min,204,0.7116240497439597,
20140417,Tr,randomise_1s,10min,233,0.7876532585972545,
20140417,Tr,randomise_1s,10min,103,0.5945989587096685,
20140417,Tr,randomise_1s,10min,347,0.8421415248541808,
20140417,Tr,randomise_1s,10min,246,0.6222685213092322,
20140417,Tr,randomise_1s,10min,460,0.7450190239548263,
20140417,Tr,randomise_1s,10min,488,0.7552691749663072,
20140417,Tr,randomise_1s,10min,288,0.6225447047169914,
20140417,Tr,randomise_1s,10min,299,0.5383320828456073,
20140417,Tr,randomise_1s,10min,1370,0.8017604364238112,
20140417,Tr,randomise_1s,10min,636,0.7246450943623575,
20140417,Tr,randomise_1s,10min,273,0.6227214935623127,
20140417,Tr,randomise_1s,10min,325,0.5832074900829352,
20140417,Tr,randomise_1s,10min,287,0.6004376357204986,
20140417,Tr,randomise_1s,10min,336,0.6870379502977009,
20140417,Tr,randomise_1s,10min,1126,0.849097730588266,
20140417,Tr,randomise_1s,10min,907,0.7578524810902343,
20140417,Tr,randomise_1s,10min,450,0.7180822478794399,
20140417,Tr,randomise_1s,10min,1201,0.7897414102874207,
20140417,Tr,randomise_1s,10min,375,0.5696808665365817,
20140417,Tr,randomise_1s,10min,1469,0.8853612265925825,
20140417,Tr,randomise_1s,10min,651,0.7420956820566316,
20140417,Tr,randomise_1s,10min,264,0.6059954372200581,
20140417,Tr,randomise_1s,10min,163,0.5713778538605846,
20140417,Tr,randomise_1s,10min,294,0.5532706362126522,
20140417,Tr,randomise_1s,10min,548,0.6982988300615623,
20140417,Tr,randomise_1s,10min,268,0.5966218005790956,
20140417,Tr,randomise_1s,10min,573,0.7623149712805536,
20140417,Tr,randomise_1s,10min,205,0.6139269659977112,
20140417,Tr,randomise_1s,10min,140,0.6110122397525242,
20140417,Tr,randomise_1s,10min,481,0.6669790279351487,
20140417,Tr,randomise_1s,10min,428,0.8217842801147288,
20140417,Tr,randomise_1s,10min,778,0.8086771034029206,
20140417,Tr,randomise_1s,10min,862,0.639374561365554,
20140417,Tr,randomise_1s,10min,230,0.2967638174114526,
20140417,Tr,randomise_1s,10min,200,0.36495839782305467,
20140417,Tr,randomise_1s,10min,129,0.6220437824366887,
20140417,Tr,randomise_1s,10min,78,0.3158810466242402,
20140417,Tr,randomise_1s,10min,81,0.7398913619719201,
20140417,Tr,randomise_1s,10min,57,0.3501078319397045,
20140417,Tr,randomise_1s,10min,49,0.4745237672645181,
20140417,Tr,randomise_1s,10min,30,0.2789874074655085,
20140417,Tr,randomise_1s,10min,49,0.4414874632868553,
20140417,Tr,randomise_1s,10min,23,0.3857572796076396,
20140417,Tr,randomise_1s,10min,20,0.4441883725532187,
20140417,Tr,randomise_1s,10min,27,0.5090840134611008,
20140422,P,raw,day,6784,0.5915037107264784,0.9135599092557473
20140422,P,merge_0.001s,day,3414,0.41385687088175754,0.8383037542176297
20140422,P,merge_0.01s,day,2744,0.40293010470080276,0.809242715780385
20140422,P,merge_0.1s,day,2240,0.5019590180763637,0.7830168257239445
20140422,P,randomise_1s,10min,203,0.8654750223100592,
20140422,P,randomise_1s,10min,127,0.8618434267194444,
20140422,P,randomise_1s,10min,89,0.7988394412108015,
20140422,P,randomise_1s,10min,115,0.7112629026718703,
20140422,P,randomise_1s,10min,78,0.8540437623226441,
20140422,P,randomise_1s,10min,70,0.8196705960376428,
20140422,P,randomise_1s,10min,248,0.7889412788943059,
20140422,P,randomise_1s,10min,150,0.7462081320595274,
20140422,P,randomise_1s,10min,157,0.8023842709187244,
20140422,P,randomise_1s,10min,185,0.7370887408624776,
20140422,P,randomise_1s,10min,246,0.7731085988508128,
20140422,P,randomise_1s,10min,88,0.8262966051259444,
20140422,P,randomise_1s,10min,220,0.8186361438788258,
20140422,P,randomise_1s,10min,98,0.7947294435270065,
20140422,P,randomise_1s,10min,24,0.7505740745517571,
20140422,P,randomise_1s,10min,52,0.749610647809812,
20140422,P,randomise_1s,10min,58,0.6469554275714636,
20140422,P,randomise_1s,10min,94,0.7512892396553981,
20140422,P,randomise_1s,10min,99,0.675490838415991,
20140422,P,randomise_1s,10min,61,0.7327741374778639,
20140422,P,randomise_1s,10min,40,0.6891133001184938,
20140422,P,randomise_1s,10min,45,0.6788117912355826,
20140422,P,randomise_1s,10min,76,0.7362170022638034,
20140422,P,randomise_1s,10min,91,0.750764470751683,
20140422,P,randomise_1s,10min,136,0.7412568040950656,
20140422,P,randomise_1s,10min,119,0.6858149122943903,
20140422,P,randomise_1s,10min,142,0.8118389369396357,
20140422,P,randomise_1s,10min,121,0.7301374204264771,
20140422,P,randomise_1s,10min,60,0.7895865684652396,
20140422,P,randomise_1s,10min,66,0.7748293700415902,
20140422,P,randomise_1s,10min,50,0.7073800571489375,
20140422,P,randomise_1s,10min,98,0.766408903717748,
20140422,P,randomise_1s,10min,43,0.626631756026566,
20140422,P,randomise_1s,10min,41,0.610729331960828,
20140422,P,randomise_1s,10min,102,0.7771039760549461,
20140422,P,randomise_1s,10min,136,0.7136266911589645,
20140422,P,randomise_1s,10min,123,0.7360336137227771,
20140422,P,randomise_1s,10min,26,0.6433647544901105,
20140422,P,randomise_1s,10min,46,0.6436324081073945,
20140422,P,randomise_1s,10min,54,0.7701320885211064,
20140422,P,randomise_1s,10min,93,0.7806749297816803,
20140422,P,randomise_1s,10min,62,0.8487812980916177,
20140422,P,randomise_1s,10min,78,0.7976352902174005,
20140422,P,randomise_1s,10min,95,0.7133773472309678,
20140422,P,randomise_1s,10min,90,0.7308452546938574,
20140422,P,randomise_1s,10min,92,0.7309678121213713,
20140422,P,randomise_1s,10min,119,0.7002502662072707,
20140422,P,randomise_1s,10min,137,0.6955354206881547,
20140422,P,randomise_1s,10min,234,0.8040505217271482,
20140422,P,randomise_1s,10min,109,0.6499255477763369,
20140422,P,randomise_1s,10min,206,0.7879197931026162,
20140422,P,randomise_1s,10min,103,0.7474164876063758,
20140422,P,randomise_1s,10min,99,0.8054081220851504,
20140422,P,randomise_1s,10min,196,0.8647979300883365,
20140422,P,randomise_1s,10min,111,0.7948996964776325,
20140422,P,randomise_1s,10min,77,0.7990839335708482,
20140422,P,randomise_1s,10min,55,0.7525739258032524,
20140422,P,randomise_1s,10min,147,0.7805295451799654,
20140422,P,randomise_1s,10min,26,0.5404798648157361,
20140422,P,randomise_1s,10min,22,0.7184158269144815,
20140422,P,randomise_1s,10min,32,0.710291040094485,
20140422,P,randomise_1s,10min,34,0.8503090150378727,
20140422,P,randomise_1s,10min,52,0.8796726789030272,
20140422,P,randomise_1s,10min,58,0.8108054241419489,
20140422,P,randomise_1s,10min,56,0.7486650062614908,
20140422,P,randomise_1s,10min,52,0.6021654727813582,
20140422,P,randomise_1s,10min,31,0.6303321128135219,
20140422,P,randomise_1s,10min,48,0.6529958260448249,
20140422,P,randomise_1s,10min,44,0.5109141042585368,
20140422,Tr,raw,day,27892,0.7107704458875486,0.9465608222255635
20140422,Tr,merge_0.001s,day,23777,0.7695047807500213,0.9307328830863656
20140422,Tr,merge_0.01s,day,21671,0.7972402342921594,0.9164877609480904
20140422,Tr,merge_0.1s,day,19012,0.8165516430842187,0.905363209324963
20140422,Tr,randomise_1s,10min,941,0.8265845559747755,
20140422,Tr,randomise_1s,10min,332,0.5081319119438454,
20140422,Tr,randomise_1s,10min,360,0.007447733435499866,
20140422,Tr,randomise_1s,10min,338,0.6238117176458008,
20140422,Tr,randomise_1s,10min,241,0.7342523190124254,
20140422,Tr,randomise_1s,10min,140,0.549101624611051,
20140422,Tr,randomise_1s,10min,658,0.7108855701433698,
20140422,Tr,randomise_1s,10min,744,0.8050670123357535,
20140422,Tr,randomise_1s,10min,609,0.8001170175307458,
20140422,Tr,randomise_1s,10min,406,0.6443939275565642,
20140422,Tr,randomise_1s,10min,1025,0.854725040545367,
20140422,Tr,randomise_1s,10min,497,0.8245700462174008,
20140422,Tr,randomise_1s,10min,1470,0.8645389175314847,
20140422,Tr,randomise_1s,10min,504,0.773333465077129,
20140422,Tr,randomise_1s,10min,132,0.44273419583467083,
20140422,Tr,randomise_1s,10min,255,0.7237575082465837,
20140422,Tr,randomise_1s,10min,655,0.8761920385362871,
20140422,Tr,randomise_1s,10min,331,0.7100805540120645,
20140422,Tr,randomise_1s,10min,1194,0.9115990738536142,
20140422,Tr,randomise_1s,10min,363,0.8202350270210975,
20140422,Tr,randomise_1s,10min,427,0.8623259542299034,
20140422,Tr,randomise_1s,10min,144,0.5952792853345079,
20140422,Tr,randomise_1s,10min,200,0.5981487734081495,
20140422,Tr,randomise_1s,10min,231,0.6682774333582693,
20140422,Tr,randomise_1s,10min,772,0.833019292124612,
20140422,Tr,randomise_1s,10min,636,0.8227056119159543,
20140422,Tr,randomise_1s,10min,424,0.8279322125105906,
20140422,Tr,randomise_1s,10min,726,0.9060385419754204,
20140422,Tr,randomise_1s,10min,193,0.7186144396524784,
20140422,Tr,randomise_1s,10min,176,0.7046243480906198,
20140422,Tr,randomise_1s,10min,108,0.6710514732798732,
20140422,Tr,randomise_1s,10min,189,0.7057199590661333,
20140422,Tr,randomise_1s,10min,347,0.8519447160475823,
20140422,Tr,randomise_1s,10min,117,0.6019012814151069,
20140422,Tr,randomise_1s,10min,180,0.592969681421775,
20140422,Tr,randomise_1s,10min,395,0.6993174771908072,
20140422,Tr,randomise_1s,10min,1374,0.8929386068273402,
20140422,Tr,randomise_1s,10min,688,0.8768017371350595,
20140422,Tr,randomise_1s,10min,242,0.47825494752001024,
20140422,Tr,randomise_1s,10min,323,0.7105260421430153,
20140422,Tr,randomise_1s,10min,132,0.4842175993000977,
20140422,Tr,randomise_1s,10min,174,0.5287239837775204,
20140422,Tr,randomise_1s,10min,285,0.7510531507697537,
20140422,Tr,randomise_1s,10min,205,0.5954696240344615,
20140422,Tr,randomise_1s,10min,689,0.8284311609014708,
20140422,Tr,randomise_1s,10min,243,0.5905336218978677,
20140422,Tr,randomise_1s,10min,264,0.6116409699038483,
20140422,Tr,randomise_1s,10min,245,0.5289774560972419,
20140422,Tr,randomise_1s,10min,302,0.5693589187662895,
20140422,Tr,randomise_1s,10min,518,0.654229873565293,
20140422,Tr,randomise_1s,10min,890,0.8257917642946202,
20140422,Tr,randomise_1s,10min,502,0.7148986206416269,
20140422,Tr,randomise_1s,10min,241,0.577796834841108,
20140422,Tr,randomise_1s,10min,361,0.6402945944897994,
20140422,Tr,randomise_1s,10min,471,0.7907850234308853,
20140422,Tr,randomise_1s,10min,447,0.6630421498040956,
20140422,Tr,randomise_1s,10min,294,0.5689703759761932,
20140422,Tr,randomise_1s,10min,206,0.6590956962289767,
20140422,Tr,randomise_1s,10min,303,0.6871962938454268,
20140422,Tr,randomise_1s,10min,463,0.8054168665476071,
20140422,Tr,randomise_1s,10min,170,0.5672511922225121,
20140422,Tr,randomise_1s,10min,181,0.6606268877715131,
20140422,Tr,randomise_1s,10min,150,0.6352543599221359,
20140422,Tr,randomise_1s,10min,185,0.6255301220051753,
20140422,Tr,randomise_1s,10min,85,0.675093856332685,
20140422,Tr,randomise_1s,10min,188,0.42895547917840615,
20140422,Tr,randomise_1s,10min,84,0.6184670496696684,
20140422,Tr,randomise_1s,10min,61,0.5679708266048166,
20140422,Tr,randomise_1s,10min,32,0.44941561445290595,
20140422,Tr,randomise_1s,10min,56,0.563575239920207,
20140422,Tr,randomise_1s,10min,43,0.3974175632242957,
20140422,Tr,randomise_1s,10min,21,0.46533352694875935,
20140422,Tr,randomise_1s,10min,31,0.6257200585127487,
20140422,Tr,randomise_1s,10min,40,0.598384938420204,
20140422,Tr,randomise_1s,10min,38,0.5032499670323931,
20140422,Tr,randomise_1s,10min,29,0.4422776939387022,
20140422,Tr,randomise_1s,10min,33,0.4596214581590339,
20140423,P,raw,day,10413,0.6164103632100876,0.9448521191962856
20140423,P,merge_0.001s,day,5210,0.5176293796188028,0.8988372868638534
20140423,P,merge_0.01s,day,3962,0.5460976494026772,0.8765869149129916
20140423,P,merge_0.1s,day,3102,0.5928064212354687,0.8613228873424101
20140423,P,randomise_1s,10min,27,0.5831908780603172,
20140423,P,randomise_1s,10min,69,0.746254524651815,
20140423,P,randomise_1s,10min,34,0.8496988679026583,
20140423,P,randomise_1s,10min,199,0.8753980108428407,
20140423,P,randomise_1s,10min,146,0.8133348299059494,
20140423,P,randomise_1s,10min,404,0.841375304057482,
20140423,P,randomise_1s,10min,283,0.8477796526399908,
20140423,P,randomise_1s,10min,218,0.8026469406379213,
20140423,P,randomise_1s,10min,630,0.8712203489068107,
20140423,P,randomise_1s,10min,161,0.7427379493915359,
20140423,P,randomise_1s,10min,103,0.7386993414763513,
20140423,P,randomise_1s,10min,374,0.8301694754036291,
20140423,P,randomise_1s,10min,163,0.7444966887716946,
20140423,P,randomise_1s,10min,68,0.7119300135130561,
20140423,P,randomise_1s,10min,458,0.8403571082170619,
20140423,P,randomise_1s,10min,32,0.6110225998757391,
20140423,P,randomise_1s,10min,68,0.7175646594669347,
20140423,P,randomise_1s,10min,55,0.6801881066579792,
20140423,P,randomise_1s,10min,121,0.8461529896463867,
20140423,P,randomise_1s,10min,305,0.8783838742805021,
20140423,P,randomise_1s,10min,234,0.8546119575101515,
20140423,P,randomise_1s,10min,109,0.7296843600592849,
20140423,P,randomise_1s,10min,81,0.6431070307868767,
20140423,P,randomise_1s,10min,50,0.7094036898008282,
20140423,P,randomise_1s,10min,30,0.6202279365776855,
20140423,P,randomise_1s,10min,113,0.8640404008096172,
20140423,P,randomise_1s,10min,97,0.6742497798555357,
20140423,P,randomise_1s,10min,23,0.46136732303849737,
20140423,P,randomise_1s,10min,63,0.7707752863732108,
20140423,P,randomise_1s,10min,60,0.696472021038442,
20140423,P,randomise_1s,10min,137,0.7442340828355092,
20140423,P,randomise_1s,10min,26,0.5456107050732611,
20140423,P,randomise_1s,10min,78,0.7910662664535468,
20140423,P,randomise_1s,10min,145,0.9198522344381642,
20140423,P,randomise_1s,10min,137,0.7067552049649218,
20140423,P,randomise_1s,10min,186,0.7891963729561621,
20140423,P,randomise_1s,10min,65,0.6741738677106992,
20140423,P,randomise_1s,10min,113,0.7523853701017008,
20140423,P,randomise_1s,10min,71,0.7615665081016233,
20140423,P,randomise_1s,10min,55,0.8250637737648635,
20140423,P,randomise_1s,10min,83,0.756943769925536,
20140423,P,randomise_1s,10min,199,0.7998056198660932,
20140423,P,randomise_1s,10min,359,0.852343560827637,
20140423,P,randomise_1s,10min,185,0.7739093618576768,
20140423,P,randomise_1s,10min,199,0.7434395743977865,
20140423,P,randomise_1s,10min,378,0.8253070673650763,
20140423,P,randomise_1s,10min,757,0.8416779968415061,
20140423,P,randomise_1s,10min,202,0.7013462255173968,
20140423,P,randomise_1s,10min,165,0.716649379226423,
20140423,P,randomise_1s,10min,226,0.7859835149620809,
20140423,P,randomise_1s,10min,114,0.7424920743670804,
20140423,P,randomise_1s,10min,139,0.8439981846105751,
20140423,P,randomise_1s,10min,87,0.7962427159190671,
20140423,P,randomise_1s,10min,281,0.8437338701871421,
20140423,P,randomise_1s,10min,175,0.8185868879657526,
20140423,P,randomise_1s,10min,98,0.8291509780200431,
20140423,P,randomise_1s,10min,110,0.8100089369227874,
20140423,P,randomise_1s,10min,53,0.7083188121995717,
20140423,P,randomise_1s,10min,158,0.821651268598858,
20140423,P,randomise_1s,10min,54,0.6965019339361521,
20140423,P,randomise_1s,10min,25,0.8773573958704762,
20140423,P,randomise_1s,10min,96,0.8808588997749561,
20140423,P,randomise_1s,10min,68,0.7953061412162817,
20140423,P,randomise_1s,10min,23,0.660099394968125,
20140423,P,randomise_1s,10min,23,0.5962598118743525,
20140423,P,randomise_1s,10min,37,0.5894746563692592,
20140423,P,randomise_1s,10min,33,0.6594863442136388,
20140423,P,randomise_1s,10min,25,0.7519610674226351,
20140423,P,randomise_1s,10min,30,0.8283651900498711,
20140423,P,randomise_1s,10min,26,0.6914567386261742,
20140423,P,randomise_1s,10min,33,0.9350258409706076,
20140423,P,randomise_1s,10min,24,0.823697752296787,
20140423,Tr,raw,day,30033,0.7017944481135932,0.9621414983555819
20140423,Tr,merge_0.001s,day,24622,0.7225218013157645,0.950423970441186
20140423,Tr,merge_0.01s,day,21601,0.7591921512574642,0.9382614472658456
20140423,Tr,merge_0.1s,day,17333,0.82334871768811,0.9258560271986833
20140423,Tr,randomise_1s,10min,83,0.9003936538458241,
20140423,Tr,randomise_1s,10min,313,0.6123086171826061,
20140423,Tr,randomise_1s,10min,212,0.5759460789754283,
20140423,Tr,randomise_1s,10min,534,0.8211538733730561,
20140423,Tr,randomise_1s,10min,211,0.5856457957951001,
20140423,Tr,randomise_1s,10min,1070,0.8166593095950405,
20140423,Tr,randomise_1s,10min,550,0.7648781322180566,
20140423,Tr,randomise_1s,10min,646,0.8085652739396625,
20140423,Tr,randomise_1s,10min,997,0.7980096439782298,
20140423,Tr,randomise_1s,10min,1015,0.8090119141383967,
20140423,Tr,randomise_1s,10min,519,0.7481301003885426,
20140423,Tr,randomise_1s,10min,1563,0.89170246568771,
20140423,Tr,randomise_1s,10min,738,0.8138558733938733,
20140423,Tr,randomise_1s,10min,313,0.6420351797836698,
20140423,Tr,randomise_1s,10min,961,0.8384861883934277,
20140423,Tr,randomise_1s,10min,147,0.6106824922207528,
20140423,Tr,randomise_1s,10min,131,0.6096274496772361,
20140423,Tr,randomise_1s,10min,281,0.5975618960264346,
20140423,Tr,randomise_1s,10min,258,0.6756800743651625,
20140423,Tr,randomise_1s,10min,497,0.6974643107133756,
20140423,Tr,randomise_1s,10min,404,0.7278213758658082,
20140423,Tr,randomise_1s,10min,322,0.7810494209097962,
20140423,Tr,randomise_1s,10min,427,0.6578720917525265,
20140423,Tr,randomise_1s,10min,154,0.5836980185149608,
20140423,Tr,randomise_1s,10min,124,0.49674650627688854,
20140423,Tr,randomise_1s,10min,338,0.7367342656300105,
20140423,Tr,randomise_1s,10min,319,0.5777803204815327,
20140423,Tr,randomise_1s,10min,144,0.570777157165346,
20140423,Tr,randomise_1s,10min,203,0.5634372658817733,
20140423,Tr,randomise_1s,10min,125,0.48367928925875703,
20140423,Tr,randomise_1s,10min,282,0.7198565805633469,
20140423,Tr,randomise_1s,10min,87,0.5562479151019651,
20140423,Tr,randomise_1s,10min,133,0.5475059938272269,
20140423,Tr,randomise_1s,10min,164,0.5704820452285555,
20140423,Tr,randomise_1s,10min,204,0.6306493846816786,
20140423,Tr,randomise_1s,10min,469,0.730393046160161,
20140423,Tr,randomise_1s,10min,621,0.7254678685738837,
20140423,Tr,randomise_1s,10min,293,0.5916948437064767,
20140423,Tr,randomise_1s,10min,260,0.6508561939805154,
20140423,Tr,randomise_1s,10min,185,0.6187468909523104,
20140423,Tr,randomise_1s,10min,187,0.5549367027934621,
20140423,Tr,randomise_1s,10min,418,0.7630446030401106,
20140423,Tr,randomise_1s,10min,687,0.7042903499438271,
20140423,Tr,randomise_1s,10min,1358,0.7614460537229844,
20140423,Tr,randomise_1s,10min,536,0.6680899112597432,
20140423,Tr,randomise_1s,10min,642,0.7186055911759286,
20140423,Tr,randomise_1s,10min,1430,0.8070130062691663,
20140423,Tr,randomise_1s,10min,1385,0.7283368387977407,
20140423,Tr,randomise_1s,10min,456,0.5393478671430135,
20140423,Tr,randomise_1s,10min,361,0.5485726063421544,
20140423,Tr,randomise_1s,10min,734,0.8147021228341507,
20140423,Tr,randomise_1s,10min,709,0.8833586306666948,
20140423,Tr,randomise_1s,10min,408,0.7276228637718192,
20140423,Tr,randomise_1s,10min,268,0.6975213754058122,
20140423,Tr,randomise_1s,10min,1236,0.7929926096866178,
20140423,Tr,randomise_1s,10min,481,0.6343391591276242,
20140423,Tr,randomise_1s,10min,274,0.5264267237588006,
20140423,Tr,randomise_1s,10min,174,0.6486107110108084,
20140423,Tr,randomise_1s,10min,180,0.6473449704040942,
20140423,Tr,randomise_1s,10min,377,0.7454243773411598,
20140423,Tr,randomise_1s,10min,95,0.3778824571424446,
20140423,Tr,randomise_1s,10min,74,0.40631363785047375,
20140423,Tr,randomise_1s,10min,53,0.45784677768467663,
20140423,Tr,randomise_1s,10min,49,0.4911321696439507,
20140423,Tr,randomise_1s,10min,254,0.8068668139691422,
20140423,Tr,randomise_1s,10min,119,0.656344910563853,
20140423,Tr,randomise_1s,10min,47,0.5139055016728157,
20140423,Tr,randomise_1s,10min,98,0.6796803769165745,
20140423,Tr,randomise_1s,10min,53,0.597487129439658,
20140423,Tr,randomise_1s,10min,21,0.45529302671758404,
20140423,Tr,randomise_1s,10min,56,0.4018342065199025,
20140423,Tr,randomise_1s,10min,79,0.6858341487105397,
20140423,Tr,randomise_1s,10min,20,0.6234768836245984,
20140423,Tr,randomise_1s,10min,24,0.6552456118261532,
20140423,Tr,randomise_1s,10min,37,0.6788832807238099,
20140423,Tr,randomise_1s,10min,74,0.7331281198906954,
20140423,Tr,randomise_1s,10min,43,0.6219148930265588,
20140423,Tr,randomise_1s,10min,59,0.6194986150723283,
20140423,Tr,randomise_1s,10min,21,0.7988013167638263,
20140423,Tr,randomise_1s,10min,20,0.2792891740962935,
20140423,Tr,randomise_1s,10min,37,0.5942671192115302,
20140423,Tr,randomise_1s,10min,37,0.3560822923728228,
20140424,P,raw,day,14705,0.6032528176077621,0.9505970798500518
20140424,P,merge_0.001s,day,7479,0.5128720299162962,0.9128501227174307
20140424,P,merge_0.01s,day,5759,0.5501395880611823,0.8941258283911724
20140424,P,merge_0.1s,day,4439,0.6832752109736121,0.8807144082938753
20140424,P,randomise_1s,10min,48,0.6626072448878232,
20140424,P,randomise_1s,10min,88,0.8031898706959701,
20140424,P,randomise_1s,10min,35,0.42712938970673325,
20140424,P,randomise_1s,10min,124,0.8766044833760402,
20140424,P,randomise_1s,10min,103,0.6739916209270387,
20140424,P,randomise_1s,10min,161,0.7315505992767299,
20140424,P,randomise_1s,10min,185,0.7931970766355346,
20140424,P,randomise_1s,10min,72,0.7050174598100781,
20140424,P,randomise_1s,10min,96,0.6532539270545374,
20140424,P,randomise_1s,10min,113,0.6217176391227663,
20140424,P,randomise_1s,10min,172,0.7495419072504901,
20140424,P,randomise_1s,10min,180,0.8128496089831388,
20140424,P,randomise_1s,10min,656,0.8694334863660229,
20140424,P,randomise_1s,10min,255,0.8201413395281478,
20140424,P,randomise_1s,10min,209,0.8260714404423363,
20140424,P,randomise_1s,10min,79,0.6389484827475552,
20140424,P,randomise_1s,10min,140,0.8156974340974253,
20140424,P,randomise_1s,10min,64,0.5951653602032337,
20140424,P,randomise_1s,10min,366,0.7650046262233017,
20140424,P,randomise_1s,10min,150,0.7542513957450312,
20140424,P,randomise_1s,10min,184,0.8406206163988255,
20140424,P,randomise_1s,10min,137,0.832290496591391,
20140424,P,randomise_1s,10min,191,0.8885535846310093,
20140424,P,randomise_1s,10min,98,0.7500603715234658,
20140424,P,randomise_1s,10min,165,0.8535916929825844,
20140424,P,randomise_1s,10min,74,0.743004388439717,
20140424,P,randomise_1s,10min,149,0.7481567914764906,
20140424,P,randomise_1s,10min,209,0.8406670030107259,
20140424,P,randomise_1s,10min,121,0.8343631199220319,
20140424,P,randomise_1s,10min,80,0.8671683068315134,
20140424,P,randomise_1s,10min,46,0.6947507112030379,
20140424,P,randomise_1s,10min,74,0.7275722261216012,
20140424,P,randomise_1s,10min,197,0.7686352937330303,
20140424,P,randomise_1s,10min,129,0.7712032296796376,
20140424,P,randomise_1s,10min,72,0.7198539173526113,
20140424,P,randomise_1s,10min,146,0.8347487329455364,
20140424,P,randomise_1s,10min,93,0.7404978901830214,
20140424,P,randomise_1s,10min,85,0.7569661074469946,
20140424,P,randomise_1s,10min,119,0.782484921066732,
20140424,P,randomise_1s,10min,956,0.891526155513988,
20140424,P,randomise_1s,10min,626,0.8665142115323985,
20140424,P,randomise_1s,10min,249,0.742780393619261,
20140424,P,randomise_1s,10min,351,0.7359821330646299,
20140424,P,randomise_1s,10min,147,0.7233902277998856,
20140424,P,randomise_1s,10min,109,0.6642877335775875,
20140424,P,randomise_1s,10min,443,0.7320726926852574,
20140424,P,randomise_1s,10min,970,0.8205571752606878,
20140424,P,randomise_1s,10min,874,0.8249770093746237,
20140424,P,randomise_1s,10min,678,0.7917640068768894,
20140424,P,randomise_1s,10min,543,0.7326466782376295,
20140424,P,randomise_1s,10min,470,0.7857759039828021,
20140424,P,randomise_1s,10min,286,0.7812882957808285,
20140424,P,randomise_1s,10min,369,0.7888708218927031,
20140424,P,randomise_1s,10min,131,0.7213870522029068,
20140424,P,randomise_1s,10min,298,0.7802871418608699,
20140424,P,randomise_1s,10min,170,0.8102802989018152,
20140424,P,randomise_1s,10min,205,0.7357488421105288,
20140424,P,randomise_1s,10min,211,0.8005130264337833,
20140424,P,randomise_1s,10min,29,0.6462089435846496,
20140424,P,randomise_1s,10min,166,0.8381369638642158,
20140424,P,randomise_1s,10min,121,0.7973149025017273,
20140424,P,randomise_1s,10min,22,0.5856769124979176,
20140424,P,randomise_1s,10min,26,0.7700639613865563,
20140424,P,randomise_1s,10min,21,0.5403346464868662,
20140424,P,randomise_1s,10min,63,0.8230130459874789,
20140424,P,randomise_1s,10min,67,0.6494382444964514,
20140424,P,randomise_1s,10min,45,0.689809189319964,
20140424,P,randomise_1s,10min,32,0.6667352861981466,
20140424,P,randomise_1s,10min,33,0.8304601869647287,
20140424,P,randomise_1s,10min,42,0.6698418019239503,
20140424,P,randomise_1s,10min,21,0.6606281758112682,
20140424,P,randomise_1s,10min,33,0.5776442053999851,
20140424,P,randomise_1s,10min,34,0.5412271526025357,
20140424,P,randomise_1s,10min,58,0.8416610758719122,
20140424,Tr,raw,day,37290,0.3823884796500509,0.964217037283881
20140424,Tr,merge_0.001s,day,30156,0.6857527004258249,0.9564276820729366
20140424,Tr,merge_0.01s,day,26057,0.7712270302279496,0.9454568074171583
20140424,Tr,merge_0.1s,day,20261,0.8585560990789721,0.9436285826654905
20140424,Tr,randomise_1s,10min,446,0.6401591786030093,
20140424,Tr,randomise_1s,10min,155,0.384914187750658,
20140424,Tr,randomise_1s,10min,145,0.6387455365378919,
20140424,Tr,randomise_1s,10min,86,0.5988592271970841,
20140424,Tr,randomise_1s,10min,247,0.5608281627469224,
20140424,Tr,randomise_1s,10min,464,0.5351935241174332,
20140424,Tr,randomise_1s,10min,609,0.47940443939287153,
20140424,Tr,randomise_1s,10min,190,0.6029090175859442,
20140424,Tr,randomise_1s,10min,220,0.5555138555719719,
20140424,Tr,randomise_1s,10min,291,0.5884237949371159,
20140424,Tr,randomise_1s,10min,279,0.6131633085908759,
20140424,Tr,randomise_1s,10min,328,0.5839339805398525,
20140424,Tr,randomise_1s,10min,1514,0.771347874993288,
20140424,Tr,randomise_1s,10min,1145,0.7918230215285201,
20140424,Tr,randomise_1s,10min,745,0.6350341504810776,
20140424,Tr,randomise_1s,10min,297,0.5265827182701661,
20140424,Tr,randomise_1s,10min,351,0.7048107971654259,
20140424,Tr,randomise_1s,10min,192,0.5820400592430369,
20140424,Tr,randomise_1s,10min,1338,0.8303587156617993,
20140424,Tr,randomise_1s,10min,301,0.5685208633034259,
20140424,Tr,randomise_1s,10min,465,0.6620344770933703,
20140424,Tr,randomise_1s,10min,443,0.7028367168381463,
20140424,Tr,randomise_1s,10min,343,0.5466081949619328,
20140424,Tr,randomise_1s,10min,514,0.48582573869722817,
20140424,Tr,randomise_1s,10min,490,0.69073894383334,
20140424,Tr,randomise_1s,10min,256,0.6572260298894472,
20140424,Tr,randomise_1s,10min,344,0.7042987830753132,
20140424,Tr,randomise_1s,10min,1564,0.9160987447836392,
20140424,Tr,randomise_1s,10min,542,0.7792143554060988,
20140424,Tr,randomise_1s,10min,236,0.5600490900202129,
20140424,Tr,randomise_1s,10min,218,0.6064559260758734,
20140424,Tr,randomise_1s,10min,209,0.6276108478060008,
20140424,Tr,randomise_1s,10min,412,0.7785382651554701,
20140424,Tr,randomise_1s,10min,342,0.6658556895791644,
20140424,Tr,randomise_1s,10min,160,0.6303339447753865,
20140424,Tr,randomise_1s,10min,231,0.6307013169073665,
20140424,Tr,randomise_1s,10min,159,0.6052769364226335,
20140424,Tr,randomise_1s,10min,149,0.4851592330800993,
20140424,Tr,randomise_1s,10min,465,0.6944253503307322,
20140424,Tr,randomise_1s,10min,1304,0.7997527029161875,
20140424,Tr,randomise_1s,10min,1416,0.8429105697231875,
20140424,Tr,randomise_1s,10min,1752,0.8614369149266005,
20140424,Tr,randomise_1s,10min,888,0.6837315019784954,
20140424,Tr,randomise_1s,10min,365,0.5776019033362048,
20140424,Tr,randomise_1s,10min,295,0.6312525283577116,
20140424,Tr,randomise_1s,10min,1007,0.6549777292011488,
20140424,Tr,randomise_1s,10min,2941,0.8002093076424521,
20140424,Tr,randomise_1s,10min,1544,0.6889727837228453,
20140424,Tr,randomise_1s,10min,1292,0.692659546459653,
20140424,Tr,randomise_1s,10min,1170,0.7000324798349788,
20140424,Tr,randomise_1s,10min,731,0.6641762771458638,
20140424,Tr,randomise_1s,10min,676,0.6560509566352435,
20140424,Tr,randomise_1s,10min,434,0.5930678896556039,
20140424,Tr,randomise_1s,10min,336,0.5993671076091277,
20140424,Tr,randomise_1s,10min,485,0.6928701497142481,
20140424,Tr,randomise_1s,10min,795,0.7204994993952234,
20140424,Tr,randomise_1s,10min,617,0.5541987080729577,
20140424,Tr,randomise_1s,10min,295,0.5252366324970718,
20140424,Tr,randomise_1s,10min,150,0.6036410076376729,
20140424,Tr,randomise_1s,10min,255,0.5647885603025056,
20140424,Tr,randomise_1s,10min,160,0.6146733429463768,
20140424,Tr,randomise_1s,10min,106,0.5965858493690607,
20140424,Tr,randomise_1s,10min,122,0.5415665272614185,
20140424,Tr,randomise_1s,10min,133,0.7675188719466035,
20140424,Tr,randomise_1s,10min,82,0.47196130892783733,
20140424,Tr,randomise_1s,10min,148,0.7355177214211869,
20140424,Tr,randomise_1s,10min,87,0.6126749024955108,
20140424,Tr,randomise_1s,10min,55,0.47247654938606787,
20140424,Tr,randomise_1s,10min,56,0.47706456536905767,
20140424,Tr,randomise_1s,10min,95,0.5490551956718638,
20140424,Tr,randomise_1s,10min,58,0.44579876702831206,
20140424,Tr,randomise_1s,10min,55,0.43259502671439115,
20140424,Tr,randomise_1s,10min,30,0.7127467117711749,
20140424,Tr,randomise_1s,10min,30,0.4117478598762724,
20140424,Tr,randomise_1s,10min,20,0.3887360344567514,
20140424,Tr,randomise_1s,10min,31,0.4936215083740239,
20140424,Tr,randomise_1s,10min,81,0.8856128680156562,
20140424,Tr,randomise_1s,10min,120,3.2467827959537686e-09,
20140424,Tr,randomise_1s,10min,31,0.6942995401380672,
20140424,Tr,randomise_1s,10min,43,0.2797233406258053,
20140425,P,raw,day,11575,0.6053445968809202,0.9342022537154671
20140425,P,merge_0.001s,day,5720,0.4760668166928306,0.8821410331745045
20140425,P,merge_0.01s,day,4481,0.4929021671312041,0.8551308938927997
20140425,P,merge_0.1s,day,3513,0.548683731633687,0.8425088514717504
20140425,P,randomise_1s,10min,204,0.8559103865635553,
20140425,P,randomise_1s,10min,137,0.7993064280089803,
20140425,P,randomise_1s,10min,175,0.8162172864121215,
20140425,P,randomise_1s,10min,95,0.9135922132730264,
20140425,P,randomise_1s,10min,157,0.8175048012935491,
20140425,P,randomise_1s,10min,296,0.8499801495245212,
20140425,P,randomise_1s,10min,238,0.8185515260314414,
20140425,P,randomise_1s,10min,373,0.8036908882924821,
20140425,P,randomise_1s,10min,291,0.8230559205343068,
20140425,P,randomise_1s,10min,139,0.7737978295282242,
20140425,P,randomise_1s,10min,100,0.7485018830518626,
20140425,P,randomise_1s,10min,100,0.8150998456558064,
20140425,P,randomise_1s,10min,238,0.8143575658497536,
20140425,P,randomise_1s,10min,84,0.7027664416273239,
20140425,P,randomise_1s,10min,215,0.7715774984354493,
20140425,P,randomise_1s,10min,206,0.8124627011471445,
20140425,P,randomise_1s,10min,99,0.8365632920998793,
20140425,P,randomise_1s,10min,102,0.7908405297057199,
20140425,P,randomise_1s,10min,242,0.8399323608140805,
20140425,P,randomise_1s,10min,200,0.8720522995195538,
20140425,P,randomise_1s,10min,240,0.7815286421746132,
20140425,P,randomise_1s,10min,76,0.7258310419207454,
20140425,P,randomise_1s,10min,151,0.7807760563991851,
20140425,P,randomise_1s,10min,162,0.8333094683330028,
20140425,P,randomise_1s,10min,83,0.7426391023411766,
20140425,P,randomise_1s,10min,80,0.8302815979148702,
20140425,P,randomise_1s,10min,90,0.702570007339214,
20140425,P,randomise_1s,10min,199,0.7970324957789546,
20140425,P,randomise_1s,10min,291,0.84894100736793,
20140425,P,randomise_1s,10min,103,0.7964875459124383,
20140425,P,randomise_1s,10min,147,0.7987219050371119,
20140425,P,randomise_1s,10min,148,0.7574308238411956,
20140425,P,randomise_1s,10min,75,0.7596395226432697,
20140425,P,randomise_1s,10min,94,0.7638899804953038,
20140425,P,randomise_1s,10min,154,0.8049788992449463,
20140425,P,randomise_1s,10min,166,0.7398513691493883,
20140425,P,randomise_1s,10min,123,0.8254305729407253,
20140425,P,randomise_1s,10min,34,0.4783792023995376,
20140425,P,randomise_1s,10min,47,0.6171371459417765,
20140425,P,randomise_1s,10min,90,0.7494350169428218,
20140425,P,randomise_1s,10min,244,0.8051081302563231,
20140425,P,randomise_1s,10min,168,0.8480734220377922,
20140425,P,randomise_1s,10min,159,0.8564280448385007,
20140425,P,randomise_1s,10min,209,0.8900876892933124,
20140425,P,randomise_1s,10min,140,0.7597907588843973,
20140425,P,randomise_1s,10min,373,0.7790353824970172,
20140425,P,randomise_1s,10min,275,0.7580970841922138,
20140425,P,randomise_1s,10min,586,0.7957758858019092,
20140425,P,randomise_1s,10min,489,0.8015626287373758,
20140425,P,randomise_1s,10min,342,0.7475462943468423,
20140425,P,randomise_1s,10min,176,0.7791469451226155,
20140425,P,randomise_1s,10min,222,0.7567805551054849,
20140425,P,randomise_1s,10min,236,0.7878698067776511,
20140425,P,randomise_1s,10min,292,0.8304986849348701,
20140425,P,randomise_1s,10min,72,0.5815317938511152,
20140425,P,randomise_1s,10min,241,0.8083820837078598,
20140425,P,randomise_1s,10min,76,0.7507932847640213,
20140425,P,randomise_1s,10min,150,0.7377521489899973,
20140425,P,randomise_1s,10min,123,0.6913352386629273,
20140425,P,randomise_1s,10min,118,0.7913636411051571,
20140425,P,randomise_1s,10min,98,0.7527400046549366,
20140425,P,randomise_1s,10min,84,0.6824138874503227,
20140425,P,randomise_1s,10min,53,0.6968324496931482,
20140425,P,randomise_1s,10min,34,0.7418851944323058,
20140425,P,randomise_1s,10min,42,0.7195526302487045,
20140425,P,randomise_1s,10min,38,0.8428922407201668,
20140425,P,randomise_1s,10min,22,0.5183870201109919,
20140425,P,randomise_1s,10min,33,0.5951378353906687,
20140425,P,randomise_1s,10min,21,0.6621238239421235,
20140425,P,randomise_1s,10min,48,0.6605618680034141,
20140425,P,randomise_1s,10min,24,0.7892057823694767,
20140425,Tr,raw,day,29375,0.6643323429335054,0.9465228929073463
20140425,Tr,merge_0.001s,day,23969,0.6751794452806722,0.9310685296982824
20140425,Tr,merge_0.01s,day,21195,0.7010885165569175,0.9165185364386979
20140425,Tr,merge_0.1s,day,17254,0.7684152533083513,0.9047569655126034
20140425,Tr,randomise_1s,10min,507,0.7847878043085765,
20140425,Tr,randomise_1s,10min,331,0.5224642018352663,
20140425,Tr,randomise_1s,10min,212,0.6405398199713926,
20140425,Tr,randomise_1s,10min,152,0.49923910363544244,
20140425,Tr,randomise_1s,10min,291,0.5630885663187433,
20140425,Tr,randomise_1s,10min,332,0.6423472816892967,
20140425,Tr,randomise_1s,10min,489,0.6487100214755176,
20140425,Tr,randomise_1s,10min,876,0.7866017478406809,
20140425,Tr,randomise_1s,10min,373,0.6589031001667139,
20140425,Tr,randomise_1s,10min,306,0.6646160871001525,
20140425,Tr,randomise_1s,10min,295,0.7438316192139679,
20140425,Tr,randomise_1s,10min,202,0.646836153488372,
20140425,Tr,randomise_1s,10min,704,0.7450094610693857,
20140425,Tr,randomise_1s,10min,215,0.6478448271046763,
20140425,Tr,randomise_1s,10min,327,0.6923204923215884,
20140425,Tr,randomise_1s,10min,311,0.7213830124981754,
20140425,Tr,randomise_1s,10min,232,0.6324146484611753,
20140425,Tr,randomise_1s,10min,203,0.6010218236771991,
20140425,Tr,randomise_1s,10min,360,0.6571744871068371,
20140425,Tr,randomise_1s,10min,262,0.6789012612101065,
20140425,Tr,randomise_1s,10min,553,0.6612727507066483,
20140425,Tr,randomise_1s,10min,306,0.5788438134363338,
20140425,Tr,randomise_1s,10min,510,0.7780096942938933,
20140425,Tr,randomise_1s,10min,308,0.5472619041242602,
20140425,Tr,randomise_1s,10min,224,0.5368066237352493,
20140425,Tr,randomise_1s,10min,289,0.7362673935198316,
20140425,Tr,randomise_1s,10min,229,0.5960152403966099,
20140425,Tr,randomise_1s,10min,471,0.7344095722507512,
20140425,Tr,randomise_1s,10min,697,0.6932963985276182,
20140425,Tr,randomise_1s,10min,288,0.5895965050454994,
20140425,Tr,randomise_1s,10min,693,0.7914049621329414,
20140425,Tr,randomise_1s,10min,431,0.6713439037394522,
20140425,Tr,randomise_1s,10min,187,0.4470087907369113,
20140425,Tr,randomise_1s,10min,239,0.5664921837291399,
20140425,Tr,randomise_1s,10min,220,0.5962741054381073,
20140425,Tr,randomise_1s,10min,429,0.6664464290679732,
20140425,Tr,randomise_1s,10min,395,0.7633163229771142,
20140425,Tr,randomise_1s,10min,150,0.5291581754894409,
20140425,Tr,randomise_1s,10min,249,0.49834797437157846,
20140425,Tr,randomise_1s,10min,222,0.6527457253629303,
20140425,Tr,randomise_1s,10min,878,0.8546506989586785,
20140425,Tr,randomise_1s,10min,366,0.6024045633125619,
20140425,Tr,randomise_1s,10min,621,0.8558460070293892,
20140425,Tr,randomise_1s,10min,348,0.730162115475775,
20140425,Tr,randomise_1s,10min,905,0.8838533564301625,
20140425,Tr,randomise_1s,10min,1190,0.7633792893285335,
20140425,Tr,randomise_1s,10min,750,0.7363080356923624,
20140425,Tr,randomise_1s,10min,1364,0.7569839823207216,
20140425,Tr,randomise_1s,10min,1009,0.8164390327516289,
20140425,Tr,randomise_1s,10min,998,0.8576287095281593,
20140425,Tr,randomise_1s,10min,283,0.5976395669086583,
20140425,Tr,randomise_1s,10min,418,0.6686489287790088,
20140425,Tr,randomise_1s,10min,799,0.8155173039913066,
20140425,Tr,randomise_1s,10min,751,0.7527999297279658,
20140425,Tr,randomise_1s,10min,594,0.7030348847725182,
20140425,Tr,randomise_1s,10min,1420,0.8549354874922401,
20140425,Tr,randomise_1s,10min,359,0.7103399293169018,
20140425,Tr,randomise_1s,10min,332,0.6731122567063227,
20140425,Tr,randomise_1s,10min,273,0.6007270449577659,
20140425,Tr,randomise_1s,10min,251,0.5860903961068268,
20140425,Tr,randomise_1s,10min,220,0.6793783186382267,
20140425,Tr,randomise_1s,10min,110,0.5129569462205961,
20140425,Tr,randomise_1s,10min,71,0.5222057716657987,
20140425,Tr,randomise_1s,10min,58,0.30260243976942985,
20140425,Tr,randomise_1s,10min,54,0.3253905511380108,
20140425,Tr,randomise_1s,10min,61,0.32386172650822886,
20140425,Tr,randomise_1s,10min,26,0.365447355822849,
20140425,Tr,randomise_1s,10min,21,0.3732912559033665,
20140425,Tr,randomise_1s,10min,33,0.6487501461778088,
20140425,Tr,randomise_1s,10min,62,0.5833440776646508,
20140425,Tr,randomise_1s,10min,29,0.5377372764691845,
20140425,Tr,randomise_1s,10min,67,0.6848247774266503,
20140425,Tr,randomise_1s,10min,36,0.588355068737327,
20140425,Tr,randomise_1s,10min,48,0.5710425088255799,
20140425,Tr,randomise_1s,10min,22,0.5348902140145989,
20140425,Tr,randomise_1s,10min,34,0.47550741255303086,
20140425,Tr,randomise_1s,10min,96,0.3406637204031043,
20140425,Tr,randomise_1s,10min,134,0.1493284922981867,
20140425,Tr,randomise_1s,10min,40,0.5885608170952226,
20140425,Tr,randomise_1s,10min,49,0.6372410272462908,
20140428,P,raw,day,8598,0.5776287679640135,0.9080344462579543
20140428,P,merge_0.001s,day,4404,0.4367229915613832,0.8330770213520406
20140428,P,merge_0.01s,day,3566,0.4583405413582457,0.8007789957753458
20140428,P,merge_0.1s,day,2868,0.523897835190664,0.773487996891091
20140428,P,randomise_1s,10min,269,0.827678055819052,
20140428,P,randomise_1s,10min,74,0.7390189612102751,
20140428,P,randomise_1s,10min,49,0.7278240238127702,
20140428,P,randomise_1s,10min,39,0.6865769166577324,
20140428,P,randomise_1s,10min,155,0.8062156116514823,
20140428,P,randomise_1s,10min,120,0.8651344596330917,
20140428,P,randomise_1s,10min,176,0.7278215248518015,
20140428,P,randomise_1s,10min,65,0.8565548563109038,
20140428,P,randomise_1s,10min,170,0.7236318333189324,
20140428,P,randomise_1s,10min,102,0.7461242258188497,
20140428,P,randomise_1s,10min,44,0.6008757364902457,
20140428,P,randomise_1s,10min,47,0.7450071964567974,
20140428,P,randomise_1s,10min,100,0.6941248844952209,
20140428,P,randomise_1s,10min,146,0.7542679183178632,
20140428,P,randomise_1s,10min,93,0.7271610875989499,
20140428,P,randomise_1s,10min,109,0.8116838497999269,
20140428,P,randomise_1s,10min,57,0.7165523774215422,
20140428,P,randomise_1s,10min,46,0.7252165646168252,
20140428,P,randomise_1s,10min,135,0.7941632561097866,
20140428,P,randomise_1s,10min,72,0.6581183376902244,
20140428,P,randomise_1s,10min,79,0.8141079026370842,
20140428,P,randomise_1s,10min,91,0.7042999488997556,
20140428,P,randomise_1s,10min,20,0.5778378453630114,
20140428,P,randomise_1s,10min,78,0.8441480262849852,
20140428,P,randomise_1s,10min,64,0.7214768643621208,
20140428,P,randomise_1s,10min,109,0.6989482992034517,
20140428,P,randomise_1s,10min,77,0.7302869110139616,
20140428,P,randomise_1s,10min,67,0.6123555985932437,
20140428,P,randomise_1s,10min,54,0.7347386529842784,
20140428,P,randomise_1s,10min,62,0.6663564648368457,
20140428,P,randomise_1s,10min,39,0.3825597803805886,
20140428,P,randomise_1s,10min,150,0.8203668221953018,
20140428,P,randomise_1s,10min,43,0.729554577899216,
20140428,P,randomise_1s,10min,67,0.6866860177925025,
20140428,P,randomise_1s,10min,79,0.7518650122856532,
20140428,P,randomise_1s,10min,37,0.7744044657357649,
20140428,P,randomise_1s,10min,49,0.7265266055766518,
20140428,P,randomise_1s,10min,26,0.5654139624818273,
20140428,P,randomise_1s,10min,67,0.6949019598178572,
20140428,P,randomise_1s,10min,69,0.7156438815027536,
20140428,P,randomise_1s,10min,169,0.7909811237812212,
20140428,P,randomise_1s,10min,189,0.6806065952041459,
20140428,P,randomise_1s,10min,171,0.8023671191944207,
20140428,P,randomise_1s,10min,194,0.728091288607436,
20140428,P,randomise_1s,10min,221,0.7311267377998502,
20140428,P,randomise_1s,10min,425,0.8189851289555732,
20140428,P,randomise_1s,10min,329,0.7981878262345042,
20140428,P,randomise_1s,10min,389,0.8446319159068293,
20140428,P,randomise_1s,10min,448,0.8220285648573258,
20140428,P,randomise_1s,10min,210,0.8360013814576611,
20140428,P,randomise_1s,10min,184,0.7775087757078388,
20140428,P,randomise_1s,10min,167,0.7276570817460367,
20140428,P,randomise_1s,10min,139,0.7076658488830073,
20140428,P,randomise_1s,10min,366,0.8565017753068819,
20140428,P,randomise_1s,10min,192,0.7642856570341952,
20140428,P,randomise_1s,10min,146,0.7677072026618933,
20140428,P,randomise_1s,10min,190,0.8673510196632936,
20140428,P,randomise_1s,10min,125,0.8197013231232056,
20140428,P,randomise_1s,10min,62,0.7429946427005111,
20140428,P,randomise_1s,10min,84,0.7670911641609559,
20140428,P,randomise_1s,10min,53,0.677340773229689,
20140428,P,randomise_1s,10min,83,0.7442228192206145,
20140428,P,randomise_1s,10min,53,0.6931404985422996,
20140428,P,randomise_1s,10min,61,0.7565230183469063,
20140428,P,randomise_1s,10min,61,0.7056222482815577,
20140428,P,randomise_1s,10min,41,0.8025056167861687,
20140428,P,randomise_1s,10min,22,0.6731786460151198,
20140428,P,randomise_1s,10min,33,0.6509667675857488,
20140428,P,randomise_1s,10min,37,0.6620603516498593,
20140428,P,randomise_1s,10min,33,0.656847645039598,
20140428,P,randomise_1s,10min,45,0.6301157125868262,
20140428,P,randomise_1s,10min,27,0.49536390232386046,
20140428,P,randomise_1s,10min,27,0.5628112658282919,
20140428,P,randomise_1s,10min,42,0.6124238295153472,
20140428,P,randomise_1s,10min,64,0.7470771006069153,
20140428,P,randomise_1s,10min,22,0.5973424677723467,
20140428,Tr,raw,day,19763,0.353514784464738,0.9410521852020743
20140428,Tr,merge_0.001s,day,15450,0.418528368292562,0.929901972536377
20140428,Tr,merge_0.01s,day,13044,0.44514542940515117,0.9189262374053335
20140428,Tr,merge_0.1s,day,10574,0.7745486329838573,0.9278031062823159
20140428,Tr,randomise_1s,10min,468,0.577395548051699,
20140428,Tr,randomise_1s,10min,155,0.30793222873481524,
20140428,Tr,randomise_1s,10min,149,0.2752667670764533,
20140428,Tr,randomise_1s,10min,142,0.4383257910500303,
20140428,Tr,randomise_1s,10min,187,0.43939704181616857,
20140428,Tr,randomise_1s,10min,126,0.40596459760433845,
20140428,Tr,randomise_1s,10min,462,0.6660063117280642,
20140428,Tr,randomise_1s,10min,287,0.46025126871996486,
20140428,Tr,randomise_1s,10min,506,0.6109867362330161,
20140428,Tr,randomise_1s,10min,343,0.5666900976002337,
20140428,Tr,randomise_1s,10min,246,0.41435567133458134,
20140428,Tr,randomise_1s,10min,206,0.329309802038281,
20140428,Tr,randomise_1s,10min,281,0.6115709876100838,
20140428,Tr,randomise_1s,10min,207,0.5060602331250044,
20140428,Tr,randomise_1s,10min,213,0.44254224902188344,
20140428,Tr,randomise_1s,10min,328,0.6690897388112094,
20140428,Tr,randomise_1s,10min,319,0.6110942309329763,
20140428,Tr,randomise_1s,10min,232,0.49836338361313337,
20140428,Tr,randomise_1s,10min,435,0.6891446622751911,
20140428,Tr,randomise_1s,10min,315,0.5984419620769713,
20140428,Tr,randomise_1s,10min,374,0.647539588925421,
20140428,Tr,randomise_1s,10min,224,0.5240002151814569,
20140428,Tr,randomise_1s,10min,126,0.3958355801138758,
20140428,Tr,randomise_1s,10min,148,0.4653670403931473,
20140428,Tr,randomise_1s,10min,171,0.6088907242389443,
20140428,Tr,randomise_1s,10min,184,0.587300547102198,
20140428,Tr,randomise_1s,10min,118,0.4273167045425017,
20140428,Tr,randomise_1s,10min,92,0.5474805601447884,
20140428,Tr,randomise_1s,10min,173,0.7590617773717836,
20140428,Tr,randomise_1s,10min,160,0.6598396386661904,
20140428,Tr,randomise_1s,10min,144,0.5583196880629239,
20140428,Tr,randomise_1s,10min,172,0.5824578274517347,
20140428,Tr,randomise_1s,10min,223,0.6567970243561974,
20140428,Tr,randomise_1s,10min,215,0.5812308892124296,
20140428,Tr,randomise_1s,10min,148,0.7071953699184614,
20140428,Tr,randomise_1s,10min,88,0.5130344226897978,
20140428,Tr,randomise_1s,10min,145,0.6597615261251217,
20140428,Tr,randomise_1s,10min,125,0.5443936900479958,
20140428,Tr,randomise_1s,10min,120,0.3942315361901379,
20140428,Tr,randomise_1s,10min,382,0.5990557695344786,
20140428,Tr,randomise_1s,10min,426,0.7125916717564391,
20140428,Tr,randomise_1s,10min,282,0.5565301053063791,
20140428,Tr,randomise_1s,10min,330,0.6596556691437028,
20140428,Tr,randomise_1s,10min,350,0.6501670184114388,
20140428,Tr,randomise_1s,10min,612,0.6372786054496413,
20140428,Tr,randomise_1s,10min,377,0.5676656379467625,
20140428,Tr,randomise_1s,10min,281,0.5097673993717334,
20140428,Tr,randomise_1s,10min,385,0.5936746842954602,
20140428,Tr,randomise_1s,10min,750,0.7106147940211995,
20140428,Tr,randomise_1s,10min,841,0.6702170221788766,
20140428,Tr,randomise_1s,10min,640,0.5852564184881305,
20140428,Tr,randomise_1s,10min,331,0.573365480538881,
20140428,Tr,randomise_1s,10min,288,0.4238089151073965,
20140428,Tr,randomise_1s,10min,637,0.6715664057245336,
20140428,Tr,randomise_1s,10min,545,0.6452190790845286,
20140428,Tr,randomise_1s,10min,561,0.5727255385405554,
20140428,Tr,randomise_1s,10min,291,0.6234908598006886,
20140428,Tr,randomise_1s,10min,246,0.6517262757800328,
20140428,Tr,randomise_1s,10min,196,0.6597520613077743,
20140428,Tr,randomise_1s,10min,217,0.6667512845484451,
20140428,Tr,randomise_1s,10min,115,0.5044008094391134,
20140428,Tr,randomise_1s,10min,83,0.6536896381299931,
20140428,Tr,randomise_1s,10min,229,0.7592588376955528,
20140428,Tr,randomise_1s,10min,116,0.5659365090227849,
20140428,Tr,randomise_1s,10min,52,0.45430896740946375,
20140428,Tr,randomise_1s,10min,90,0.6163833900113523,
20140428,Tr,randomise_1s,10min,113,0.48722745621749375,
20140428,Tr,randomise_1s,10min,117,0.7509478622870398,
20140428,Tr,randomise_1s,10min,275,0.7778650563659112,
20140428,Tr,randomise_1s,10min,66,0.6261233548994898,
20140428,Tr,randomise_1s,10min,34,0.6475254961252325,
20140428,Tr,randomise_1s,10min,55,0.42129783402417886,
20140428,Tr,randomise_1s,10min,44,0.5692566196854504,
20140428,Tr,randomise_1s,10min,39,0.6344633564324315,
20140428,Tr,randomise_1s,10min,55,0.6717869079712745,
20140428,Tr,randomise_1s,10min,32,0.700280615413699,
20140428,Tr,randomise_1s,10min,38,0.6129520081499845,
20140428,Tr,randomise_1s,10min,54,0.6617891000504255,
20140428,Tr,randomise_1s,10min,81,0.6609753080163354,
20140428,Tr,randomise_1s,10min,110,0.5961179832521116,
20140428,Tr,randomise_1s,10min,91,0.7827292156255332,
20140428,Tr,randomise_1s,10min,43,0.47529021445068786,
20140429,P,raw,day,14609,0.6155024575951255,0.9502720219728914
20140429,P,merge_0.001s,day,7264,0.5148036008809879,0.9138842586899512
20140429,P,merge_0.01s,day,5544,0.5365576902441309,0.8973198311051104
20140429,P,merge_0.1s,day,4244,0.5799096944165737,0.8878068122380209
20140429,P,randomise_1s,10min,281,0.8734741622391295,
20140429,P,randomise_1s,10min,198,0.8842697493915357,
20140429,P,randomise_1s,10min,54,0.8480086379841185,
20140429,P,randomise_1s,10min,39,0.6332244376212713,
20140429,P,randomise_1s,10min,90,0.809536997348194,
20140429,P,randomise_1s,10min,142,0.7930241348389127,
20140429,P,randomise_1s,10min,806,0.8794746898176993,
20140429,P,randomise_1s,10min,435,0.8591503131810816,
20140429,P,randomise_1s,10min,197,0.8118849007173264,
20140429,P,randomise_1s,10min,186,0.8263189577945227,
20140429,P,randomise_1s,10min,274,0.8518735185327865,
20140429,P,randomise_1s,10min,167,0.8029832013721341,
20140429,P,randomise_1s,10min,430,0.8101303330459828,
20140429,P,randomise_1s,10min,280,0.7824573488865056,
20140429,P,randomise_1s,10min,221,0.776805572419574,
20140429,P,randomise_1s,10min,372,0.835935833069555,
20140429,P,randomise_1s,10min,184,0.7800802868286031,
20140429,P,randomise_1s,10min,233,0.8306991117675049,
20140429,P,randomise_1s,10min,140,0.766543692522124,
20140429,P,randomise_1s,10min,319,0.8652111599457665,
20140429,P,randomise_1s,10min,244,0.8926016246533525,
20140429,P,randomise_1s,10min,231,0.7992025882402087,
20140429,P,randomise_1s,10min,61,0.6570256824207605,
20140429,P,randomise_1s,10min,101,0.8419574760718648,
20140429,P,randomise_1s,10min,259,0.9031928484839183,
20140429,P,randomise_1s,10min,90,0.8492348303171129,
20140429,P,randomise_1s,10min,169,0.8328607573913072,
20140429,P,randomise_1s,10min,113,0.7519796094380484,
20140429,P,randomise_1s,10min,60,0.5790913504982904,
20140429,P,randomise_1s,10min,94,0.7644857943100141,
20140429,P,randomise_1s,10min,78,0.763374334386882,
20140429,P,randomise_1s,10min,190,0.7863646005059047,
20140429,P,randomise_1s,10min,140,0.7651434362795018,
20140429,P,randomise_1s,10min,77,0.8164493561117412,
20140429,P,randomise_1s,10min,225,0.7812058134445832,
20140429,P,randomise_1s,10min,357,0.8850314892506176,
20140429,P,randomise_1s,10min,951,0.8360739662271123,
20140429,P,randomise_1s,10min,368,0.8138248809028877,
20140429,P,randomise_1s,10min,274,0.7922080765203542,
20140429,P,randomise_1s,10min,323,0.7946703845115843,
20140429,P,randomise_1s,10min,201,0.7850234625324288,
20140429,P,randomise_1s,10min,166,0.7351744978840573,
20140429,P,randomise_1s,10min,225,0.7754779273673881,
20140429,P,randomise_1s,10min,157,0.7867694701650715,
20140429,P,randomise_1s,10min,110,0.732079302659204,
20140429,P,randomise_1s,10min,258,0.6874939450542135,
20140429,P,randomise_1s,10min,175,0.6540008113755683,
20140429,P,randomise_1s,10min,133,0.6572561924757401,
20140429,P,randomise_1s,10min,434,0.785630029325386,
20140429,P,randomise_1s,10min,273,0.8044975404596415,
20140429,P,randomise_1s,10min,327,0.8019252562069813,
20140429,P,randomise_1s,10min,450,0.8311536901761878,
20140429,P,randomise_1s,10min,256,0.7671824678618658,
20140429,P,randomise_1s,10min,235,0.8097975006060306,
20140429,P,randomise_1s,10min,165,0.8390155153568875,
20140429,P,randomise_1s,10min,280,0.8327770342974685,
20140429,P,randomise_1s,10min,130,0.7699444731718514,
20140429,P,randomise_1s,10min,105,0.8028093338955263,
20140429,P,randomise_1s,10min,50,0.7304892346358021,
20140429,P,randomise_1s,10min,130,0.7473223468792967,
20140429,P,randomise_1s,10min,54,0.7607141453439498,
20140429,P,randomise_1s,10min,113,0.8272617475436438,
20140429,P,randomise_1s,10min,61,0.6915249588959279,
20140429,P,randomise_1s,10min,29,0.6529597369524355,
20140429,P,randomise_1s,10min,52,0.5434809147019937,
20140429,P,randomise_1s,10min,29,0.6218041797403857,
20140429,P,randomise_1s,10min,65,0.7629253158709579,
20140429,P,randomise_1s,10min,28,0.5687730567191601,
20140429,P,randomise_1s,10min,106,0.7257015823459645,
20140429,P,randomise_1s,10min,46,0.7491683392454052,
20140429,P,randomise_1s,10min,28,0.6598100240018121,
20140429,P,randomise_1s,10min,115,0.8177339746619066,
20140429,P,randomise_1s,10min,71,0.9253769275400396,
20140429,Tr,raw,day,32624,0.5084250056927679,0.9665867628715267
20140429,Tr,merge_0.001s,day,26320,0.6180329659061617,0.9611681508010729
20140429,Tr,merge_0.01s,day,22690,0.6703264640135633,0.9559833034265455
20140429,Tr,merge_0.1s,day,17126,0.8048137699820829,0.9575893082877193
20140429,Tr,randomise_1s,10min,478,0.7016112591065917,
20140429,Tr,randomise_1s,10min,191,0.5660811495820195,
20140429,Tr,randomise_1s,10min,180,0.6284842785477883,
20140429,Tr,randomise_1s,10min,129,0.4939420360461416,
20140429,Tr,randomise_1s,10min,144,0.5681626172352806,
20140429,Tr,randomise_1s,10min,133,0.47984226699905114,
20140429,Tr,randomise_1s,10min,2057,0.7517349772494222,
20140429,Tr,randomise_1s,10min,994,0.7577903036833534,
20140429,Tr,randomise_1s,10min,570,0.7116151294049926,
20140429,Tr,randomise_1s,10min,841,0.768179291723724,
20140429,Tr,randomise_1s,10min,840,0.5828501174303274,
20140429,Tr,randomise_1s,10min,598,0.659983226611766,
20140429,Tr,randomise_1s,10min,1147,0.7484129261144052,
20140429,Tr,randomise_1s,10min,701,0.6625002378221541,
20140429,Tr,randomise_1s,10min,493,0.6367091200037786,
20140429,Tr,randomise_1s,10min,699,0.7356524894424633,
20140429,Tr,randomise_1s,10min,427,0.7511570132344059,
20140429,Tr,randomise_1s,10min,430,0.7285366426305284,
20140429,Tr,randomise_1s,10min,599,0.662190868665527,
20140429,Tr,randomise_1s,10min,382,0.5560996497164638,
20140429,Tr,randomise_1s,10min,334,0.459582736663603,
20140429,Tr,randomise_1s,10min,424,0.6224093247221312,
20140429,Tr,randomise_1s,10min,245,0.5389501227680756,
20140429,Tr,randomise_1s,10min,274,0.5175671984838506,
20140429,Tr,randomise_1s,10min,372,0.6678645698602811,
20140429,Tr,randomise_1s,10min,266,0.5995347253187245,
20140429,Tr,randomise_1s,10min,339,0.6440829694981338,
20140429,Tr,randomise_1s,10min,213,0.6138647144810466,
20140429,Tr,randomise_1s,10min,263,0.6413076373433783,
20140429,Tr,randomise_1s,10min,225,0.5904322781331828,
20140429,Tr,randomise_1s,10min,177,0.5709494237137498,
20140429,Tr,randomise_1s,10min,418,0.6696540943902068,
20140429,Tr,randomise_1s,10min,237,0.612053797902672,
20140429,Tr,randomise_1s,10min,208,0.5349237023278156,
20140429,Tr,randomise_1s,10min,480,0.693823007750401,
20140429,Tr,randomise_1s,10min,809,0.6277276747785536,
20140429,Tr,randomise_1s,10min,2335,0.7069909432492822,
20140429,Tr,randomise_1s,10min,1159,0.6690153523510894,
20140429,Tr,randomise_1s,10min,954,0.6501860124795193,
20140429,Tr,randomise_1s,10min,741,0.6616323180828805,
20140429,Tr,randomise_1s,10min,293,0.5210421969267371,
20140429,Tr,randomise_1s,10min,430,0.6596886995919904,
20140429,Tr,randomise_1s,10min,454,0.6216418991704261,
20140429,Tr,randomise_1s,10min,316,0.5636758351902675,
20140429,Tr,randomise_1s,10min,314,0.6318330511839998,
20140429,Tr,randomise_1s,10min,549,0.6412533449108263,
20140429,Tr,randomise_1s,10min,511,0.6474966579991535,
20140429,Tr,randomise_1s,10min,375,0.4647103352986889,
20140429,Tr,randomise_1s,10min,757,0.7476832515103297,
20140429,Tr,randomise_1s,10min,721,0.7310989956360212,
20140429,Tr,randomise_1s,10min,518,0.7162618005420474,
20140429,Tr,randomise_1s,10min,456,0.6832868278062283,
20140429,Tr,randomise_1s,10min,370,0.5965238007221443,
20140429,Tr,randomise_1s,10min,238,0.5783595603627016,
20140429,Tr,randomise_1s,10min,288,0.6927272883829259,
20140429,Tr,randomise_1s,10min,695,0.7214083489910916,
20140429,Tr,randomise_1s,10min,310,0.5987060036570384,
20140429,Tr,randomise_1s,10min,283,0.6388625048070808,
20140429,Tr,randomise_1s,10min,139,0.5060378833705371,
20140429,Tr,randomise_1s,10min,481,0.7816537447318779,
20140429,Tr,randomise_1s,10min,240,0.6647036487540618,
20140429,Tr,randomise_1s,10min,143,0.7203780857091068,
20140429,Tr,randomise_1s,10min,122,0.4965535956704216,
20140429,Tr,randomise_1s,10min,90,0.5764877670358384,
20140429,Tr,randomise_1s,10min,126,0.6797896924468118,
20140429,Tr,randomise_1s,10min,84,0.47678525628584706,
20140429,Tr,randomise_1s,10min,106,0.7700950507616644,
20140429,Tr,randomise_1s,10min,42,0.38089346149315284,
20140429,Tr,randomise_1s,10min,36,0.37865743752302194,
20140429,Tr,randomise_1s,10min,65,0.5308078265751468,
20140429,Tr,randomise_1s,10min,39,0.34120330194753057,
20140429,Tr,randomise_1s,10min,22,0.5498278853517518,
20140429,Tr,randomise_1s,10min,24,0.385359145830306,
20140429,Tr,randomise_1s,10min,29,0.578206526135953,
20140429,Tr,randomise_1s,10min,21,0.44359812225765244,
20140429,Tr,randomise_1s,10min,37,0.6501223067448934,
20140429,Tr,randomise_1s,10min,26,0.4788453490406398,
20140429,Tr,randomise_1s,10min,33,0.5292405839180098,
20140429,Tr,randomise_1s,10min,40,0.3977798748261099,
20140430,P,raw,day,16854,0.5908287429435187,0.9528498815335286
20140430,P,merge_0.001s,day,8732,0.5638118341533195,0.9177349353148128
20140430,P,merge_0.01s,day,6765,0.5944036316543572,0.9028337226641491
20140430,P,merge_0.1s,day,5068,0.6904270148492281,0.8937249078735405
20140430,P,randomise_1s,10min,212,0.8178395785688872,
20140430,P,randomise_1s,10min,44,0.882803508950306,
20140430,P,randomise_1s,10min,82,0.8027921437882541,
20140430,P,randomise_1s,10min,249,0.9320148952161454,
20140430,P,randomise_1s,10min,36,0.7154093117160271,
20140430,P,randomise_1s,10min,49,0.42066466757785187,
20140430,P,randomise_1s,10min,332,0.7850764370071333,
20140430,P,randomise_1s,10min,149,0.7152271121706509,
20140430,P,randomise_1s,10min,130,0.6941200089446325,
20140430,P,randomise_1s,10min,207,0.781473476298139,
20140430,P,randomise_1s,10min,106,0.7317892554038247,
20140430,P,randomise_1s,10min,117,0.7762736859327377,
20140430,P,randomise_1s,10min,82,0.7135463474845923,
20140430,P,randomise_1s,10min,63,0.7478247464824661,
20140430,P,randomise_1s,10min,153,0.7188151709360782,
20140430,P,randomise_1s,10min,74,0.5545285124304525,
20140430,P,randomise_1s,10min,238,0.7577719759915845,
20140430,P,randomise_1s,10min,375,0.7033401333595632,
20140430,P,randomise_1s,10min,1185,0.8560177177772953,
20140430,P,randomise_1s,10min,270,0.7945827001743391,
20140430,P,randomise_1s,10min,133,0.7469224307339796,
20140430,P,randomise_1s,10min,113,0.7114134927720105,
20140430,P,randomise_1s,10min,85,0.7411799905655392,
20140430,P,randomise_1s,10min,85,0.7689332633579048,
20140430,P,randomise_1s,10min,103,0.8143066837428315,
20140430,P,randomise_1s,10min,103,0.8997780706763681,
20140430,P,randomise_1s,10min,72,0.7153901275979992,
20140430,P,randomise_1s,10min,171,0.8119675193593087,
20140430,P,randomise_1s,10min,52,0.7041140289414208,
20140430,P,randomise_1s,10min,92,0.7856521144758072,
20140430,P,randomise_1s,10min,113,0.7534176295406151,
20140430,P,randomise_1s,10min,58,0.8587906924989938,
20140430,P,randomise_1s,10min,72,0.8027134058871495,
20140430,P,randomise_1s,10min,80,0.7456078791955235,
20140430,P,randomise_1s,10min,44,0.7890748315800893,
20140430,P,randomise_1s,10min,165,0.7051258309199557,
20140430,P,randomise_1s,10min,49,0.568559788767091,
20140430,P,randomise_1s,10min,1019,0.8576642981456994,
20140430,P,randomise_1s,10min,480,0.8005072407449768,
20140430,P,randomise_1s,10min,2191,0.9034143822912779,
20140430,P,randomise_1s,10min,329,0.7796402382507105,
20140430,P,randomise_1s,10min,127,0.6654370373149981,
20140430,P,randomise_1s,10min,251,0.7398973349448128,
20140430,P,randomise_1s,10min,115,0.7757075253180953,
20140430,P,randomise_1s,10min,276,0.8251166781804278,
20140430,P,randomise_1s,10min,357,0.8093138262799341,
20140430,P,randomise_1s,10min,798,0.8464049643396153,
20140430,P,randomise_1s,10min,266,0.6661270830053495,
20140430,P,randomise_1s,10min,412,0.808838003866184,
20140430,P,randomise_1s,10min,242,0.77897344155398,
20140430,P,randomise_1s,10min,195,0.7630098027789668,
20140430,P,randomise_1s,10min,120,0.6745178156362197,
20140430,P,randomise_1s,10min,242,0.810784756573917,
20140430,P,randomise_1s,10min,260,0.8344777502939629,
20140430,P,randomise_1s,10min,204,0.787028564718873,
20140430,P,randomise_1s,10min,404,0.8191489127051685,
20140430,P,randomise_1s,10min,179,0.7501637281757106,
20140430,P,randomise_1s,10min,170,0.7434976565195668,
20140430,P,randomise_1s,10min,177,0.8498771515395153,
20140430,P,randomise_1s,10min,52,0.7401545619979589,
20140430,P,randomise_1s,10min,20,0.5209369056411514,
20140430,P,randomise_1s,10min,22,0.6370410769485354,
20140430,P,randomise_1s,10min,35,0.8816067757552158,
20140430,P,randomise_1s,10min,136,0.8130935300762391,
20140430,P,randomise_1s,10min,24,0.44601614205117196,
20140430,P,randomise_1s,10min,99,0.5768906353720408,
20140430,P,randomise_1s,10min,1066,0.7947975579631591,
20140430,P,randomise_1s,10min,122,0.6296265519071025,
20140430,P,randomise_1s,10min,62,0.6218521921104855,
20140430,P,randomise_1s,10min,58,0.5384841592836108,
20140430,P,randomise_1s,10min,64,0.6058362103659546,
20140430,P,randomise_1s,10min,78,0.6890514645544317,
20140430,P,randomise_1s,10min,131,0.7628217237901376,
20140430,P,randomise_1s,10min,78,0.8486797932918274,
20140430,P,randomise_1s,10min,64,0.6983510960146614,
20140430,P,randomise_1s,10min,49,0.6808592847950129,
20140430,Tr,raw,day,35489,0.5130257692360147,0.9349142215404256
20140430,Tr,merge_0.001s,day,28399,0.5774012683317701,0.9243958075166678
20140430,Tr,merge_0.01s,day,24130,0.6264764121207631,0.9116672548881621
20140430,Tr,merge_0.1s,day,17957,0.7926375798554756,0.9224015169167078
20140430,Tr,randomise_1s,10min,607,0.6264705437135237,
20140430,Tr,randomise_1s,10min,414,0.5207410863498001,
20140430,Tr,randomise_1s,10min,519,0.5517034721469726,
20140430,Tr,randomise_1s,10min,221,0.348974769418116,
20140430,Tr,randomise_1s,10min,103,0.29073605969951205,
20140430,Tr,randomise_1s,10min,180,0.48689976038792115,
20140430,Tr,randomise_1s,10min,734,0.6276899265530372,
20140430,Tr,randomise_1s,10min,522,0.6370465791865105,
20140430,Tr,randomise_1s,10min,268,0.5956646867766165,
20140430,Tr,randomise_1s,10min,335,0.5744034751826015,
20140430,Tr,randomise_1s,10min,273,0.631316602304779,
20140430,Tr,randomise_1s,10min,329,0.47871776034287944,
20140430,Tr,randomise_1s,10min,220,0.5427103353098004,
20140430,Tr,randomise_1s,10min,304,0.613447035903912,
20140430,Tr,randomise_1s,10min,264,0.5384425271382002,
20140430,Tr,randomise_1s,10min,431,0.579329983204898,
20140430,Tr,randomise_1s,10min,525,0.6672726203075343,
20140430,Tr,randomise_1s,10min,633,0.5594596716473377,
20140430,Tr,randomise_1s,10min,2270,0.7924390419224345,
20140430,Tr,randomise_1s,10min,711,0.6172140582682344,
20140430,Tr,randomise_1s,10min,566,0.6253108675250653,
20140430,Tr,randomise_1s,10min,398,0.606404629164464,
20140430,Tr,randomise_1s,10min,326,0.6449417923016906,
20140430,Tr,randomise_1s,10min,248,0.566489897404152,
20140430,Tr,randomise_1s,10min,204,0.4272575026030064,
20140430,Tr,randomise_1s,10min,274,0.5619472766765824,
20140430,Tr,randomise_1s,10min,286,0.5997382358477056,
20140430,Tr,randomise_1s,10min,307,0.6311981587637272,
20140430,Tr,randomise_1s,10min,345,0.6809515838486602,
20140430,Tr,randomise_1s,10min,138,0.5031153950709649,
20140430,Tr,randomise_1s,10min,236,0.5159563983890427,
20140430,Tr,randomise_1s,10min,119,0.5197910217382296,
20140430,Tr,randomise_1s,10min,142,0.620385488513175,
20140430,Tr,randomise_1s,10min,224,0.66584829699851,
20140430,Tr,randomise_1s,10min,92,0.5673867440907795,
20140430,Tr,randomise_1s,10min,264,0.611274752909469,
20140430,Tr,randomise_1s,10min,181,0.5103388995210285,
20140430,Tr,randomise_1s,10min,978,0.7912573943642728,
20140430,Tr,randomise_1s,10min,589,0.5511632190505975,
20140430,Tr,randomise_1s,10min,2878,0.8352574478889756,
20140430,Tr,randomise_1s,10min,661,0.669650752640536,
20140430,Tr,randomise_1s,10min,398,0.6551649066413568,
20140430,Tr,randomise_1s,10min,587,0.7293315136694045,
20140430,Tr,randomise_1s,10min,235,0.4998907862346144,
20140430,Tr,randomise_1s,10min,594,0.744104917597682,
20140430,Tr,randomise_1s,10min,838,0.7204707279831225,
20140430,Tr,randomise_1s,10min,1174,0.7643013966770371,
20140430,Tr,randomise_1s,10min,655,0.6388559734525138,
20140430,Tr,randomise_1s,10min,711,0.6868841966846345,
20140430,Tr,randomise_1s,10min,557,0.6055256412237313,
20140430,Tr,randomise_1s,10min,482,0.6406077130354655,
20140430,Tr,randomise_1s,10min,406,0.5605869231132418,
20140430,Tr,randomise_1s,10min,648,0.6800630194858386,
20140430,Tr,randomise_1s,10min,488,0.5792050407133659,
20140430,Tr,randomise_1s,10min,914,0.6901214255338404,
20140430,Tr,randomise_1s,10min,1899,0.814951151414731,
20140430,Tr,randomise_1s,10min,834,0.7245759527414303,
20140430,Tr,randomise_1s,10min,660,0.7794162955136369,
20140430,Tr,randomise_1s,10min,381,0.7459880873842151,
20140430,Tr,randomise_1s,10min,140,0.45776040512981914,
20140430,Tr,randomise_1s,10min,176,0.6713923304801056,
20140430,Tr,randomise_1s,10min,84,0.3520336900005154,
20140430,Tr,randomise_1s,10min,190,0.532929166949679,
20140430,Tr,randomise_1s,10min,134,0.49509326942865384,
20140430,Tr,randomise_1s,10min,99,0.478785485923586,
20140430,Tr,randomise_1s,10min,208,0.5760770950115578,
20140430,Tr,randomise_1s,10min,63,0.4172233589765484,
20140430,Tr,randomise_1s,10min,51,0.42615375467201455,
20140430,Tr,randomise_1s,10min,68,0.4832325610065909,
20140430,Tr,randomise_1s,10min,36,0.4872536441539796,
20140430,Tr,randomise_1s,10min,47,0.6121014676979181,
20140430,Tr,randomise_1s,10min,120,0.40930789084025826,
20140430,Tr,randomise_1s,10min,982,0.7999334453510825,
20140430,Tr,randomise_1s,10min,108,0.3541129409475882,
20140430,Tr,randomise_1s,10min,56,0.5041751381812875,
20140430,Tr,randomise_1s,10min,72,0.6189352442608315,
20140430,Tr,randomise_1s,10min,96,0.6080425861249048,
20140430,Tr,randomise_1s,10min,219,0.6572394114452016,
20140430,Tr,randomise_1s,10min,206,0.7099109914007009,
20140430,Tr,randomise_1s,10min,132,0.463209919130187,
20140430,Tr,randomise_1s,10min,129,0.31816720096173573,
20140430,Tr,randomise_1s,10min,48,0.4839097982379393,
20140430,Tr,randomise_1s,10min,66,0.37277877673613097,
