day,proc,start,Delta,N,n_exp,beta_exp,n_soe,m_soe,n_bayes,n_sd,gamma_min,ar1_th,rho1_emp,rho2_emp,rho3_emp,rho4_emp,rho5_emp,rho6_emp,rho1_th,rho2_th,rho3_th,rho4_th,rho5_th,rho6_th,rho1_ret,rho2_ret,rho3_ret,rho4_ret,rho5_ret,rho6_ret
20140401,P,0.0,10.0,758,0.3956180001715967,1030.9363387544793,0.8890532417493895,5.402261000793614,0.39683715042170387,0.02361590463495709,0.007373869252639459,0.9289143944037681,0.19678761940453546,0.019957205906839037,0.041995319713144665,-0.005312309385641019,0.05355106389738465,0.06591671794073367,0.3311761378931511,0.1768505855211946,0.11791076232490205,0.08419004180448697,0.06427867954205031,0.052054288564238264,-0.12696060154113842,-0.0486639323887646,0.029632736763609252,-0.04596694009445686,-0.04308041262739248,-0.05967561521252796
20140401,P,3600.0,10.0,1249,0.5536227666305631,1516.6065052117635,0.8626827348654935,5.352707559391883,0.5531411539032927,0.02104434796189906,0.007743593637733226,0.9254863125034195,0.14017078511237485,0.051188584190514246,0.03250120851103496,-0.022087400133432435,0.0050339399482436644,0.004369021804800117,0.20486607022749273,0.10516939872695592,0.06699490142915,0.04706996121909735,0.036209724349501225,0.02989030957307508,-0.1401333701123707,-0.017380118522753042,0.06554112823538995,0.009110290498048613,0.047400329064813604,-0.06391938014515937
20140401,P,7200.0,10.0,928,0.5635726825356613,1587.9483314595923,0.8767026655969533,6.523554297211741,0.5627937839326195,0.024513414815925776,0.007069188318613794,0.9317489354171894,0.24915157020249146,0.04771797994428221,0.07947814487963321,0.11096905708415798,0.023127623215362457,0.004946048870918089,0.22813389361456618,0.12633512990680348,0.08492361755475109,0.06262455659896209,0.05004205671101669,0.04244304838307456,0.015103711542418612,0.06486434124063702,0.03884152256347361,-0.017424928716686557,-0.07587998482139756,-0.10184267699239197
20140401,P,10800.0,10.0,607,0.5349401717580274,1458.6996459953173,0.8214689070645597,4.4903631286188,0.5343282580265225,0.0294602167810775,0.008621866288569799,0.9173936093527302,0.14675276284233454,0.09049303501722106,0.019689646304959032,0.0018676005528111446,0.011050986665137496,0.05528511968402944,0.1929710260544468,0.09600540363303624,0.05650005986940012,0.03607441297865836,0.025228677839182943,0.019217468308602777,0.0079133888565508,0.07424895883733627,-0.03451254675714779,-0.002689462132134141,-0.037150390799290375,0.11668950797849477
20140401,P,14400.0,10.0,578,0.5502184235241887,1476.0107751803262,0.9164519427765256,16.860651103087715,0.5492697962442714,0.03051494165443564,0.0035437636131351864,0.9651829248942692,0.18451486709614742,0.08055698228729774,0.05663998885081515,0.045886146531277414,0.04656228642101519,0.0418974870498248,0.23459842181610124,0.1728558436057361,0.14795198339832077,0.13427256158821355,0.12574668952840903,0.11962867808474348,-0.0678130646755992,-0.07701919470867001,0.030681701953564493,-0.04296137192731242,-0.04301336469946472,-0.0060908254065664205
20140401,P,18000.0,10.0,510,0.5927982588567617,1827.6457335953735,0.7958016896141544,1.1863160288999215,0.5906252216030634,0.03353880803055231,0.009999999484362528,0.9048374227016404,0.06310559327800705,-0.03184588529416116,0.03392246926729685,-0.0652228583263066,-0.015209174691933313,-0.005136910309324113,0.17008358316056926,0.0771390250557594,0.03852608750222183,0.01924237587495683,0.009611615264177227,0.004800415966135879,-0.00539422469940258,0.038068547289312527,0.01624954001633504,-0.04221558050686461,-0.06373840317605634,-0.09070025220567778
20140401,P,21600.0,10.0,607,0.6084294391475725,1752.4543511154936,0.8057659838824845,1.2498821173221972,0.6061990003204409,0.031237623696563237,0.009999999453809156,0.9048374229780988,0.08455021419687589,0.12930184337942469,0.058391506254454356,0.028861458723896307,0.002535872228106335,-0.02669087439365978,0.17724066596537358,0.08810713468161331,0.04542653844677001,0.02342141870113001,0.012076619966631338,0.006226320814924186,-0.23179983492506298,0.05993026665188923,0.021973641172861037,0.05408375750924266,-0.018589965390129193,-0.018382923394236247
20140401,P,25200.0,10.0,886,0.5394876556235189,2187.0058802987883,0.8737833099842255,6.589497208355688,0.5390086701424298,0.024515273696406097,0.007028192891491648,0.9321309881796999,0.11539179245480376,0.10629169231766385,0.0014056595320314938,0.11764960320612976,-0.00035444327269115906,0.029800460937990287,0.18728156405505886,0.09161842566526418,0.06291740937010154,0.048369591576447137,0.040380352805683584,0.035483923986333744,-0.08609372283081203,0.03047296122413495,0.043231611893583724,-0.09763519387932532,-0.043927143105546844,-0.05281690140845068
20140401,P,28800.0,10.0,1500,0.613120575020613,1655.2868644236546,0.9220913775977928,6.578079845596659,0.6121476870623923,0.02017861789385375,0.005809117552370293,0.9435639135807993,0.4159964931361681,0.3802768540015199,0.25046275961598796,0.2151771210251476,0.1982345415629597,0.14149463512580784,0.27986869105107576,0.17075358272916447,0.1246580145976427,0.09867410084211319,0.08325301741318765,0.07343115434396212,0.01947880870561279,0.02699885452462773,0.0735910652920962,-0.015074455899198171,0.016672394043528063,-0.0017869415807560216
20140401,P,32400.0,10.0,621,0.5664054781580705,2103.92518936402,0.835515118130197,1.729902789274081,0.5651973405313304,0.0298350702980051,0.00958121199122805,0.908634714402642,0.18363664734422797,0.032662910228248486,-0.05265361683638458,-0.045339682955677925,-0.029197888900000333,-0.03907759206320195,0.17749246434402174,0.07721628930011466,0.040288891152619945,0.021958203498168776,0.01276512594366361,0.008072340025463488,-0.057082202793689064,-0.053266003416742036,-0.041410411013968446,-0.01729474424680937,-0.0735730077379158,0.04279469400060295
20140401,P,36000.0,10.0,212,0.49650611734461464,1716.898607748461,0.7758004377792345,7.32830109188429,0.49666263887816325,0.04716494597463629,0.00823188824577757,0.9209782280651415,-0.006458233699984065,0.05356204955238406,0.02863179289687634,-0.03202488526433251,-0.034868001543792534,-0.04960419341035516,0.16796955749331582,0.08671040435977376,0.05277255846645011,0.03554644523794724,0.026444467564155395,0.021320208718449817,-0.0818772378803695,-0.10915300086428484,-0.06369414418964879,0.06364166975339826,0.07273321659875859,-0.06364447587298379
20140401,P,39600.0,10.0,129,0.39548713270174335,1401.5577252020364,0.773099884136738,4.180688191170004,0.40183734189027,0.05400854236600628,0.009475151034512833,0.9095989323127673,0.15313029211202073,0.08596299478891854,0.07125827265463644,0.038463007351795746,-0.012422801119603621,0.039807486469781224,0.2883164586683345,0.15911037335650566,0.09565659924694023,0.05855991285491167,0.03676866850939633,0.023877156986959344,-0.14412136148507804,-0.0646717673312244,0.06244942249687341,-0.0011157703720052104,-0.001118835675224989,-0.017012432869859408
20140401,P,43200.0,10.0,58,0.5689558835340017,2142.8508159380563,0.7909671785424107,13.716684421940553,0.5577572978859221,0.08781905780120403,0.006596533569540084,0.9361633151794838,-0.02327576796066918,0.0016957710017115684,0.01740382703486673,0.07202552916086724,0.0092922363747656,0.11026644209738354,0.06830765353084473,0.03804006904713449,0.03559827067167853,0.03332555280977127,0.031199147298271217,0.0292068790563289,-0.05386742128545407,-0.10714936247723132,-0.028112802498048404,-0.001183970856102003,-0.001479963570127504,-0.0014832162373145978
20140401,Tr,0.0,10.0,1689,0.2687143726842681,1111.1622061098121,0.8818771344869856,23.058243653132408,0.2696606833072446,0.012699618902137647,0.003744127916828336,0.9632509789587804,0.4406537814722727,0.27619639198365725,0.1703275972960044,0.17345739006687416,0.10690122502663242,0.08464603844350678,0.31817089231622114,0.22388111630546942,0.18392898888618822,0.16110970183170298,0.14705623047447042,0.13753308957857469,,,,,,
20140401,Tr,3600.0,10.0,3006,0.28856003431674354,1197.3470978488783,0.8391576613128288,11.70396867392725,0.2890635844724391,0.009893653144093769,0.006464297142618471,0.9374020829682449,0.2778872415792278,0.1612071421150875,0.09892400778822985,0.012691396418888806,-0.0063995690334083,0.048881363543443516,0.292517373566326,0.16933257583982533,0.11885829623274363,0.09025951178501918,0.07336987164724504,0.06280605663835341,,,,,,
20140401,Tr,7200.0,10.0,2522,0.3265665504092295,1318.4366641716479,0.8701697683870195,18.811297188134514,0.32708459793515365,0.011465552164002153,0.00449410647272924,0.9560538254656968,0.21065493791084017,0.11713846512013605,0.10844676227122696,0.123858262996417,0.06150693468051839,0.05406006182905259,0.24823288281204464,0.15690687051195357,0.1264186575211575,0.10989515466679742,0.09996034362107196,0.09319052533878011,,,,,,
20140401,Tr,10800.0,10.0,1845,0.46289689140075396,90.84035959646177,0.7104419762334849,4.410725765452427,0.4631121725236601,0.016931317746194337,0.009133959059656884,0.9127077113095955,0.09378368485672947,0.0404520904065528,0.07959065153357966,-0.004043623870926835,0.029918637561029034,0.006221070652455861,0.08374835073597542,0.02354529703772862,0.013995460375376604,0.009795532869598483,0.007752854232957762,0.006602115679477965,,,,,,
20140401,Tr,14400.0,10.0,1527,0.3767676395887071,1076.8076085151915,0.7868941553448936,12.848658943278082,0.37741959352636534,0.015765472258866407,0.006944339233840964,0.9329129419099672,0.2037283157324296,0.039837137726077464,0.07138357994357204,0.08865604949891219,0.09158225847220446,0.02690408188197262,0.17527838702027643,0.09792982634129821,0.06716919416399307,0.05130524228646838,0.042530575808277064,0.03717274511176738,,,,,,
20140401,Tr,18000.0,10.0,1696,0.3841222398950375,981.4416364988149,0.9077206512525047,22.93729547916624,0.38468544108930736,0.015164082420087556,0.0030986865129990983,0.9694883070952849,0.13258054493580523,0.05987488196223802,0.15082746494288415,-0.002802287445133488,0.0611927127153899,0.13822115135870455,0.2675131604551625,0.19755488897100118,0.17257674550551952,0.15875370077008474,0.1500442154061989,0.14371928166356396,,,,,,
20140401,Tr,21600.0,10.0,1761,0.3437169646708086,947.5031062259985,0.6798510954160485,3.1316143436752286,0.3444087478651692,0.01413534078186044,0.009569310191918744,0.908742864718594,0.045351683753507004,0.08733598681488194,0.006755211996104231,0.0004441297224762057,0.08144836258858099,0.04743380687801039,0.09418446610372964,0.037022801940629665,0.01828434505196528,0.009957708162154178,0.006162975589514059,0.004348978963611424,,,,,,
20140401,Tr,25200.0,10.0,2545,0.2841011765311221,1006.123371397085,0.736820373869871,11.683265487641433,0.28471072260955366,0.010722638036293404,0.007759236476540374,0.9253415514940333,0.14689859605977643,0.06314086699355749,0.06450937105834405,0.1072237896225261,0.09857142264998714,0.03126094254863471,0.17772967641720905,0.09221196834980759,0.058743064999435164,0.04163452486747292,0.0324364794051196,0.02709948302449494,,,,,,
20140401,Tr,28800.0,10.0,3813,0.2933968118015107,1097.6620081565757,0.9322020575337784,20.209087210236294,0.29379350383140757,0.008922225312065131,0.0026802217174325955,0.9735537747003372,0.4579151488957609,0.27637112747060755,0.2658538010203229,0.25049000665839005,0.2083269099333989,0.18024539143422658,0.3709060030382076,0.2749084475683504,0.23945998397588933,0.21922705937530093,0.20656160295189804,0.19770530284985408,,,,,,
20140401,Tr,32400.0,10.0,2248,0.2536226381655727,791.6086154381712,0.818020902470338,13.797130668305732,0.2544018556777042,0.010952128736062015,0.006448603104486889,0.9375492107534356,0.333183042390906,0.11021067891612425,-0.016710945837824696,0.04349200815502564,0.07359213829883388,0.05889216585922295,0.28994446279086755,0.1822132137886053,0.12878906792357359,0.0976430647919112,0.07884965680467743,0.06694859393842634,,,,,,
20140401,Tr,36000.0,10.0,1087,0.3904797824601487,21.8935156849335,0.9157139369022107,44.94683836719837,0.39154966386383677,0.021478036614050393,0.0017032251862082815,0.9831119769317042,0.4380094529653929,0.22126008681365533,0.12471093884325704,0.1693733474383327,0.26700158164127596,0.18482496470329238,0.2911360449020713,0.2537275628045987,0.24282081757914775,0.2360660305060519,0.2310151327057765,0.22668664243217024,,,,,,
20140401,Tr,39600.0,10.0,160,0.2247783376058393,865.9518131869686,0.3661490519925562,0.38551046660511384,0.2355821965428299,0.03786404117557555,0.009999999841495152,0.9048374194701707,-0.02926263943213095,-0.0021367521367521253,0.00021729682746631212,-0.0974938432565551,-0.017564826886860802,-0.0670360712733594,0.021278612597216827,6.841486010743929e-06,-1.6646522747520656e-07,-3.0388181703690164e-07,3.2679057156745827e-07,-7.655956173648105e-08,,,,,,
20140401,Tr,43200.0,10.0,90,0.23937100595156438,12.82982995816952,0.5918553293668612,26.65324572921612,0.2584966879095823,0.05348609880754909,0.007403606681705102,0.9286382002132129,0.20721024258760107,0.05188679245283019,-0.04009433962264151,-0.03234501347708895,-0.04211590296495957,-0.04784366576819407,0.16451047824631754,0.0940026114962301,0.06186002221438588,0.045317994932857535,0.03630149016231202,0.030953380512578746,,,,,,
20140402,P,0.0,10.0,603,0.44837133230187864,974.9168568586681,0.8919674411200124,9.040447494745248,0.44915806957419546,0.027422733562522943,0.005915401622797063,0.9425615881968307,0.12881534908555772,0.17469059164174178,0.07395554330414701,0.1111486853129246,0.035244444540912225,0.042397518655663546,0.27770900866972137,0.1651016262477363,0.1197580308819281,0.0944037125871585,0.07945562240145466,0.06998006425478716,-0.056683907342926845,-0.008372245445169494,0.026772452910128697,0.0041919657553524635,-0.06055681864519215,-0.03480174962778639
20140402,P,3600.0,10.0,806,0.5728157869090581,1926.4451248593075,0.8202634386024589,1.0771768897074125,0.5717744718848745,0.026414584500512178,0.009999999411719473,0.9048374233589419,0.1374507263976741,-0.005293535027492059,0.05281100292078128,0.033425430500613154,0.008489249682266477,-0.027086810605956104,0.18511259546415396,0.08169171498622897,0.04113770848666273,0.0207185824300203,0.01043523706724503,0.005255432009681746,-0.12513585695918986,-0.015451243919572692,0.006078770527655179,-0.10999111959388708,-0.04563634074250797,-0.015756093681657313
20140402,P,7200.0,10.0,1305,0.6112710531428991,1425.0076043241397,0.8785894541329353,4.214067969414932,0.6101777014050314,0.021582031742606818,0.008061949205386392,0.9225446602410526,0.4000159583728263,0.24334584211849816,0.21294352992759089,0.14138473541340246,0.08777024456609346,0.014354475759392872,0.2441167597705863,0.1400845447317679,0.08892156081649892,0.06023296017635018,0.043777485220074706,0.03400961007901081,-0.01103650689039077,0.04022695477416761,0.06813923552630256,0.007630617811491468,-0.11332572573693658,-0.05436899546703081
20140402,P,10800.0,10.0,806,0.5394947864786164,1550.62002690524,0.7949652789886527,0.877908564972886,0.5389669436966675,0.025735767421529866,0.009999999493123855,0.9048374226223646,0.09922458693356273,0.028890036364472356,2.4242651251255024e-05,0.005679033044720454,0.02477979963371946,-0.05024840170920352,0.14184901695380991,0.05317173867562544,0.02467578330631739,0.011454719754002788,0.005317859447992028,0.0024684502391057604,-0.1575693696926205,0.12337041023800976,0.021506099748833846,-0.0367629470159072,0.03588835067575645,0.019061715105848552
20140402,P,14400.0,10.0,574,0.5686651805378758,1646.478480170421,0.8840520166263595,13.20561554627473,0.5673064941161935,0.031088322675786182,0.005030950639633581,0.9509350584658834,0.14293839529253044,0.07161827512460323,-0.022004574422388644,-0.0025540704279859053,0.11238705273768552,-0.017908264867589865,0.164033022592214,0.1025827212647132,0.08470611998239619,0.07513340469011726,0.06916135696383659,0.06480252147661573,0.016084825584579198,0.012007457522489608,-8.998312349712898e-05,-0.012187423769483872,-0.016175182082032738,-0.04034753647863553
20140402,P,18000.0,10.0,500,0.5819223249776463,1522.9392040667242,0.8359929415974473,1.8291012097202881,0.5800088248697444,0.03362719273718046,0.009999999320157547,0.9048374241874285,0.17634160756501185,0.12295677136102671,0.06580293819655525,0.0832539682539683,-0.00672661263086794,0.008277608915906816,0.28202908958370154,0.16129701686157505,0.09568742039921556,0.05676618354252279,0.03367701038266277,0.0199785333085067,-0.17902381209892562,-0.08403724132958396,0.02181889465714903,-0.08772892782464485,0.025427662412574766,-0.04019576032879083
20140402,P,21600.0,10.0,1955,0.5734731139430095,1392.6513691656635,0.9357516861561849,8.554693349250174,0.5730294906801225,0.01717013409015251,0.004571138000653262,0.9553176461776447,0.43043769225950707,0.5738948476146528,0.31346863182866785,0.3446955960622721,0.2093271613649981,0.22634777229207828,0.3155135374416832,0.2100842069604703,0.16452415683466642,0.13827812287029234,0.12222630597822423,0.11160525911028965,0.049163223015935384,0.016822623610742108,-0.05997256513208528,-0.05863544534210121,-0.009917516613302037,-0.01935726696577471
20140402,P,25200.0,10.0,1026,0.5491861207579795,1910.6004598947948,0.8469928878683024,4.549872211183953,0.5486564914712595,0.023059813879490795,0.008192020868984875,0.9213454711257262,0.056450421051587506,-0.036515438558208255,-0.026608823733621622,0.002465805056586574,0.10306960989496024,0.08933980698082698,0.15710328785031055,0.06983425084850031,0.0429774200046924,0.029889024870313856,0.023123065517339364,0.01929573409886697,0.00862216019229275,-0.03843307967522904,-0.05637855979795969,-0.013811628396415568,0.07815217270904638,0.04664872229422123
20140402,P,28800.0,10.0,1325,0.6162666483217106,1801.0341262453987,0.9203756356151567,10.851853463648784,0.6151331329372499,0.0214465281816023,0.0044707860455532366,0.9562768073009758,0.09726812926781606,0.14485502839715172,0.15410106388026834,0.050214569506771174,0.033241537493025115,0.03587476830508461,0.18286012427302836,0.11167920368808121,0.09659380301169938,0.0882118428998697,0.0826513996457959,0.07833902228780547,-0.027079053029457924,0.005616400941345742,0.03627961902675781,0.08219677532976512,-0.03624770900221004,-0.0757574743485994
20140402,P,32400.0,10.0,686,0.5937720440266042,1900.301268991911,0.8427868475492639,4.6783599806995015,0.5921195994967752,0.02909932949233274,0.008215631926601845,0.9211279573953439,0.05665915720831065,0.009971500883725023,0.06708034385660261,-0.03134295947866188,-0.02376101284932553,0.014762115193206676,0.16184057399929536,0.0751735621631199,0.04593167435692006,0.031508084708810606,0.024016737971373863,0.019801006425320195,-0.1949760719385589,-0.09413183589981089,-0.031726872756744226,0.0621705067345915,0.03779765350623288,-0.09760912353826559
20140402,P,36000.0,10.0,119,0.504169070158017,1962.091367903016,0.6599580858412405,0.2692581359039473,0.5038443682793896,0.06200835226586057,0.009999999704246577,0.9048374207120472,0.02550991696733901,-0.03758831415196808,0.10171776518279957,-0.05630309713136505,0.008024503884584562,-0.05507372723472253,0.03141447497098569,0.005150529076579095,0.0019541953650048117,0.0007418866406226353,0.00028250535199798074,0.00010698331153434692,0.04197857508212973,-0.12889463665174355,-0.025172432885640597,-0.006875695400207766,-0.02398306782887486,0.010164839510860104
20140402,P,39600.0,10.0,191,0.32916398809638037,2307.497587484018,0.7747013078751501,2.968372670578488,0.335660794328406,0.041251074102173685,0.009999999499685493,0.9048374225629925,0.27779827930607354,0.14123112409793787,-0.00623684371622854,-0.016240018700383944,-0.029516164942396724,-0.004171250341692138,0.3087850446126489,0.1767160506811852,0.10692080218401302,0.06469444537577711,0.0391450256066666,0.023685298736316224,-0.18920913963841185,-0.012760061778867994,-0.11873126192422999,0.034332697374398126,-0.036315526483147065,-0.0245434723357863
20140402,P,43200.0,10.0,86,0.3802274672980129,1805.451555028532,0.732144566787122,9.263252578989587,0.3907505651452232,0.06464378642268614,0.00833062011239731,0.9200693778056532,0.03203457715442426,0.08527430439604383,0.03245117682708122,0.012224242349284075,-0.059837503452768184,0.0535113106501923,0.20882397336979952,0.11283811822218845,0.06892363867868607,0.045423604172873916,0.03251722782235597,0.0251346512288307,-0.07437817051219113,-0.07438226149566354,0.04318851251840946,-0.01572574046800851,0.013234331533300616,0.042685321551300955
20140402,Tr,0.0,10.0,2191,0.375956399208865,105.91040783048975,0.8598997489786186,13.9357398757617,0.3765176129745177,0.014530869541861828,0.005613704172267009,0.9454095664567739,0.3620831170513339,0.3256375521353921,0.1995595378152173,0.2685343328999691,0.21306400542427562,0.23229128505438962,0.3278663634799525,0.21334791456252325,0.15824895366532213,0.12545955352972657,0.10518513320234263,0.09197928197228107,,,,,,
20140402,Tr,3600.0,10.0,2435,0.28879045538988385,1216.1206603968744,0.7685063467302979,2.295499180711622,0.2894130003946984,0.011010715033440635,0.009999999528116064,0.904837422305742,0.24102717044124386,0.04089695736840995,-0.048828587506769536,0.037209953237658834,0.03389373014268228,0.01613969245443955,0.26167196561234773,0.13121253204376795,0.07326349538817496,0.040914616914858655,0.022849368564861205,0.012760347252549839,,,,,,
20140402,Tr,7200.0,10.0,3535,0.33639204521453464,922.365562891965,0.9132031095584476,16.35915218526835,0.33675663278683243,0.00996717201720379,0.003757607549326591,0.9631211450175465,0.6765015400366446,0.5157464283327962,0.44055870969853345,0.29115028607937454,0.20660820862975254,0.18736687067373944,0.3527390162197881,0.24668884439746636,0.20165901588778995,0.17538605597012527,0.15903736144099784,0.14798884230863815,,,,,,
20140402,Tr,10800.0,10.0,2317,0.3962942280508465,115.2577828110866,0.7301190467595099,3.7417738529882465,0.39673959900186273,0.01429439942993447,0.00942963589763092,0.9100130317436985,0.13590889457069083,0.04758453188376006,0.0040859845979536215,0.12240237621740924,0.0487391220212853,-0.05079353641244144,0.1689669035640342,0.07256769913519515,0.03825258289953496,0.021425938867050572,0.013047822474106201,0.008764940789021965,,,,,,
20140402,Tr,14400.0,10.0,1865,0.3067547437017756,1133.9562300630896,0.7439786076342078,1.9274565797756387,0.30751468551821004,0.012942189764129768,0.009999999584157083,0.9048374217986619,0.30595306824933277,0.06861061052302288,0.04653847358128046,0.0065770590755422935,0.01521747576785494,-0.059520745792969065,0.21171938418307312,0.09365614250253267,0.04834673746115649,0.024965152557771333,0.012891726400925637,0.006656907757447254,,,,,,
20140402,Tr,18000.0,10.0,1277,0.38286027931042876,93.50176333540617,0.743371530390318,2.1842653133341843,0.3836532525107258,0.017871758101441506,0.009999999581558451,0.9048374218221753,0.26525108751306037,0.006315329749204096,0.0007664572234648766,0.022619133212504073,-0.05646766254718479,-0.0908806489104759,0.23002758284689234,0.10727797292647141,0.057106831774190236,0.030406602314709683,0.016190250202179318,0.008620454802645087,,,,,,
20140402,Tr,21600.0,10.0,3967,0.3353656355852551,750.0951184112553,0.9501936698171839,19.897263584095878,0.3356975865485377,0.009475825696026757,0.0021105785187337236,0.979115383186633,0.3203745136364819,0.3539074785481137,0.20082432049681928,0.21249514761117524,0.1465873222902623,0.10520951876738158,0.4425190192832505,0.3513297050514,0.3130485884014391,0.29044104145854643,0.27602345630015324,0.265917827601534,,,,,,
20140402,Tr,25200.0,10.0,3768,0.5620714804501017,12.69392871732277,0.8740905059560719,16.62787587508761,0.5617649884814047,0.015414024437388063,0.004708430219957952,0.9540069693143511,0.3475512753697112,0.1131220222584449,0.05919103378685562,0.03342222665764798,0.09657816144210478,0.20121641551068384,0.24377851391779326,0.1339953919274887,0.10934305380916887,0.09633320976124869,0.08840411048237334,0.08280403566066422,,,,,,
20140402,Tr,28800.0,10.0,3673,0.3067386675210044,1222.42817140476,0.8999140177801265,21.8509579169513,0.307125672242053,0.009232808974009155,0.00341503065989331,0.9664262334798992,0.4618286148785531,0.3301389809659771,0.29528255469309067,0.3699852074327628,0.3234192519198754,0.26881423847380714,0.2898687386836714,0.2013702777931507,0.17130651699841695,0.15467778253678846,0.14440036980577034,0.13717534132196824,,,,,,
20140402,Tr,32400.0,10.0,2200,0.2601223740327904,813.1650963477384,0.8875952660679414,18.3615756291722,0.26091158379630897,0.011261775386439705,0.0041899985710675235,0.9589656860480226,0.4221951902375919,0.2938256050820131,0.32071711993512325,0.3957318427124666,0.3489679574439327,0.23058186346916906,0.34513102697432063,0.2365741378599575,0.1888832683775683,0.1609155024250037,0.14354593111645755,0.13192158841826132,,,,,,
20140402,Tr,36000.0,10.0,941,0.6105850592402766,14.354905500359031,0.7877152614824792,11.362161731217988,0.6089850872300973,0.026131735178438684,0.00713617904473328,0.9311249590662225,0.45190537393024993,0.11226209650727507,0.05401681509290926,0.030447264460853305,-0.001812875469818308,0.05697235546741443,0.1511846314696313,0.05897478433806297,0.043642831676348394,0.036080286244596,0.03172274363612243,0.028767868042753178,,,,,,
20140402,Tr,39600.0,10.0,331,0.4800455282624413,9.173975621934845,0.6185898664235836,12.699569824411846,0.4806309182012587,0.03816158571228551,0.008347902601419484,0.9199103806561657,0.008394837821086444,0.07671910707705235,0.003992757467711978,0.46609297461911214,-0.01818034846036725,0.15340230997143656,0.06853342355924237,0.02363257590610212,0.018151076528912898,0.015329430175000405,0.013577936251735851,0.012289700094975766,,,,,,
20140402,Tr,43200.0,10.0,176,0.28470272114059153,372.70143347294965,0.6914732593453945,37.2726197042225,0.29310837005266865,0.040361841296367225,0.005482767375071506,0.9466482662434125,0.07858913680414693,-0.0022714133129513765,-0.03952141576270689,0.04233079538662041,0.01592831035462661,0.007516829820383913,0.11258310555444481,0.0768443004343606,0.0645495858769247,0.057797050006413817,0.05337802621231154,0.0499901935307189,,,,,,
20140403,P,0.0,10.0,789,0.4082704099154613,869.0687934338794,0.8251289529455036,0.8405372190169356,0.4093033482255463,0.023306811861983145,0.0099999994025694,0.9048374234417352,0.14305780703551652,-0.015113826687884553,-0.04451637679636252,-0.031242544460757752,0.01848987002104446,0.0526560209262898,0.18744706386160112,0.05812380041117995,0.026854526248190996,0.012472350350681949,0.005793186855319201,0.002690689012707522,-0.024566226537738545,0.05233798470761239,-0.028023031588215414,-0.08494632989931494,0.05243091401933094,-0.03797483855566615
20140403,P,3600.0,10.0,843,0.5894544213486492,1526.441960500891,0.8556425177715784,3.370868682068498,0.5881764744417165,0.02625084436404132,0.008792865491035643,0.9158262140958902,0.16321707792302168,0.08350053233415929,0.04934702868481767,0.03036852737787005,0.07447417506758926,0.07750211743140031,0.23243889979257273,0.12417411815948419,0.07417724305158153,0.046771360086015616,0.031508939695542845,0.02279445108128181,-0.11649560214053356,-0.038086518729668575,-0.03329621711503063,-0.016668316276369017,-0.0665130880033784,0.023753389947938294
20140403,P,7200.0,10.0,1169,0.556424332926686,1585.4506689264595,0.8404235430904773,1.112020807807196,0.5558824198058921,0.021745763112727665,0.009999999330248692,0.90483742409612,0.12065432905548981,0.15452294663995414,0.1270672236139633,-0.033066023434027425,-0.04877140954176539,-0.06687201977069891,0.21415732044244262,0.09878443733792017,0.0517177729377792,0.027080836713939658,0.014180676855625539,0.007425262252881804,-0.02600282135962352,-0.07851562931795142,-0.07397637119443193,-0.0675000699000137,0.06572088696940204,0.04430025534637571
20140403,P,10800.0,10.0,786,0.536786379215931,1448.0648097225444,0.8882583039574288,7.420202718014368,0.5362856857456451,0.02597784120311543,0.006589591232799744,0.9362283090452835,0.3653483540420063,0.18647926904529447,0.05682282234835134,0.09364871014745224,0.041318596212615355,0.010389244724251226,0.2899541932121667,0.18468648427322762,0.12984797013084237,0.09761214508018087,0.07806067215168074,0.06566808272402141,0.004563917334815211,-0.045488343785557404,-0.019292291815511627,-0.026437511576830476,-0.0312012119287661,-0.01925458442486305
20140403,P,14400.0,10.0,526,0.5683810726139159,1690.8057176783454,0.8033653102626006,1.0561572040013838,0.5669048365976643,0.03246728251028801,0.009999999466137619,0.9048374228665461,0.21793163763287152,0.0071384916386458075,0.04778128796540842,0.016107941408488608,-0.02702134245152186,0.04341474329877624,0.16094154768785585,0.07140868485793912,0.035123922927300474,0.01727736571238833,0.00849933019644036,0.004180597772696928,-0.09584825077827051,-0.04287950122330169,0.028814736014628365,0.010085759287266563,0.05870958048869408,-0.042624302547144804
20140403,P,18000.0,10.0,2339,0.5915865283248442,1518.3370486329159,0.9448022808124386,7.637405978031309,0.5911041237283549,0.015906350956325893,0.00449849406212534,0.9560118786696631,0.5467899911926831,0.4890228979424604,0.39141299835146187,0.29507170390491533,0.30640385054185554,0.23957133930997077,0.3876020447264819,0.2731074213564433,0.21543475405557228,0.17973766585157974,0.15677055376995555,0.14122316449683975,-0.15076479104796536,-0.07067279807771978,-0.01415577534440129,-0.02671524697899361,-0.048694240572846485,0.02195206509936286
20140403,P,21600.0,10.0,4680,0.6156637965168624,1729.2345978122255,0.9678261039880862,9.87443440297528,0.6153413947354247,0.011478882130186984,0.0025532384750531394,0.9747908100973636,0.5395164214570619,0.4690202674031956,0.28731184952591093,0.24247976731447263,0.20832915435475285,0.26388128100480646,0.3987577421249616,0.30121802760108496,0.26292832920677406,0.24070290419957108,0.22669984403879762,0.2169474083800505,-0.26646172963971404,-0.0952861229736547,-0.00995214158848034,0.07151423643281976,-0.02973391417395477,-0.07993112033293219
20140403,P,25200.0,10.0,2827,0.5575097776498753,1896.563582832738,0.9121596023460444,8.815473167625411,0.5572795194783187,0.014048352578355478,0.005290273207485126,0.9484722639248453,0.2610180165434201,0.2251657064584709,0.10929083742105175,0.151143924962407,0.10008113754365852,0.1458091742390563,0.19657068457040897,0.10727886851442787,0.08604622907402965,0.07488972732383085,0.06813775597997421,0.06338121802413807,-0.04670913507398718,-0.04847780115488271,-0.012577083988295323,0.041590019319699384,-0.08416597475810068,0.03680322120384028
20140403,P,28800.0,10.0,1099,0.5696025584758703,1525.0366254157948,0.9364410558019015,11.049274715760376,0.5688697540487079,0.022685766328954714,0.0038513382556514242,0.962218827705813,0.24754953367815682,0.1337073766215533,0.06650473181652347,0.15686358664200611,0.09986331292120401,0.04950172661572948,0.25507474411475023,0.16845703734873238,0.14184276383096994,0.12733894580059685,0.1183906049696325,0.11204529921740777,0.06975920380668708,-0.11622885540609768,0.03395242169304627,-0.0683814714472065,-0.06044396385548531,-0.09260658776557823
20140403,P,32400.0,10.0,469,0.5734275364126483,1578.0673088572896,0.85389776174029,8.072062010832711,0.5716380145360891,0.03443721746095057,0.0069194407722666254,0.9331452517999249,0.06522780017804143,0.08861308487636041,0.05055764641030563,0.07765056095475065,0.020527311851476382,-0.011886496993558504,0.154135507466329,0.08106776641026683,0.05708131533692788,0.04500598533089996,0.038322098383616915,0.0341238737665353,-0.11634334079857962,0.02445457917584303,-0.025832972487230703,-0.07612052415030444,0.004334615307014092,-0.02574089853007597
20140403,P,36000.0,10.0,165,0.44399252385561455,1589.1020528266652,0.8141449548868886,14.519226700334892,0.4469118455644998,0.050640335425913965,0.006163107011417134,0.9402297016484542,0.19006099707642615,0.01900705637446236,0.04513362722138035,-0.03554973902129157,0.012021475256769372,-0.031191164990586398,0.1277319720648042,0.06401881241099616,0.05291113372820845,0.04687264314414621,0.0429282832415669,0.03990744539452656,-8.83097922209281e-05,-0.2064467373145005,-8.855475697049871e-05,-0.047709824556246345,-0.04766585338369809,-0.03179226009377251
20140403,P,39600.0,10.0,47,0.559358562830082,1.3260933055670745,0.6748459719527873,3.9329570965055134,0.5476112650082762,0.09676723061173279,0.009999999661933767,0.9048374210949094,0.26896404604508223,0.13468850891860318,0.041008707220988455,-0.020585865174394636,-0.03186284660209588,-0.009594767384675915,0.2570095975572022,0.14129390517474658,0.0810460232363295,0.046488762770938184,0.02666696074482383,0.015296240084327083,-0.0008652094717668423,-0.0008676061739046878,-0.03480730514811623,-0.06932221263541367,-0.00029958776723228625,-0.00030198446937014506
20140403,P,43200.0,10.0,62,0.40320468496986256,1302.6052332698935,0.8420980915061022,17.3298933021579,0.41487638143171524,0.07633415791027603,0.005421783835896651,0.9472257419243623,0.1477553407739807,0.3562138720405893,0.12973971431858905,0.12073190109089316,0.06734320123170658,-0.003797853280076272,0.3307333078536969,0.23064257835299407,0.1736863849215653,0.13890421586514912,0.1169219623146,0.10236990536163978,-0.17247036118003856,-0.032905982905982914,-0.005004135649296931,-0.172511717673008,0.10663082437275984,-0.11670802315963603
20140403,Tr,0.0,10.0,3139,0.6800128983972912,4.14619704493912,0.8317081408357037,2.7234901991184852,0.6788704521019876,0.01647366753056712,0.009465984680022344,0.9096823131967802,0.3381362303764568,0.11300671753742764,0.11105854946634981,-0.007840929081994897,-0.03287920581209655,-0.031448388689984466,0.33560306249381405,0.14117232741548819,0.07903519919833538,0.0460662827438203,0.027981479038057554,0.017939165453874605,,,,,,
20140403,Tr,3600.0,10.0,3635,0.670284376840665,6.385868290509676,0.852628865542863,5.280227684951009,0.6694113404257709,0.014939992987137059,0.008134453374358475,0.9218760193273087,0.3860724699376428,0.1367129972382587,0.17117663920605625,0.09617387452773214,0.1146293008133373,0.14360315088859407,0.33632792179323123,0.16021439866192005,0.10043395593461348,0.06747271578243566,0.048620987918969065,0.03747570714035279,,,,,,
20140403,Tr,7200.0,10.0,4328,0.622201786554925,13.45710536972851,0.9326163695077756,14.92196672154829,0.621685844662758,0.013953164749189792,0.0033149990303664003,0.9673934490695301,0.32732724112456135,0.19661151031752142,0.26424772086720233,0.17409545843391286,0.12466915395987085,0.10918771154763209,0.35735370939864397,0.23803441902204997,0.20098402956224562,0.18027905718087278,0.1675048849207362,0.15868236600838584,,,,,,
20140403,Tr,10800.0,10.0,2452,0.5995999311117278,9.80469102274811,0.8620484936833988,12.757351187786806,0.5989636593091336,0.017385873775781116,0.005705240420060621,0.9445445699664204,0.3105856379685601,0.17608736122828228,0.13772831014023387,0.07562204435358705,0.02641175803703746,0.05113734839608623,0.2689332986331748,0.1415190530761493,0.10499163679879359,0.0856139354031778,0.0743993833183014,0.0671879256454748,,,,,,
20140403,Tr,14400.0,10.0,2004,0.6894365017569843,5.012990201923494,0.8732500768048421,12.458762792819972,0.6877537804233707,0.01941269450441568,0.005495920372094699,0.9465237618133449,0.4348634935606836,0.24097143010343858,0.1540738973706531,0.15847871759624851,0.12373763685375293,0.11824310491064899,0.279822879262394,0.1293638248015692,0.09876983410668232,0.08353806326717088,0.07463744439288635,0.06866612067761571,,,,,,
20140403,Tr,18000.0,10.0,4231,0.6923533360218828,7.6150213507572255,0.8886158203246888,5.9709433031449395,0.6914454219583765,0.014069173172912815,0.0073080673859289924,0.9295258385642013,0.49841864226664956,0.31676064603657345,0.191770629504078,0.199010581469541,0.19112485080548672,0.1999786866831951,0.4119116956107273,0.24223557080496602,0.16829413217428665,0.12248367617121704,0.09343954962530318,0.07458032667893366,,,,,,
20140403,Tr,21600.0,10.0,6817,0.7041320250125593,9.97226938626319,0.9459213914994161,11.35764498952019,0.7033748175605276,0.012259145261224295,0.0034577119388497523,0.9660138384172835,0.6487265922405914,0.5164827555675267,0.38256352898808493,0.27259463109926774,0.2904013380427592,0.3449868129336865,0.4910450127959757,0.3490227962525718,0.28932110859793747,0.252025493186762,0.22756526061699142,0.21063018580170753,,,,,,
20140403,Tr,25200.0,10.0,6011,0.22992015787026743,986.1474579056776,0.9214433863387337,19.370153195016563,0.23022932186293124,0.006367523177368615,0.0030876598252477534,0.9695952154378104,0.44737682521768846,0.37337526085466055,0.31146479398088395,0.22652206505214528,0.25285745276129484,0.2208273233720702,0.3197500362125978,0.20645446418240465,0.18117303249531824,0.16747996335547002,0.1587732255084257,0.15234854082376711,,,,,,
20140403,Tr,28800.0,10.0,4648,0.38071611598049915,101.60933758276092,0.883227529384972,15.431234587165598,0.38097563188350175,0.010097616333002022,0.004695760667677747,0.9541278453831519,0.36658934069908305,0.2184268145540996,0.12595561104093594,0.0672435481291947,0.15664826772575277,0.2058953731113563,0.2657662970845631,0.15307362231737184,0.12217018153287185,0.10563958352935393,0.09575514532918933,0.08903882921390234,,,,,,
20140403,Tr,32400.0,10.0,1739,0.30348386740484423,166.90228737402114,0.853582766155935,27.960276499827373,0.3044079407186363,0.014091292625011768,0.0038482019190346217,0.9622490066004935,0.22306400803981669,0.20523272448720817,0.2114183383476333,0.1484672700996437,0.09366511668442011,0.1047709850828436,0.245065175584044,0.16981584030511293,0.14237506680725517,0.12736411427050845,0.11813904618846437,0.11165412042355564,,,,,,
20140403,Tr,36000.0,10.0,754,0.46120410731257866,21.512380217538983,0.7973787834502577,20.634860301056474,0.4618024257382431,0.02752303564435454,0.005594536051106296,0.9455908010770181,0.09985776189447074,0.10042354239125528,-0.002954358674087876,0.09280470237618958,-0.06677161439657768,0.01600822731375437,0.17611706340325672,0.10123707475710433,0.0791814265512347,0.06766290793854911,0.060836414090203406,0.056154183354965005,,,,,,
20140403,Tr,39600.0,10.0,150,0.3204676334088459,683.4288531164048,0.5443926084432831,2.2449099493111446,0.32924901251411853,0.046571846256692195,0.009999999773591967,0.9048374200845842,0.025457761131918426,0.03780690803162716,0.015199750312109883,0.10482729920932168,0.1300353724511028,-0.030524344569288386,0.10533487964180635,0.04267070993610993,0.019236676557582606,0.008672557521068594,0.0039105975130210475,0.001762809799225573,,,,,,
20140403,Tr,43200.0,10.0,161,0.24456790252467428,552.1892686644409,0.3961582891877436,0.2528775335465234,0.2552462410522954,0.04008685897392439,0.00999999983412367,0.9048374195368707,-0.026937881503920017,-0.007744746751915066,-0.03270199310354695,-0.022105918672000135,0.09224355135309335,0.04765164940509405,0.015929853279323662,3.552855440957776e-06,-1.6307830124885117e-07,-2.954980658076614e-07,3.176142095428292e-07,-7.453432100853698e-08,,,,,,
20140404,P,0.0,10.0,446,0.426110672061441,1612.1331975836047,0.8665497915868152,6.0774388515746365,0.4275370116689643,0.030717698428051422,0.007662252071495643,0.9262394238200701,0.26651602172699607,0.02605754401652751,0.003906696417845274,0.07934556460556881,0.08850240039501096,0.004300288423469602,0.32679248882532075,0.19635411122433544,0.1321539282868579,0.09344050549400229,0.06966729188625403,0.054689908621962505,-0.20149732481429528,0.08368136720170376,0.08835515038179834,-0.14072515713469433,0.0930276349280557,-0.04255103630980209
20140404,P,3600.0,10.0,677,0.5109614477434793,1884.6636607208386,0.8576022010455434,6.26818411303568,0.5107977620149309,0.0272467215762634,0.0076087851003295475,0.9267347884021513,0.10145384588167088,0.14446313951112547,0.033330551154118586,0.06612792221824498,0.07484631504310786,0.01733342615293427,0.25824734996674314,0.1453385688177393,0.09484722216563751,0.06659699652574964,0.05032713144792729,0.04054807803704552,-0.026402907780395696,0.026439502053048174,0.02315745163291436,0.046250780525022094,-0.009855369859357793,-0.026366364439229066
20140404,P,7200.0,10.0,714,0.5627517006517804,1783.2376276564619,0.8092228558821358,2.7716615952504626,0.5617630915878902,0.027798462478030816,0.009192576224841393,0.9121728646940818,0.050659471048567085,0.06630115828641575,0.06454850312433777,0.029817045348240045,-0.040106884234360644,-0.01898113942393054,0.13090865653486145,0.05566587099953607,0.029853000646539733,0.01770501552048723,0.01181263094879907,0.008799356472977492,-0.06043350376601244,0.042789598108747044,-0.07992742866567705,-0.013381714222881974,-0.03274644015613832,0.036706251030842796
20140404,P,10800.0,10.0,617,0.5765340932878893,1764.260989912542,0.9449861240242692,20.263939593897735,0.5750993370234331,0.03019422094525033,0.0022423974099274016,0.9778255744375721,0.06739265277939846,0.021887550648721395,0.03142540004653657,0.17178525290657243,0.054028565528017,0.08858240228818295,0.28323975060057566,0.23113466721229264,0.21258638692464965,0.20208370487083796,0.19510613200646448,0.18970204751786135,-0.08034367733663646,-0.08962382522149188,0.057313341666737516,-0.01606599073499304,0.008140540688649077,0.10934602618502991
20140404,P,14400.0,10.0,434,0.5359698113978276,1686.8626188659973,0.7921417169646422,3.0992125713668743,0.5350992845181863,0.034613122218969415,0.009419859299586976,0.9101020044091387,0.11691434717757701,0.04259403917667954,0.01663896819786145,-0.07512258715198983,0.014004109311415854,0.040777028302562315,0.20234168243244713,0.10400289285674884,0.05797067595448098,0.033527174386733964,0.020430257899088616,0.013306181359836232,-0.1618735560185374,0.021977795026122203,-6.161744079957283e-05,-0.03682793868667471,0.010968017938278198,-0.0037998556585916634
20140404,P,18000.0,10.0,534,0.5120855708702217,1687.0238226170102,0.8499374098502083,6.094891486346059,0.511857349433551,0.03067149887283926,0.007823170014837295,0.9247501369750906,0.15710505855608847,0.054758631520141286,0.04822458815079127,-0.005935674547088157,0.04011104932407559,0.0060856368312518765,0.26029024627945324,0.14901577669253216,0.09637102097008239,0.0665891066349356,0.04932557610689244,0.03894941786783599,-0.08175325805539238,-0.028985270761264496,-0.08538117616343581,-0.035941953310271293,0.02397308704827795,-0.06052150642908424
20140404,P,21600.0,10.0,4748,0.5632618018128249,1385.5588284686112,0.9805133233037996,11.571121552972663,0.5631066642535728,0.010976168995251251,0.0014820655350324485,0.9852886300025272,0.2797334092967143,0.18596343649738797,0.17939042778488484,0.1802788281599247,0.1310968516035303,0.11264368548556451,0.5569971196043847,0.4747392919421914,0.4357541425064024,0.41157718520135167,0.39565422084124297,0.3843521628138522,-0.2144003835277087,0.009945791268402261,0.2249154970563875,-0.07577022660965983,0.00846615032196927,0.1274550623419067
20140404,P,25200.0,10.0,1977,0.5857267804750198,1848.4208044006828,0.8705325787715176,7.3046836401627635,0.585204421578639,0.017180951855486203,0.0067690704650746406,0.9345494806886562,0.03337770791649679,0.04442836834788296,0.12113818596948529,0.011864181489961306,0.082586889551493,0.11680646702521974,0.11714480232825414,0.05478709389100866,0.04345230689304884,0.037524537138106696,0.033836508859970235,0.03112899307909211,-0.05175546010072525,0.004079738556863414,0.06098680430293312,0.042219253701429926,-0.012007899909300115,-0.013229626193018712
20140404,P,28800.0,10.0,3128,0.6409714845253541,1661.0001170757073,0.9216746360754592,10.558743934549273,0.6403433646604336,0.014303766157337621,0.004482837321070801,0.9561615706920974,0.17341726407515884,0.10528892108639727,0.03317806387791088,0.048106626497490854,0.0577351286228354,0.004328885249383371,0.1510194891885776,0.09813825964337827,0.08749355004589172,0.0811623409973517,0.07661970615721234,0.07287161734271695,0.015946318142551756,-0.07559008433995912,-0.02149814941811335,-0.07213039945685444,0.005547785936947519,-0.028425374418562827
20140404,P,32400.0,10.0,1008,0.6105747533633115,2030.2505632783339,0.8676764489519535,8.151025648877864,0.6091875320648905,0.024393989845338828,0.006654026719552217,0.9356252400933089,0.0639671664943123,0.1501034126163392,0.10673151499482941,0.07757885211995867,-0.0233163133402275,0.05391675284384695,0.17375900846705783,0.09694053285890945,0.06846979988346534,0.05382163189739074,0.04563912373194971,0.04052652387656226,-0.0714569903377808,0.023783551005170635,0.064260738820251,-0.014312841903518846,0.07378465332710156,-0.009511274548709366
20140404,P,36000.0,10.0,341,0.5128579183568996,1848.8835238306408,0.7511853480594858,1.578555894533584,0.5124811255621127,0.03816114421939811,0.009790911474994866,0.9067313085108791,0.0621913008117785,0.12836777646328124,0.08456294403454033,0.12976994096816052,0.03339643593132696,0.04459277105589241,0.11349993533835268,0.042534437031533,0.020046139325424362,0.009927860981978393,0.005327811572018496,0.003193108791697934,-0.08802171356010269,-0.02263555606935571,0.012742839369567247,-0.016997425494394997,-0.011065281975341248,-0.00513313845628754
20140404,P,39600.0,10.0,318,0.49691270101408447,1372.0693821635107,0.8120502962778302,2.1452906041921183,0.4970070936336736,0.039006966436870995,0.009999999407133088,0.9048374234004413,0.17413071731269855,0.03356156737987313,0.030411239878966198,0.0660108675285741,0.05532582652617815,0.011990360350663212,0.2835215627821438,0.16047010012945095,0.09495204921953497,0.056185424943225384,0.03324689012689322,0.019672795159001638,-0.20536039552433,0.03834244080145719,-0.014354020296643262,-0.08022378350247204,0.03174603174603174,-0.060470335675253714
20140404,P,43200.0,10.0,220,0.34048022081264834,793.2132655621616,0.8738830157311748,21.05879082444998,0.345865917656415,0.039128169725778456,0.004149751312939457,0.9593517211221013,0.09224202582671259,0.06720921512104806,0.07312978977712156,0.017723640113431294,0.11893001945206122,0.08155803979469871,0.2984549283230109,0.20412654032708227,0.16424332285225196,0.14165262256967637,0.1278738510806472,0.11863288732078774,-0.12441520467836259,-0.07658160552897397,-0.02834928229665073,0.043407761828814444,0.031432748538011646,-0.0762360446570973
20140404,Tr,0.0,10.0,1284,0.4454432742591344,4.75456045886114,0.792570548563848,23.371221589180863,0.4460676559763486,0.023565225350868423,0.005431849434437231,0.9471304027822153,0.29664722786884457,0.1906662533819664,0.1841006732696106,0.2543051290553562,0.21849845498800996,0.11058561480904806,0.27235589743964933,0.1692082131727753,0.12648903310280865,0.10261711743783959,0.08844406074921084,0.07931468646861367,,,,,,
20140404,Tr,3600.0,10.0,2129,0.49956130581363944,14.138043224325498,0.8494961081080645,17.101590395210337,0.4995646235175616,0.01907607486881984,0.005194826229516658,0.9493779842101912,0.31056560721147897,0.16688698542872135,0.15334009221882702,0.22180404238650214,0.15223100992035465,0.11926012142470857,0.25457493825379535,0.1464030101756157,0.11262542314704553,0.09449626602945625,0.08383501395014772,0.0768109967584367,,,,,,
20140404,Tr,7200.0,10.0,2773,0.5555798970337773,9.735443679432075,0.885085977125976,13.2652908041934,0.5552286762780865,0.017478051214858997,0.005124901950480791,0.9500420620697452,0.29699926089108813,0.2514208895868468,0.223104887604618,0.05639391908535047,0.10814636543506274,0.049445086764901516,0.3590391321755339,0.22047930916191258,0.1671585710142135,0.13612373248470858,0.11710437339755306,0.10467175717673592,,,,,,
20140404,Tr,10800.0,10.0,1830,0.5613534895849829,11.300399381423354,0.8497852851989466,16.18765998448779,0.5608839463842152,0.019283011016227283,0.005323848339554848,0.9481538665637462,0.360282204620882,0.27211194876525535,0.3374009924611127,0.43568300622408834,0.3048782750686558,0.2093758946464357,0.2467796586277944,0.13538631277623983,0.1041148052594198,0.08756906966372059,0.07787281841430464,0.07145014833787544,,,,,,
20140404,Tr,14400.0,10.0,1070,0.5079854384922924,17.575863179295535,0.7246965335864396,8.173771219828664,0.5079025256780281,0.022711437956809646,0.008534847146494579,0.9181922648422219,0.12740908492605652,0.0377877167802046,0.10698979459132256,-0.0098676717591246,0.10519490218240317,0.04452629737085406,0.1807196471094444,0.09106935065397807,0.05388613130936177,0.03483628326844096,0.02477595975615314,0.019197733381180915,,,,,,
20140404,Tr,18000.0,10.0,1262,0.5146835258213246,17.739402384052596,0.6877337418039845,2.1368563469059856,0.5145229111277709,0.02320218703569384,0.009765572426161738,0.9069610947115173,0.061501804497262134,0.09144360157056484,0.03240817316253715,-0.03154985934028932,0.026648396041783533,0.016961989064515303,0.12241812355486384,0.03187387131032116,0.01472721050049064,0.0073894050625635255,0.004173491009380707,0.002713563017947992,,,,,,
20140404,Tr,21600.0,10.0,8908,0.2958317159292954,1085.0266658599994,0.9693382313460066,16.494080844705874,0.29600446193916463,0.005934274433585526,0.0016337063210909203,0.983795662838707,0.602550559042995,0.46859747474682234,0.42941825522388144,0.37926726264961796,0.373747013425442,0.3467131437454296,0.5933868352303012,0.5004957342509669,0.45564640017452784,0.4267881359482514,0.4073041368190691,0.3933482407995139,,,,,,
20140404,Tr,25200.0,10.0,6705,0.2816782661703698,1259.7158698952019,0.9345934763681728,15.70764029914642,0.2819132076903223,0.00660031084740585,0.0031391175768217114,0.9690964118881296,0.35294434851008133,0.2574689510652811,0.22716036674921802,0.17770191793617532,0.1724168392460993,0.2546021864841114,0.3988602284746166,0.27637193715158725,0.23354089472678546,0.2088731186640142,0.1934773366752907,0.18291670739164742,,,,,,
20140404,Tr,28800.0,10.0,8588,0.2909907943257416,865.2195866227586,0.9525341170823748,12.339659434217149,0.29118046892713606,0.006113264954974924,0.002963177088303049,0.9708029456511267,0.4972902294699434,0.3550565841983132,0.2377657674112365,0.27534983163054505,0.28693775091098866,0.23682288802253046,0.5187486210544271,0.39419352676526553,0.33595935994206616,0.29842500850885867,0.27321177016220344,0.2554147200216781,,,,,,
20140404,Tr,32400.0,10.0,3067,0.3513612556614066,196.87864145275293,0.9178679593694825,15.70599759299397,0.35185575288234994,0.012269220402734891,0.0037376630260167864,0.9633132540957994,0.41981671438193635,0.2882629963879762,0.30785757372915823,0.22635482925937042,0.13085018894632264,0.1255143535882142,0.4073806414225182,0.2960421468292788,0.24210012215405852,0.20888041312106187,0.18746294618894027,0.17281209224480842,,,,,,
20140404,Tr,36000.0,10.0,1177,0.33331338598433724,327.7022440678414,0.6646302955728707,2.003525785192111,0.33447170808025833,0.017573387847441575,0.009999999688669815,0.9048374208529916,0.17051169308142794,-0.005145102234296669,0.009770075754228948,-0.0017657888750977008,0.02668165877077251,0.05267127807201971,0.15611667125228182,0.06434445464424637,0.03094232269715856,0.014881896338589148,0.007157930125977905,0.0034425264312348573,,,,,,
20140404,Tr,39600.0,10.0,330,0.2226115692844473,932.3553194730346,0.6132725969734699,10.54638202079089,0.22802078436109594,0.02629610759602791,0.008772339887202277,0.9160142122496157,0.08305565652893897,0.024041762591380907,0.22481218950684598,0.06783391897895716,0.0860646633547397,0.035956621834484434,0.12743827871397076,0.05643823229721559,0.03235506392448292,0.020955805569999503,0.015298461101574396,0.012263467488453406,,,,,,
20140404,Tr,43200.0,10.0,325,0.35889093284995954,266.77892913629665,0.680899251953179,17.361562095328892,0.362318209360371,0.03350182736514338,0.007484211887005428,0.9278899710817591,0.19633922031015924,0.039649877451308393,0.08705429437917732,0.061665591521611295,-0.007663977465673431,0.047369062054160554,0.15732640270887985,0.08976833424448377,0.058749696711360995,0.042896035267415686,0.034304860878268915,0.029228262738126346,,,,,,
20140407,P,0.0,10.0,730,0.3627673232751521,1605.4723331107639,0.8778472736582181,9.612135203496305,0.36423603729891607,0.022266256091953058,0.006084008478665696,0.9409737037555357,0.169466179440505,0.05785440187184421,0.03743328220669487,0.14919675193536142,0.053686160652906115,-0.05542856225470947,0.2572137922841843,0.14018069327954102,0.10103410071205447,0.0799795473214485,0.06786138417026547,0.06022938619303239,0.0680163245389316,-0.0016058377970745,0.023092790364973206,0.0007308336383094451,0.05013252597841878,0.005213427820474427
20140407,P,3600.0,10.0,1625,0.5902777117121759,1851.7329272657128,0.8937581374752859,3.021366829874409,0.5896030745879095,0.018994259957138743,0.008419534118569936,0.9192516708441589,0.16529208934733466,0.10587365837262273,0.09034699600982994,0.06295590873137795,0.006630458247073256,-0.025163013044610324,0.2538196417122253,0.13728231177964684,0.08490044918250823,0.05570514801234319,0.03911983663629696,0.029420400415017846,0.005782526516110312,-0.058310796708542646,0.06333077184861688,0.011009378384783053,-0.06873261813611922,0.028057098703755515
20140407,P,7200.0,10.0,864,0.57374067299839,1872.1180387472277,0.8550051860158057,1.0644010758922422,0.5727516217793077,0.025580420625209495,0.009999999259566348,0.9048374247356803,0.1017224967136576,0.05132133629481891,-0.0003037033679343647,0.026263541997189596,0.08750736593989396,0.018612030279679077,0.22695762645068923,0.10644913939059913,0.056619559002418496,0.030121247250158953,0.016024715239738477,0.008524924677177068,-0.06546836483155298,0.10708025198575735,0.049828814023555205,0.019830183511366752,0.04447411668036158,-0.06207888249794577
20140407,P,10800.0,10.0,894,0.563779463521155,1771.9950236020775,0.8975237467826274,3.72194381731665,0.5629701001111289,0.024947033425841106,0.007968739978041376,0.9234049578668757,0.21460534953513793,-0.009948796983502107,0.000597763065566857,0.10507140227438626,0.04015004405890255,0.001768963170714642,0.28501981170565815,0.15398946097893407,0.09871608606441194,0.06742755769382522,0.049301908328235874,0.03844510310472361,-0.027068955214962227,-0.04042454662244928,0.05637492157389977,-0.024292671267664538,-0.06458202623166323,-0.024249350183741154
20140407,P,14400.0,10.0,847,0.5778728890348548,1597.9729892777355,0.8743940928580266,4.513238021098285,0.5767959334273987,0.02593332953552973,0.007927914069607626,0.923782023294403,0.1729589384904007,0.11426303086150671,0.0561886370812607,0.027892616323588987,0.03646792831066951,0.020498335843272854,0.2280973310722535,0.11821276620966409,0.07444179520825445,0.05103677629427556,0.03809816407628262,0.030575800698472023,0.04781153288146859,-0.10811453955933888,-0.03742230166109375,0.06442049728220238,-0.008345011745787915,0.08936863422249686
20140407,P,18000.0,10.0,847,0.6078862316731516,1378.9123311066214,0.7825260179658418,0.5152075404334441,0.6062797754367489,0.02659708396531426,0.00999999953027885,0.9048374222861723,0.10038769567501814,0.0239016687292763,-0.012167751587139463,-0.002077514234996057,0.15343348781172161,0.08951264194626954,0.08541228770130556,0.026023876136981084,0.010953489549485657,0.004611841221971077,0.0019421749861409383,0.0008176018536345013,-0.14646022060394312,-0.01284680208413236,-0.031054689916438397,-0.04734736666724404,-0.03908377110175776,0.03573712119525009
20140407,P,21600.0,10.0,824,0.5268506954445021,1917.6814278722925,0.8284319501760754,1.229311180287519,0.5265104083159045,0.02510222479112481,0.009999999376245544,0.9048374236799233,0.10697920129223269,-0.06265333053965734,0.012138469706207165,0.059965257593206124,0.012650048495484711,0.016984499824345,0.20563590029973383,0.10097417021577526,0.05341355341395695,0.028255637827590586,0.0149475711731131,0.007907099870984995,-0.1,0.017241379310344827,-0.08620689655172414,-0.013793103448275862,-0.041379310344827586,0.04827586206896552
20140407,P,25200.0,10.0,1548,0.5748497741797313,1677.4774200146715,0.8925230217528614,4.9824879336261745,0.574281535329983,0.019241988514239944,0.007328890810447132,0.9293322996042503,0.1708218141741697,0.21367355325587475,0.05011441327007136,0.11703496843127734,0.06098694287742369,-0.03007154331826503,0.23088667680038866,0.1208421486269809,0.07962254268989072,0.05765741471206891,0.04540791159950538,0.038108004622977254,-0.09785242918791891,0.022373010378787292,0.01600801285876839,0.03525710905816417,-0.011928112376299328,-0.08497807802789775
20140407,P,28800.0,10.0,2015,0.5966714327628909,1687.6965243796974,0.8675844043732674,2.0796071247274917,0.5960781190059639,0.017184048493926653,0.008992166768500509,0.9140027784207085,0.11914141414141415,0.012483799343867596,0.00783254088714839,-0.018819036225179574,-0.016891565782350768,-0.01842100555411136,0.13048913185506383,0.043703919327447084,0.02451206560729371,0.015799681961139577,0.01160481400938455,0.009388378270625388,-0.05122965262397605,-0.08196954563537522,-0.05920066277626283,0.0038604046838585223,0.08147679359645721,-0.02850873843398517
20140407,P,32400.0,10.0,846,0.5363565090357486,2022.728323659433,0.8770875696190076,9.609434483320502,0.5358968461950444,0.02503991893162202,0.005956295163072217,0.9421762201948233,0.1529151558893109,-0.0033191277301393516,0.07233874062745237,0.05580052583644082,0.032342807554173195,0.05003264997508294,0.10729294993092045,0.0518288071657664,0.04816573555131411,0.04516483964234821,0.042473856020133094,0.039988043498592446,-0.060860467255334796,0.040235073057920734,0.059465665405234944,-0.10469423420582362,-0.11003199569010824,0.028522153894670433
20140407,P,36000.0,10.0,244,0.43839049225678617,1578.9314141174318,0.7077274461761004,0.820960579273331,0.440595826344311,0.041933644881880706,0.00999999965033456,0.9048374211998633,0.06704307043541703,-0.01904465180251412,-0.06175997779802485,-0.0735993730385637,-0.027496325852384783,-0.010831840983589377,0.09223957320878269,0.028051706286640568,0.01189884253947536,0.005049259923565325,0.002143206894124258,0.000909292904550945,-0.08478676611206731,-0.06501243067508129,-0.08482501434308662,0.0806033658443297,0.03260661694396634,0.013654618473895585
20140407,P,39600.0,10.0,155,0.4526266633790067,1256.8696418834738,0.8162260303477649,10.612542727676338,0.4552823656677816,0.052575582292821874,0.007090481604809977,0.9315505565711784,0.16283202469813493,-0.04313428444831922,0.05545711641023159,0.025018342419333737,-0.00425799756391143,0.014125456766603726,0.25178093500604526,0.15108155819865546,0.10206098089322242,0.07444107313469864,0.05833811195574378,0.04847161835622063,-0.10433198416502455,-0.000803287710141833,-0.08132955211162592,0.03370257939677975,-0.092837425218796,0.09121531661074721
20140407,P,43200.0,10.0,100,0.5395013282694936,396.03150400515386,0.7624682890368479,1.6850967433120139,0.4633817571763643,0.06470228872071476,0.009999999552587678,0.9048374220843137,0.046348162580505524,0.03521946203387996,0.11834307517454125,-0.04841153866969743,-0.061123288412621074,0.12404611138171781,0.17945610954941132,0.0923199479279031,0.048168601951470026,0.025132464624339587,0.013113777943693337,0.006842042384946102,-0.22636571499196645,0.0489370905944877,0.09898961809417871,-0.051180323816586354,-0.0014058830799653925,0.048646644419725604
20140407,Tr,0.0,10.0,2235,0.23304352509756465,644.34005445584,0.8662206601747867,20.527446856787126,0.23389973593352636,0.01071736576037083,0.004373340717321938,0.9572091085428797,0.3176237646552784,0.1440711011617033,0.2871796417800919,0.2301875889382924,0.12165993982257349,0.10810035022190341,0.2783991620203729,0.1780934594100084,0.14281157321292684,0.12337797888434655,0.1116724275593993,0.10379392159241892,,,,,,
20140407,Tr,3600.0,10.0,4324,0.32695395818651773,1073.2181269170298,0.8813592320171734,6.778642861510234,0.32726520682696575,0.008892899026540363,0.0071705070593126394,0.9308053772107134,0.3842599054721726,0.3473409420209649,0.1870660990490557,0.21424011356832334,0.13130860552677734,0.1078401218960697,0.3800399990471302,0.24398736894701512,0.17268779823900812,0.12740681431743173,0.09816715522855118,0.0788597012759976,,,,,,
20140407,Tr,7200.0,10.0,2982,0.5939878991394574,15.211709705105804,0.7912455355707448,1.888295640157234,0.593474525441648,0.016102655600127965,0.009999999480534977,0.9048374227362734,0.3791354514301702,0.30911452288368346,0.16965836881826876,0.0482482954274673,0.04652316038719669,0.06339669793037614,0.2605184663744098,0.12207137717098508,0.06660662821917744,0.03636364999585899,0.019852814665090847,0.010838540562430698,,,,,,
20140407,Tr,10800.0,10.0,2831,0.6259809272462047,6.3439727688808185,0.8613315488967936,8.423629304507797,0.6251968264240665,0.016920732850498506,0.006943751676255429,0.9329184233268271,0.4115253153527619,0.1420270785190326,0.12549260154429032,0.19820946183185645,0.0928568058938109,0.03998004795541438,0.3579247877402157,0.19973978050670171,0.13750522856717226,0.10108076729311534,0.0790505803832969,0.06519741207369917,,,,,,
20140407,Tr,14400.0,10.0,2247,0.5492994738931274,47.644509475789256,0.8474981579317356,6.316408606323687,0.5490351464218022,0.01624753696035829,0.0077559827564206716,0.9253716600080909,0.3492221100551132,0.09449512975477158,0.03775457206227633,0.04472363926131117,0.0562008868205317,0.07125681467714699,0.2674560397394394,0.1382888905175535,0.08877803314174436,0.061609218603159155,0.04622507948491157,0.037111697178058824,,,,,,
20140407,Tr,18000.0,10.0,1669,0.34416608482057554,908.4321509790382,0.8534649198370807,20.45337782704121,0.3448908708567142,0.014493825433602435,0.004593922633579565,0.9551000053539559,0.11086213788490283,0.11007705142124065,0.04115837016188288,0.007075819261748683,0.12292580327481736,0.13514132176093185,0.1622074475990704,0.1012209923981472,0.08845094486878066,0.08118306842293253,0.0762123605996232,0.07225690193561808,,,,,,
20140407,Tr,21600.0,10.0,1718,0.29746401640036185,836.0880748700811,0.7452812249213718,11.233685379046575,0.2983411233298246,0.013462551494413659,0.0076673084409044105,0.9261925909172244,0.06573627622100003,-0.030462986307320798,0.08098692097229578,0.02222542373415327,-0.029792846425941925,0.04617915728883369,0.13830283478618904,0.06432818358768468,0.04282841792761923,0.03235393262557454,0.026770884058343054,0.023398642705007872,,,,,,
20140407,Tr,25200.0,10.0,4135,0.5012239024666317,44.54242581568209,0.8924209319149361,15.389223421769415,0.5012205467228311,0.011886021745098221,0.004458462541586932,0.9563946613729788,0.49215679598919315,0.35367700235939525,0.1498955543763121,0.14318031472306603,0.09513919021043307,0.05985007685749891,0.2582657920091788,0.1505017156344115,0.12293466095045594,0.10820617327822515,0.09927185875225406,0.09304534793613115,,,,,,
20140407,Tr,28800.0,10.0,3570,0.5156771406743591,88.94061173949036,0.8017689467308927,2.2480786959946766,0.5156276175295686,0.012527388590098837,0.009410959296398805,0.9101830071211152,0.06798309261304739,0.05899845729538575,0.06876254022165536,0.07376658587355898,0.09532762184827928,-0.017538920410593687,0.15488093870324668,0.04296050696729866,0.02187636233429119,0.012568218865076815,0.008262912620371857,0.006146288440284557,,,,,,
20140407,Tr,32400.0,10.0,2603,0.3729202491158208,93.30585795458451,0.9181894640841962,18.292202360102163,0.3733518499824024,0.0125816517260617,0.003330936121170502,0.9672392869819212,0.2994750094995267,0.17875491575775612,0.18195826162413153,0.10604020229660359,0.21415105148104724,0.1715573377578761,0.35876965126338256,0.24379700315818245,0.20508924861518318,0.18321054489019611,0.1696893299361594,0.16040040766522284,,,,,,
20140407,Tr,36000.0,10.0,760,0.45805915994861046,135.4763481858294,0.7132925795669863,14.894873007312412,0.4585972492058526,0.025189757315450645,0.00733349353778543,0.9292895259568176,0.0072188600134488285,-0.06927280227387028,-0.006569021342962244,-0.09163007792413275,0.0028847186198556816,-0.02692027327128785,0.06791876586804124,0.036479644708464036,0.029844076442531904,0.026171064550628852,0.023718484956750722,0.021808716258404352,,,,,,
20140407,Tr,39600.0,10.0,289,0.4082453804153285,7.162893163069273,0.48334398836053943,5.660042847005409,0.41119343174270584,0.03932630720755861,0.009530470242337238,0.9090958885417758,0.11828056661457129,0.036727652942571465,0.1862932949208212,0.020033915224491893,-0.04065982549541795,0.022430999519434284,0.0383229919420765,0.0042491546790431895,0.0038434227982568105,0.003493940729225157,0.0031766747247031235,0.0028876863209063193,,,,,,
20140407,Tr,43200.0,10.0,237,0.4421292287004957,142.96926784364737,0.6915358310467271,1.952505052503977,0.4442905965046108,0.04285453865904536,0.009999999659415903,0.9048374211176919,0.018893490007314582,0.048675221100364416,-0.0049423412292386665,0.020206095784774898,-0.08386932609166631,0.18117434699511575,0.16511580781665067,0.07232032434991793,0.035619361241500315,0.017544724515449497,0.00864235697131576,0.004256734088766187,,,,,,
20140408,P,0.0,10.0,675,0.4847476963226544,880.9721557735404,0.8866652417992242,4.324893188278969,0.48496812977843273,0.026829909360961312,0.008292915301874124,0.9204163536304146,0.19667931069496222,0.03462118684634242,0.01239682908078156,-0.033979315046635435,-0.023943268686810078,0.06767214493972933,0.3942386070635267,0.25893786247480005,0.18030048121947662,0.12844522160101485,0.09397946143426746,0.07082880132858922,0.058418304498443874,-0.01651784143073341,-0.0034862060123383985,-0.03602224333931651,0.06171910745081475,-0.013217038478362503
20140408,P,3600.0,10.0,699,0.5311436081913258,1890.633600136682,0.8011468538216181,4.0710713820192455,0.5306741179334562,0.027359855412210518,0.008806231879104766,0.9157038093908015,0.11778830712661342,0.001883311041698828,-0.060988711475406486,0.03292489745677825,0.047147530771481296,0.05414317870874729,0.12848709804068176,0.058447544782259116,0.03329088092139246,0.02131900930634503,0.015369201760678537,0.012191287277892907,-0.10891653885512657,-0.0680940140688919,0.026790909524490866,-0.06533232255532713,-0.06533334755785826,0.00781064479771469
20140408,P,7200.0,10.0,1111,0.5412892804569659,1644.6605647602053,0.9254330789811643,17.225164594532462,0.5408868819428473,0.0219725875146621,0.0032171781655291817,0.9683402247043487,0.1910151337549469,0.11215557470412128,0.09483639953799253,0.16439514809241618,0.13981528189488682,0.08572784679787375,0.2582519864834234,0.1927778556043399,0.16703998832161035,0.15280880384246853,0.1438977051396682,0.13748583196194622,-0.19312298651351334,-0.03824115039678117,-0.007648268438505288,0.04015311792015513,-0.09942698808092719,0.07649808705874435
20140408,P,10800.0,10.0,875,0.5732788954866658,1833.262952846995,0.9020646009209353,10.348315912771094,0.572311670051145,0.025374386292879327,0.005271593536988784,0.9486494519670516,0.09255855465563427,0.031891594390841285,0.08360768500268255,0.04263379515266624,0.05952034960172984,0.046624577892921786,0.27351193460025597,0.18341876813929675,0.13820870874674193,0.1123475595931647,0.09674145859665023,0.08661560672645086,-0.042692907519964365,0.05257186819001466,-0.00762422457547469,0.042524942387089135,0.0575841914349966,-0.0903366961171335
20140408,P,14400.0,10.0,621,0.5377817579476118,2025.1091293251502,0.823696230721117,0.9123935143271995,0.5371348009206933,0.029121201647022556,0.009999999404453381,0.9048374234246882,0.23168488557761915,-0.029032665883876957,0.07756173128145451,-0.04089244954296858,-0.06527331830099996,-0.04698175684334854,0.16184695969210092,0.07005527285832293,0.03428721013417452,0.016782523013427628,0.008215060173706714,0.004020848304232998,-0.12083463396897882,-0.07519024353744837,0.00015774226019492208,-0.05288366997875726,0.011500395743969419,-0.037753097851057675
20140408,P,18000.0,10.0,856,0.6193313915084692,1767.7696102619204,0.842448433971706,2.687865539156804,0.6175303568433075,0.026626841537326938,0.009106515579248431,0.9129582244447245,0.0457200565100661,0.06620951886584375,0.09743080749309788,0.10965481704580891,0.08340938994987873,0.06005173751340498,0.17347430828252275,0.08780251146739529,0.049136962809289975,0.02934987295841594,0.019041201029399716,0.01350627614821674,-0.06579421785584331,0.05031093910224605,-0.08068125434156992,-0.0687241573219543,-0.04193129568985478,0.026540637094373345
20140408,P,21600.0,10.0,918,0.5576885067535775,1504.9825557506845,0.8432864185403857,0.9809807265623934,0.5569805542654691,0.024567136406971304,0.009999999322679379,0.90483742416461,0.18526143671939668,0.05487032775104384,-0.042572841145809635,-0.050077776059528255,-0.016875358179221516,-0.0159340859266267,0.19908384497227974,0.08783575485235644,0.04481064851569455,0.022865646946143195,0.011667996505456702,0.005953773085488753,-0.17363031420301103,0.04627743010074548,-0.048034007665065735,0.020076327236856987,-0.027225941557916526,0.13803182457672342
20140408,P,25200.0,10.0,1080,0.5715605330498369,2029.514728419174,0.8375144472910988,5.832995068147614,0.5707938522817235,0.022883138403803346,0.007945612309012768,0.9236185446071901,0.13426353723895768,0.06070966549621142,0.05969321751986694,0.09425244871557938,0.03945666235446313,-0.01256699316207725,0.18492741244394648,0.09726425585466678,0.06087067923391093,0.04205238673448221,0.031908983461585064,0.02607978606709769,-0.04700245882321497,-0.052632544420390726,-0.03296250537563871,0.015943719188782717,0.023521304536917604,0.02140087322239475
20140408,P,28800.0,10.0,1357,0.5859236131560128,2165.4159025024096,0.8240163238546767,6.858256905636195,0.5851634671642265,0.020697329605377988,0.007709708938298694,0.9257999638956338,0.11021571720054234,0.01698814089098733,0.08952185613060344,0.08309314970723056,0.0882334516933658,0.07632750397676022,0.1322829289277047,0.06392250819164073,0.042286389280427814,0.03174628530486564,0.026146346126173826,0.02278319204244224,-0.10373130440892495,-0.05346884532540565,0.05329288325810275,0.007674490164295884,0.10501603950272693,-0.003359936617312489
20140408,P,32400.0,10.0,519,0.5220056261937809,2091.6440594788096,0.7842443946022306,8.027444271980684,0.52157070776104,0.03134459010821968,0.007867202102847835,0.9243430398141675,0.028226747241381,-0.08884200994098194,-0.012685975781646416,-0.03901630078813708,0.04217426091701766,0.04312142795989918,0.11245994716477993,0.056017296706236126,0.03691889977637926,0.02772016439730379,0.022862061084903143,0.01994132890039882,-0.10476010541409914,-0.14406270588691242,0.05683932100918499,0.06520559624849823,0.014857768476533726,-0.04083827461923034
20140408,P,36000.0,10.0,256,0.4566488544152401,1693.4307674155425,0.8325964509678895,11.034344661521864,0.45816177029647454,0.04154730899972439,0.006593271016598542,0.9361938585015042,0.12100638016130973,0.06913110545603177,0.18506051214862218,0.2170875781422784,-0.040008286650933235,-0.02856626941133984,0.1745575608085391,0.09920645999052055,0.07027015288258504,0.0553258105801744,0.046954945999980034,0.04171800425861332,-0.19847176618427992,-0.07534557541854152,-0.034306214277027826,-0.058936316834894,0.08060723985568935,-0.042891888605131934
20140408,P,39600.0,10.0,200,0.5145211718942686,232.52608800491655,0.7618903093318246,1.2227920819750158,0.5138009170027048,0.049541122836794814,0.009999999561708882,0.9048374220017816,0.2942102347134081,0.025297169336153932,0.04604865518283472,-0.019895235217084722,0.08245189886169035,0.004268661226956791,0.16778876501014392,0.061069858797959876,0.028871694056501175,0.013662285434920426,0.006465556512264073,0.003059413744462131,-0.0746236295205367,-0.0304450990018,-0.015721649484536065,0.057911962035673385,-0.1335501554573719,-0.05991654393716245
20140408,P,43200.0,10.0,244,0.7182274978980755,20.32299124281434,0.8605214245503442,2.0564217369107864,0.7038232176895325,0.0516147292145754,0.00979707057891449,0.9066754637071036,0.5384018714686372,0.20287902496839016,0.04598510171143935,0.039222055638847245,-0.029753736519718285,-0.0423233055603346,0.3125513045852913,0.18591842946835593,0.11515031418798763,0.07169519102672084,0.04497558444124769,0.02851364534572279,-0.01401411657559199,-0.2086976320582877,0.026605191256830623,0.02659380692167579,0.016336520947176712,-0.014412568306010932
20140408,Tr,0.0,10.0,2087,0.28744863527609343,365.1583861716613,0.8709158265835013,20.611300241529037,0.2882736896918461,0.012604966351812567,0.004262266658311808,0.9582729102474478,0.33592142702180233,0.09621050102128206,0.054367513333946176,0.09737565455262227,0.11217643721048993,0.06081523732641628,0.28682477804787393,0.18698794961488688,0.1504349756015588,0.1301458854492902,0.11787844360742736,0.10962340133838137,,,,,,
20140408,Tr,3600.0,10.0,3842,0.3429651025896,1450.2729088570534,0.8375606052367995,4.268644078707413,0.34328196104712183,0.009535306475977758,0.008544178259274473,0.9181065912836637,0.28669548386890437,0.11905455171550182,0.06851443639837937,0.01675452489301669,0.03722723236371418,0.07078821360769126,0.23825114780408488,0.09836807047803404,0.05780687065188267,0.037293422611987016,0.026509788780353306,0.02055181492297164,,,,,,
20140408,Tr,7200.0,10.0,3612,0.32845789573330014,1126.2043898608006,0.9469493616594155,20.59177695308408,0.32881960470028526,0.009646385629688855,0.0021587605545820556,0.9786437390946966,0.15250663127567649,0.13846495888359658,0.1323872796509516,0.07509753609958092,0.08558013288400744,0.07550702219102155,0.396929288253619,0.30464130029128006,0.2735850779477947,0.2559714814884118,0.24484378557579672,0.2368917960582239,,,,,,
20140408,Tr,10800.0,10.0,2803,0.2983949525925972,1575.7066921718024,0.8016289405522659,3.790489004921384,0.29891200990032424,0.010368398983593145,0.00928559387430375,0.9113247774328769,0.21074258268037463,0.08081892164029075,0.03409694686810214,-0.0024291803285197678,0.03453619834317287,-0.0011504196705265641,0.2741652857297332,0.1418880277301358,0.08374025239805387,0.05092306978041484,0.0322494271047361,0.021494929185576654,,,,,,
20140408,Tr,14400.0,10.0,1746,0.5457266735706013,63.820730571061816,0.7470750372102974,0.9129239728083275,0.5454271983732959,0.01798846046133369,0.009999999593057508,0.9048374217181275,0.037767014608677235,-0.004233339713854018,0.020476685984711196,-0.06272689878186358,-0.015407430184206981,0.01570890978622541,0.13055321128216252,0.037350918474056465,0.01630285261528478,0.007130561528345092,0.0031190516759403886,0.0013641464554927784,,,,,,
20140408,Tr,18000.0,10.0,2373,0.6690398081412362,6.063439972597473,0.8744502156052071,6.752034854115636,0.6677321018896283,0.018371872954920862,0.007184667035713609,0.9306735847200744,0.25726020452374526,0.15536763883021207,0.08328315952648993,0.02387973073367451,0.023870944083782323,-0.004271135381572108,0.36360412759673805,0.184519754632617,0.12335890285718007,0.08910613453079053,0.06897297571354194,0.0566079543146102,,,,,,
20140408,Tr,21600.0,10.0,3264,0.650162979099799,7.458727849061472,0.8821111698041011,9.92070168820907,0.6493537091644055,0.015543201814042859,0.0059777004205691965,0.9419745665318281,0.4758540477805925,0.16476824704056534,0.11039022636830205,0.2276633139287155,0.26974226668907025,0.2865384983505721,0.34948153291147227,0.19316232142494477,0.13907500418813987,0.10852474106316545,0.09030028414464808,0.07873086456899468,,,,,,
20140408,Tr,25200.0,10.0,4169,0.6595147815094673,7.128107743482695,0.8624828926927967,6.020831740040962,0.6587525167353332,0.014500775102236576,0.007538640842335415,0.9273850676831751,0.2832179833257372,0.11902290934413327,0.17135444594121063,0.15327900725046997,0.1446777427771798,0.14911484298219094,0.3085571372361653,0.11288164949550224,0.07049419304982472,0.05115423552939439,0.040879567481703294,0.03485834283141727,,,,,,
20140408,Tr,28800.0,10.0,3808,0.31196361023374797,1247.5724692272606,0.8190382002903839,1.3026437720128965,0.31232779596415916,0.009122325186593623,0.009999999409994433,0.9048374233745508,0.26231569298014124,0.0648144832978752,0.024828583581997632,0.01188989226834067,-0.0067697531886522595,-0.015227700548513403,0.2717553709652021,0.09365576358465771,0.04616544627976471,0.023091879850550435,0.011556358549712329,0.0057833608697282594,,,,,,
20140408,Tr,32400.0,10.0,1945,0.26220760579140384,954.8847799467151,0.8352254678282045,20.733401261699814,0.2630527218342164,0.011741216107666057,0.004957437111718171,0.9516343813925293,0.18882925806261003,0.06614587503389265,0.10614755681582756,0.08658456206221876,0.12000377323535692,0.20163212808916442,0.22625367597997237,0.13866236005383448,0.10923693734730999,0.093473641631973,0.08411387142176138,0.07781099296599156,,,,,,
20140408,Tr,36000.0,10.0,630,0.44462813205237406,110.93093781787476,0.733152799848844,18.874599382602096,0.4454316650403687,0.026743231111294615,0.006622127753033114,0.9359237424824479,0.007724795640326975,0.09577656675749319,0.0022479564032697546,0.08670299727520436,-0.0016485013623978202,0.04945504087193461,0.0878909750085989,0.04875875984143106,0.040819109013264354,0.03633498545048719,0.033281177711929566,0.030866233936701872,,,,,,
20140408,Tr,39600.0,10.0,228,0.3397237054115704,138.1225279510705,0.5349057907841345,5.098443644224604,0.34507534805955625,0.038877826004096006,0.009616420578337306,0.9083148532703136,0.10483357807146355,0.017093210265016444,-0.0025749947556115015,-0.059006363191385205,-0.038764771694287097,-0.06042584434654919,0.08148722810341168,0.03244443353339499,0.01580116259124437,0.008516728540867732,0.005244720881203107,0.0036994997457168296,,,,,,
20140408,Tr,43200.0,10.0,228,0.40679536687646567,139.15152119880386,0.778981916035536,22.696632190675516,0.41017871881136864,0.04187084554847903,0.00562356453210787,0.9453163502673526,0.04534830089864906,0.07052163304171875,0.08297402249598285,0.09408736535142533,0.025527435576980298,-0.028302981610426697,0.15470000851927018,0.09582511000345495,0.07518248347436245,0.06439562706121663,0.057980860411114915,0.053555392647525936,,,,,,
20140409,P,0.0,10.0,853,0.46481766818224723,1422.6869167962734,0.9100323711488664,2.0296297318178014,0.4652008845434487,0.023263345789029267,0.009999998562484541,0.9048374310431374,0.3640137952976863,0.38439142059257864,0.41995484144010564,0.22941863961507328,0.25739931779647757,0.2186273320190711,0.4762229757161002,0.32827802887613455,0.2353266173841435,0.16870318317897423,0.12094175852740613,0.0867018187761838,0.046893147360149295,-0.08850855996152054,-0.13364411487793668,-0.024796233338331735,0.07866075298818166,0.0733485006034951
20140409,P,3600.0,10.0,968,0.598548871078572,1611.4796467840401,0.8758796626988173,5.958488781174753,0.5972975075770371,0.024665595905477584,0.007194847930596109,0.930578838643796,0.15931006957439192,0.12784316938955056,-0.008195069211558168,0.05418824304480303,0.09096853782888435,0.1289357882094521,0.16958035911241734,0.08386323838162191,0.057089460855850524,0.0436384097010278,0.036308980375591514,0.031838813991464786,-0.1472850099995349,0.017123727860437834,-0.05818365741973942,0.07873164461695228,-0.06503344453323522,-0.027398937047325444
20140409,P,7200.0,10.0,667,0.6114616217750497,1627.81859496972,0.8381953528056416,1.3598035175224568,0.6093592048525345,0.02988143667992608,0.009999999329667993,0.9048374241013744,0.19605464346931514,0.031991901557605354,0.0210053119944637,0.0038690162491175815,-0.02159265136227613,-0.05833491100311337,0.22478937006815436,0.12142682365902038,0.06732177743741685,0.037325014740803374,0.02069469817992575,0.011473480176462192,-0.08270745849170386,-0.057612297852799726,-0.09704932861956211,0.060944303363264715,-0.03939000370683882,-0.0644865474945642
20140409,P,10800.0,10.0,576,0.5598611817261984,1910.096575152699,0.8663615824474806,3.5658504437496332,0.5587037810906634,0.03080130848423758,0.00869347352005568,0.9167369243322857,0.0824638962569997,0.08634162772093804,0.04544229716643508,0.05167782409161718,-0.002673571639088872,0.051538882573365294,0.28011924685390754,0.16051670983966237,0.10038082383853265,0.06534016181283801,0.04467627973694392,0.03226979593118843,-0.023297691752978602,-0.09050440653737421,-0.008408956023969506,-0.013384897159522392,0.002717790158201387,-0.0803984071372504
20140409,P,14400.0,10.0,510,0.665101523117386,1484.708731746555,0.9178068101239615,8.110225603421858,0.6604605368525049,0.035315045940044545,0.005353142228171868,0.9478761561042394,0.20247512266703357,0.11574952996744167,0.05173682762415738,-0.012482230476452525,0.07776287430641537,0.050687852524418785,0.21266090523901976,0.1385000059907331,0.10527274346978914,0.0873093057549483,0.07677383268077974,0.06990043686519276,-0.11047052931374313,-0.017002709576761338,-0.0019072050738786447,0.03173759110778763,-0.020904015435817176,-0.03586542589284477
20140409,P,18000.0,10.0,768,0.5642115961410605,1345.782094644847,0.854931868887988,1.0134413745752981,0.5632581343749139,0.026972561727863453,0.009999999262540195,0.9048374247087718,0.20810976356731595,0.07385709353735814,-0.03132872272894323,-0.06935173120399139,0.026299377457040085,-0.05570812869600079,0.21661620523459219,0.10093777141783708,0.05311537213396782,0.02795437104090665,0.014712643899431282,0.007743075322891744,0.06458324254441393,0.014576342586539984,-0.05896304527824985,-0.01784692261878824,0.023334568062637052,0.005684838976772549
20140409,P,21600.0,10.0,630,0.601640751832363,1861.3727415894587,0.8540256220349254,3.4490889112605823,0.5996625645409575,0.030481458446592884,0.008775320411521115,0.9159869106301233,0.23259447936989666,0.14077968061276103,0.09047799696509863,0.07713707637835104,0.05082556543102825,0.04966038008526628,0.232738555315882,0.1238531462633245,0.07402435351021987,0.046742863528422544,0.03156209324299695,0.022896487769624323,-0.23937073447316956,0.057542347795996804,0.047393781346541104,-0.0305383579519634,-0.0204250205328964,-0.02381961902617788
20140409,P,25200.0,10.0,1069,0.5866748498491147,1856.243240477362,0.8988996446634993,4.177055470515722,0.5857031752866715,0.023287066350643117,0.007779354327861439,0.925155411380815,0.30572866597091536,0.11210230468270359,0.1136146994390947,0.14884843807846532,0.025280666584467995,0.027381103294374088,0.3135075149413635,0.1869940331781777,0.12447092120403605,0.08713606488564547,0.06443342897481667,0.05026558973198338,-0.09654727154554092,-0.05453928366773198,0.04264159542187303,-0.03961056692010968,0.06701962164303375,-0.02253585314919295
20140409,P,28800.0,10.0,847,0.5110072669895933,2065.684104149484,0.7851517481003246,1.0920914595384916,0.5108750368593364,0.024443321692324264,0.009900610265939719,0.9057371806011659,0.12725509139293031,-0.07887726510120141,-0.06655110579838137,-0.07544131156701124,0.023385370266493174,0.13002862950533073,0.1363717079639837,0.04523405193825549,0.02083416125385531,0.009843941870329415,0.004862819310726211,0.0025835715156034547,-0.2014679794216782,0.030391461179114194,-0.026377801431021215,0.004429069836201303,-0.00042132339897106206,-0.1115930459464254
20140409,P,32400.0,10.0,417,0.5342929215560941,1814.7885845771295,0.885752666671374,2.4271033102706507,0.5334291461383047,0.03531214516621359,0.008948307943748257,0.9144037372190077,0.153598776022218,0.04896502434617414,0.024403914288074872,-0.0022956198486794974,0.01377332758766864,-0.013509413115991681,0.27207883767934593,0.13624254556839552,0.08112361906039842,0.05055858915709448,0.033374256706302306,0.02351921293826107,-0.28930320327320225,0.023958789339731168,0.06693714360435037,0.01781404982953652,-0.05586943008912622,0.023949503391266287
20140409,P,36000.0,10.0,93,0.39974839524878025,1854.378685958356,0.8016197889703678,22.698891967135168,0.40820813818123036,0.06376367394207556,0.005233668848584948,0.949009292545651,0.0614867919300625,0.021938957791047823,0.22912647374062164,0.10626171154421042,0.024803865812134066,-0.01465647352188464,0.11413640622663605,0.06736774003963357,0.06225514077973641,0.05846640701347285,0.05525562944880607,0.05235143820120616,-0.19061225589994352,0.03540885768467251,0.09703702646650303,-0.16949280463750468,0.07582164760799387,-0.005138230873147258
20140409,P,39600.0,10.0,257,0.5578793422345366,297.7427594962455,0.9855127118281168,21.96098352082781,0.5554344526950921,0.045440608923523064,0.0006286342233881648,0.9937333754763986,0.11975435538624386,0.1690577474818169,0.061474519968285506,0.10081968296633491,0.0427757119783275,0.02224432518235967,0.5917526360554068,0.5510652653105491,0.5354397540311178,0.5264910078831242,0.5206208637124142,0.5161763175928148,-0.05029553195752359,-0.24224604287717902,0.06189641354437992,0.14984972951312364,-0.02647265077138851,-0.1306651973552395
20140409,P,43200.0,10.0,1033,0.511507391587254,1612.0415953672689,0.9474901301262604,14.18633078893642,0.5113933917127368,0.02222641542182478,0.002853715090397498,0.9718661877680301,0.525287856450617,0.3852723476330265,0.32593200711871945,0.43884447289658957,0.3957585660564961,0.3307408126451452,0.37531741193215207,0.2848231995374313,0.24436619500118986,0.22068456954763335,0.20576766801024718,0.1954659218395751,0.04637530683232704,-0.09361730592491768,0.15908194604404424,0.1450447306273921,0.05438726602217337,-0.0873852650682302
20140409,Tr,0.0,10.0,2279,0.31957978313029534,723.3175997748491,0.92421229714555,12.7448925930987,0.3201862439726096,0.01209245243720008,0.004026034075120162,0.9605393390650226,0.6061489182133895,0.45009369152067397,0.40461679368509124,0.3734850457822326,0.3563455901614822,0.32154570892339246,0.39870036291392846,0.26132756313659905,0.20998747166526152,0.1798648719826142,0.16106365380104368,0.1484343850088511,,,,,,
20140409,Tr,3600.0,10.0,2845,0.35831608360060585,1157.0705539688363,0.8908866413240809,16.885341782845085,0.35871210892451233,0.011332517495242726,0.004310133707488259,0.9578143230470916,0.35207568621692076,0.3071483228776084,0.18848563602127624,0.14698279968483835,0.12669740278564215,0.17587808802908106,0.3203615986962113,0.22033136509670873,0.17496424397998464,0.14864971302188745,0.13243906917568463,0.12163329954385428,,,,,,
20140409,Tr,7200.0,10.0,2080,0.4689866900963244,93.1498793678245,0.797893719437817,6.664945523242281,0.46914935187145124,0.01610833720268241,0.008237560007921241,0.9209259938519648,0.1835924634683677,0.09004665536971906,0.0646114583813283,0.07586745028575133,-0.04723941508432608,0.001126281785463812,0.21325508785608807,0.10552201453925676,0.06446505840311959,0.04297683293543838,0.03136157761311689,0.02476204794814275,,,,,,
20140409,Tr,10800.0,10.0,1589,0.3303384174295104,149.90420440353967,0.8637404753555918,25.76171845825109,0.3313497273373064,0.016203223457322818,0.0038589352274279107,0.9621457309896478,0.2421408965682038,0.14056330732433772,0.11230567671811637,0.030164280878310388,0.05935746741366653,0.08343114952494227,0.27543023249680076,0.19599783576187954,0.1612156094688523,0.14175785235270874,0.12987309435696148,0.12177462803068201,,,,,,
20140409,Tr,14400.0,10.0,1660,0.44808152157353764,50.25423897504994,0.7480386252019039,15.397006766460224,0.4484006145009598,0.017389625664402844,0.006949125248453619,0.9328682936286892,0.29509453664124274,0.13252940519095913,0.019162790210376347,0.02759024110859665,0.12664504931131787,0.07145985248512277,0.1257381672625166,0.06205625790672761,0.04603267327973755,0.038002741963548164,0.03339154434471181,0.030290371622204153,,,,,,
20140409,Tr,18000.0,10.0,2584,0.31030154205954513,1030.819561777789,0.9105773418765605,20.402234323401693,0.3108559234454646,0.011185995683089957,0.003277869183346451,0.9677527074691704,0.37183100428952487,0.15621323680849658,0.14233554193681,0.11963036682375784,0.0950059531935486,0.04909472526815564,0.2645266001519529,0.18026170094593993,0.15821258106317412,0.14606461198315313,0.13828326391743043,0.13248502414001215,,,,,,
20140409,Tr,21600.0,10.0,2267,0.6723275319011303,5.346957473486456,0.8598176983317589,5.816693785406759,0.6709952675426427,0.018350396302586745,0.007914394086465722,0.923906926911504,0.374607486334965,0.2040185616577284,0.1568801957002185,0.2072958813850579,0.1285440582805003,0.07521832210127088,0.3746625164077871,0.19996417269046915,0.13129397815724708,0.0908799639711463,0.06646228836190864,0.05133379966691365,,,,,,
20140409,Tr,25200.0,10.0,4679,0.27674663743960337,665.8131986968527,0.9381318841356272,19.742581027875648,0.2771158274525357,0.008130928628924372,0.002530375724085403,0.9750136995710943,0.4869875527945083,0.3048292937975093,0.226234083153597,0.24263137233274332,0.2031350853507099,0.22231729200816688,0.3723741918275244,0.26801670573157965,0.2372046203922321,0.22000129949407174,0.20918946594676183,0.20145720661077457,,,,,,
20140409,Tr,28800.0,10.0,2927,0.23836062055964244,1001.4631949027553,0.9510939900397859,18.20162025908318,0.23896653651130031,0.009178533952600489,0.002257546280877593,0.977677456122592,0.43898981935053705,0.23214931186447954,0.11059785892442908,0.14220412184030495,0.16848764674994385,0.13743123439984095,0.5663404581453009,0.46713974131546965,0.41342835824315916,0.3776235560008757,0.3528696855706664,0.33496522761649594,,,,,,
20140409,Tr,32400.0,10.0,1710,0.5658650654225905,11.901699355083007,0.7963984547388175,11.831811722826174,0.5653591919709808,0.01933217195270919,0.007005157620207141,0.9323457318139938,0.3352930958694327,0.1470974008479503,0.030630078130538974,-0.0002197864526466543,0.03857429491088014,0.04333692554202175,0.19755002134590768,0.09547331062195942,0.06546906545977252,0.050207927465332494,0.04181537228184951,0.036682081581733576,,,,,,
20140409,Tr,36000.0,10.0,616,0.3511229781185642,59.5960219285265,0.7321572350969952,15.183219333205638,0.3531695850959953,0.025030955388157458,0.007254215451736667,0.9300265410139621,0.28017332889712754,0.0970970883134009,0.17492093438193543,0.15328114697856607,0.11309887254561432,0.05782923288983463,0.18391859409714692,0.09626471124290953,0.06425444772334675,0.047829634871976584,0.03885095583573971,0.033472999864356985,,,,,,
20140409,Tr,39600.0,10.0,492,0.5417437243895191,5.825876058482598,0.8827205223654114,24.998205120727057,0.5407348046536693,0.034455924055151695,0.0035142079107624733,0.9654682336473291,0.24884547809582436,0.11416910331384016,0.12468163281009542,0.17267684928696012,0.03452825228275367,0.05875654047399201,0.2892492809181542,0.1947080754164894,0.16527964018948893,0.14909460126922305,0.13909711817642598,0.1320494914170886,,,,,,
20140409,Tr,43200.0,10.0,1644,0.2653518987548386,787.5141078704015,0.8684335008917541,13.468455631226384,0.2663872434707558,0.013131118646415826,0.00553602261082306,0.9461442606940701,0.42687146664473474,0.3345475249133979,0.3263294325678668,0.3914974278838152,0.2984979017719893,0.30546577137049635,0.3602523368824024,0.23487430181278848,0.17559956368563046,0.1396068614192982,0.11697708796984825,0.10207152237972973,,,,,,
20140410,P,0.0,10.0,892,0.5720374357517787,170.34731748401074,0.9376802205144603,5.851934576298959,0.571047777728922,0.02585159767881349,0.0056548863116082475,0.9450203067300131,0.22180727134952638,0.15044018866661013,0.17436077386113003,0.16325552679933206,0.03916840260431833,0.08346633534340413,0.4312814589182427,0.2923404634894869,0.22190306291526538,0.1763272460419971,0.14612204524264563,0.1254831832446397,0.11109372862093327,0.07941647887992537,-0.06987530681142298,-0.07667255856293574,-0.05180435832781837,-0.16264523803540165
20140410,P,3600.0,10.0,968,0.5766125498109979,1894.1884395263867,0.8400123426868286,4.97263411703996,0.5756880163593099,0.024241863256280447,0.00814633506338623,0.921766491392484,0.04168696533105179,0.11049938438912991,0.07930270496330277,-0.006034742374565953,0.11480424425651549,0.0064332666111180355,0.16322824163802968,0.07586860564549594,0.04672139388819896,0.032326502667791905,0.0248259262247025,0.02058136487470953,-0.062207617470502984,-0.010670668598633788,0.016337197267646437,-0.027447733388532375,-0.14709687435313598,0.08514800248395778
20140410,P,7200.0,10.0,546,0.5485716216479567,1852.3301688139186,0.8331512692615476,0.973744458360506,0.5476007979613737,0.03138997165424235,0.0099999993669736,0.9048374237638194,0.1440858840794069,0.008700662275760204,0.10338636668205302,0.043185905421793354,-0.003511773883205862,-0.03251512579599655,0.19515814012816257,0.07917837392382807,0.03936394073989939,0.01958196725420025,0.009741676056574234,0.004845964880777709,-0.11443636690001789,0.010761084185963058,0.0029483037156704506,-0.08590917250044873,-0.03758301920660562,0.018820678513731842
20140410,P,10800.0,10.0,1163,0.613605738396354,1413.9975931288884,0.8434594787296719,0.9752102001460609,0.6123500586940995,0.02286143671006244,0.009950669470101293,0.9052838892432507,0.22184283901639598,0.036986510529977985,0.11026675118459162,0.04138267916738572,0.003685796477894763,0.036157042705178624,0.17908548233428997,0.07956240821231558,0.04010750871188293,0.020331485710342684,0.01040710707945206,0.005416120891012047,-0.051372305250240856,-0.03239483849805682,-0.0058262386111037805,0.0017381703377644375,-0.05519569425774122,-0.02288102831738667
20140410,P,14400.0,10.0,977,0.5461207927293554,1671.3514428257608,0.8040911409068265,2.7609165143606464,0.5456054738763002,0.023504098080629556,0.009143006405914988,0.9126251392179768,0.18148896167097345,-0.011937892224442099,-0.003029768047982063,6.5183128726780965e-06,0.019976667352953236,0.022679739815010837,0.10564797555235696,0.03524339475587937,0.019478423650183187,0.012458346379780853,0.00913667051341165,0.0073998903864343855,-0.0774651558930519,-0.08892749401023635,0.034266423096210315,0.02566961975945426,0.002769021977059781,-0.05454187262697901
20140410,P,18000.0,10.0,937,0.5825578068356649,1593.19897165328,0.8157800640183375,0.614547196380434,0.5815151600668957,0.02474842485332194,0.0099999994406255,0.9048374230973893,0.11635158943085255,0.006427706591171314,-0.046839270293319,-0.039167573308142536,0.053984499381150075,0.13804615528995753,0.12670134234595962,0.03902572113412178,0.017192462694534966,0.007582264398221774,0.003344413687890307,0.0014748241609635496,-0.03642984382796358,-0.030512770293271388,0.008853751346511667,0.07533237270510115,-0.07575731080053906,0.01787537947146796
20140410,P,21600.0,10.0,2083,0.5298104743795762,1531.6501937474661,0.9421317216712124,8.024615559569291,0.5296583133738788,0.015943085517654904,0.004408551605134703,0.9568721260482826,0.2489534856946188,0.1257242763378815,0.13977718333987751,0.1412972218753342,0.09044783238542402,0.09305014074969045,0.2679491702961812,0.1641740995367294,0.13271060200493132,0.11565665398354842,0.10538562217349155,0.09837693904971177,-0.054461385639052694,0.03888082999590046,0.020022232033048457,-0.031695626123427224,-0.09091876635867682,0.06174040553751063
20140410,P,25200.0,10.0,1262,0.5792107238864539,1805.6184153071258,0.8456286739018826,5.51230228613371,0.5784702589658721,0.021328374538978557,0.00787067626228589,0.9243109272210345,0.062396243480491526,-0.010537567255715523,-0.03384541259905728,-0.03565746328735312,0.02213266771949811,-0.01518032879823723,0.15699342541658676,0.07608219419989848,0.048375050357476274,0.03465174249296546,0.027415086096892166,0.023223343480835094,-0.090374371670793,0.0008852877185085036,-0.03603421111861355,-0.006669667641983658,0.040588191162127696,-0.09975241953634931
20140410,P,28800.0,10.0,1472,0.5736457041900302,1717.1120907812415,0.8363683558391576,1.0535712409780085,0.5730597919354176,0.019704812095689236,0.009999999350311862,0.904837423914581,0.19343935614878682,-0.03701618499501553,0.009615795281570935,0.08261655023302508,0.13600522329626602,0.059826974804678655,0.19478354548060023,0.090679279751537,0.04675886012790845,0.02411291476880077,0.01243521494304102,0.006412513499113667,-0.1588628762541806,0.043478260869565216,-0.028428093645484948,-0.05852842809364549,-0.013377926421404682,0.03511705685618729
20140410,P,32400.0,10.0,1077,0.5630100510565132,1906.7588726343859,0.922587412084751,15.98196368031245,0.5623452577203061,0.022758053434744345,0.0034556318897072196,0.9660339321888256,0.19648253101279387,0.13112679128019317,0.17490965276689469,0.06988933677138096,0.1887897138890102,0.1680363906665742,0.17680215633940033,0.13095132843041776,0.12049617219232793,0.1140395011951337,0.10923460940152714,0.10515655624127251,0.04698813488654801,-0.032566521492331905,-0.1030942477809425,-0.06150117294834509,-0.05423755845904227,-0.04881248398812487
20140410,P,36000.0,10.0,422,0.5595402825550609,299.17532837043285,0.8059533938300953,20.001340828332253,0.5579594172762857,0.03606039360894902,0.005468204903764713,0.9467861316636229,-0.0386036915415639,-0.015184093370450206,-0.051423595372493,-0.004768090216748169,-0.009756267457411061,0.030634950656375098,0.0765612419580003,0.0559622210198437,0.05297993279520231,0.0501604843021282,0.04749201689035643,0.04496430123798704,-0.0887639531082154,-0.04666059502125075,0.01645999719770213,0.04181962542618282,-0.012826350941105024,-0.07587922096118818
20140410,P,39600.0,10.0,519,0.4755116540154622,1454.3532487004616,0.8755057463340695,20.840163345640327,0.4759540960518359,0.029985553657284038,0.004093108292578429,0.9598952808426188,0.090843136635427,0.037260107762981616,0.013679358115960678,0.046695612077337204,0.010658105655262253,0.03175920096223933,0.1995015076501673,0.138234024559973,0.11733439705175729,0.10596435088708314,0.09882189270638869,0.09360198379271478,-0.15367086945101133,0.03182295770948255,0.005338849487785672,-0.08544785920672447,-0.006021801943787737,-0.066548463356974
20140410,P,43200.0,10.0,188,0.41840846279331917,474.7083023729932,0.7438648156640923,3.0698713464575644,0.4220120998382277,0.0463547567800241,0.009999999567171574,0.9048374219523532,0.10329214002558348,0.1183305470065985,-0.026254321972719336,-0.02275700697848198,-0.009000943551553396,0.11375432197271929,0.27009631702516146,0.15420504931895873,0.09057087858493566,0.053196464331570444,0.03124536228472106,0.018351649685467455,-0.0655614619129439,-0.10905462485681557,-0.014741731099656378,-0.021991337342497162,-0.029240943585337947,0.028747852233676964
20140410,Tr,0.0,10.0,4387,0.339464597074413,192.6871684708599,0.879531876269356,12.63456216200924,0.33982830951120807,0.010048667519187269,0.005375893223682865,0.9476605293720584,0.49008032971875987,0.37740241943201897,0.25030293958586614,0.16526037252897127,0.06884141928199888,0.08374177948262965,0.3271285199535076,0.19356874590034617,0.14469642269480537,0.11697838715288812,0.1003355605709849,0.08958958115064135,,,,,,
20140410,Tr,3600.0,10.0,3219,0.34012027271394724,684.9303665062815,0.8896515590083737,19.072254909711763,0.34053576824708975,0.010791243221107402,0.003994285008783047,0.9608443497534372,0.2560695203199319,0.20611990723695245,0.08456880870167698,0.16582179112132733,0.11666649268879968,0.05383692413895101,0.25742144435787917,0.17022769312445638,0.14127979787330258,0.12548012989962196,0.11582988240177412,0.10910867526478653,,,,,,
20140410,Tr,7200.0,10.0,1802,0.41902538522957605,134.18836398480073,0.7849092242938465,16.70576586012634,0.4194424310494337,0.015812452707380492,0.006255651420105454,0.9393599741349169,0.21464546784786412,0.0055966120642824465,0.018542567282393323,0.05667680402022108,0.06737916847690839,-0.005747465119736065,0.11949341197123524,0.05609078104435265,0.048062805683124855,0.0433884433732,0.04007764221850767,0.03738431978017194,,,,,,
20140410,Tr,10800.0,10.0,4393,0.3655142644652566,871.0877150256432,0.8664899720192932,8.45165425331964,0.36576210354494637,0.009241003236389463,0.006711676303981377,0.9350860114770433,0.24351032979569964,0.12977678751673516,0.08891247528553464,0.01833865785173819,0.014738792239788091,-0.03071526142280137,0.28055112132715015,0.15213848851129505,0.10480372981396018,0.0786844367566384,0.06359156735174712,0.054301483182479564,,,,,,
20140410,Tr,14400.0,10.0,2533,0.3335668718792679,899.3493834366775,0.9050550628175815,22.75377715764238,0.3340761311438569,0.011665178617085119,0.0031848918701098653,0.9686529163655213,0.20238449057039903,0.1663414564490553,0.16394034782657277,0.1552234396947612,0.08234471300634728,0.29942073199407676,0.2704534173895136,0.192689370233297,0.16809832623943477,0.15452827738124403,0.14596532470585116,0.13972306971024023,,,,,,
20140410,Tr,18000.0,10.0,2203,0.3932954293388191,1105.525414733139,0.849850244609817,12.54682526268171,0.39369793599743647,0.013416444513823636,0.0060166326393618,0.9416079063117261,0.2754538270388746,0.0868496999030197,-0.033742917468220564,0.03740582374806979,0.05700340036948414,0.08188697517116426,0.2460670700820953,0.14563394996911144,0.10523571375539723,0.08314664584156892,0.0703180245925851,0.06222388208878373,,,,,,
20140410,Tr,21600.0,10.0,4111,0.6026938844605878,15.73791152161896,0.9406686858208878,13.465768939823285,0.2875196638034737,0.008819160679698533,0.0032675120381802417,0.9678529442126758,0.49356060124077433,0.34080052094625723,0.2692190522549913,0.24030721659460183,0.21224577372548198,0.24689197562637147,0.44199983315197616,0.31005533360665244,0.2590741636966796,0.22857886433596536,0.20916923079800628,0.19588135924759084,,,,,,
20140410,Tr,25200.0,10.0,2644,0.3333391044533932,936.7615508019231,0.8431154037635816,15.242548635241521,0.33382828465473036,0.011421528878305541,0.005646043007349178,0.945103881446376,0.2984515820312673,0.14095389221980698,0.19887669432257618,0.08097927443491615,0.07843645798221562,0.16704716765797972,0.25666729643502967,0.15421128777648965,0.11407791507075385,0.09203120444488037,0.07910700725969419,0.07083775395998625,,,,,,
20140410,Tr,28800.0,10.0,2693,0.391390601652883,1011.7100377971846,0.7743464225369298,5.922202818439156,0.39173075577877786,0.012209368126540656,0.008626135923693545,0.9173544408291447,0.2813869562969446,0.02479059116121341,-0.027272193481409933,-0.03646063714287308,0.10383178276800223,0.06219025257305578,0.1876876047930789,0.0900128754257939,0.05270383472248774,0.03368964212328487,0.023709560457179524,0.0182170189301738,,,,,,
20140410,Tr,32400.0,10.0,2656,0.3527796441579672,1031.1199635472462,0.9084245708751656,23.785599615781305,0.353219704986327,0.011685259381442228,0.0030016689929674954,0.9704293370159598,0.32134158549652386,0.29122670127295125,0.2821355942409726,0.2228430906759844,0.22643820463058079,0.15540024913667153,0.2671560581071583,0.1998631947945521,0.17570616925411658,0.1623160365740161,0.15383523090501325,0.14763212949790877,,,,,,
20140410,Tr,36000.0,10.0,1111,0.438694924383,151.06474686057405,0.8058909575016173,23.604852687817026,0.4392021072806555,0.020164352512435136,0.005093585496311222,0.9503396281478452,0.11416222394850356,0.0827348101355553,0.06200262704165839,-0.01464943625882861,0.06651646704761204,0.13853497536041506,0.14581126947968764,0.09653163717056663,0.07999043062859697,0.07110145518618319,0.06551282018678072,0.06139752229354615,,,,,,
20140410,Tr,39600.0,10.0,797,0.28231668088056017,731.2150640299725,0.8110525739074422,21.24670195094271,0.28436288261512993,0.019570840620206857,0.005296503224250725,0.9484131757844054,0.32756712973012186,0.1602881143098447,0.09962368184232384,0.048608462294922404,0.039527280454628305,0.05563531972697888,0.18204434202528705,0.10644315540151474,0.08504091017761474,0.07376766062470035,0.06697766350747465,0.06222849166720084,,,,,,
20140410,Tr,43200.0,10.0,264,0.33547816965801663,227.77333138857907,0.7346729304777364,32.54221796659246,0.34012136432190165,0.03562635336674359,0.005291826655715625,0.9484575300136867,0.18604669321464828,0.053810416178652315,-0.04047786366830642,0.10814788787381902,0.06791207933161554,0.031424221129070035,0.11164905693399048,0.08117192201535837,0.06845464758061938,0.06146328339216814,0.056890463110533564,0.05338740758783906,,,,,,
20140411,P,0.0,10.0,524,0.4944493361562952,364.6603604918437,0.8746357116557538,9.358002024719479,0.49455716266271343,0.031081360413298082,0.0062482622215013104,0.9394293878735415,0.2527089529131802,0.11785526115368575,0.054688986523436026,0.018482394568422808,0.020843009391394655,0.10213310260616817,0.25325660989300086,0.14993873867854296,0.10658591485992293,0.08263594888639601,0.0686982308397039,0.05997569517315954,-0.03449410036563361,0.08189554693362709,-0.037883795564496815,-0.06375596749213651,-0.025107374942121303,-0.10242371988312499
20140411,P,3600.0,10.0,787,0.6063666600799347,2089.2828704011245,0.8535425069450565,1.0046848496182896,0.6046804395472168,0.027460317561182227,0.00999999927036254,0.9048374246379923,0.1521841518317561,-0.006008611123195315,-0.044888756069117235,0.02606058594100438,0.007521291976132312,-0.004006340145263906,0.2069874436334949,0.09939465647549835,0.05230376128901428,0.027525072080720185,0.014485720867922406,0.007623002825137934,-0.09041531460967515,0.04139159300287196,0.0036785274700682547,0.04955055760695237,0.0008718436462645952,0.03577822535526465
20140411,P,7200.0,10.0,802,0.6007109144543642,1888.6228143144292,0.8089850516378582,0.8861522463859542,0.5991628897073623,0.02710813807251309,0.009999999454009883,0.9048374229762824,-0.017675425173372113,-0.05336135199769599,0.02263263169521723,-0.0282864519505301,-0.0086337339305254,-0.020256105989224164,0.15089892868328073,0.060098588786066415,0.028521282243182882,0.013538132050785391,0.006426746200028333,0.0030503719509814703,-0.13114754098360656,-0.09836065573770492,0.06557377049180328,0.030054644808743168,0.01639344262295082,0.00273224043715847
20140411,P,10800.0,10.0,1080,0.5874629879002735,1977.5034118673163,0.8621953412504406,4.673069016383488,0.5864914593293141,0.02317339807561148,0.007982590029442816,0.9232770746617169,0.0674933569530558,-0.002037201062887511,-0.07927369353410098,0.08095659875996457,-0.02409211691762622,-0.006023029229406555,0.1821411483387966,0.09099366126807,0.05673856195936411,0.03928445578739769,0.029975993875412114,0.024651092165546236,-0.02789818684463449,0.0006231034222092551,0.022389607023682232,-0.0846707918920962,0.018104556106305538,-0.021164998218161802
20140411,P,14400.0,10.0,672,0.5324744346477169,1698.4991428537517,0.8357107382253708,8.862220780114727,0.5319644016655758,0.027916240132645202,0.00701508892101965,0.9322531423524999,0.06378028190389469,0.018616849733462337,-0.01465198338170849,0.18607269553999964,-0.026952554398345752,0.02945762904786296,0.1489117276021927,0.07667467483306528,0.0538851643680591,0.042481449245259345,0.03618580739884013,0.03222691182893941,-0.1202064568627215,0.05512444332206955,0.12004371249564086,-0.029312425091493576,-0.02936663980983759,-0.01957201438243318
20140411,P,18000.0,10.0,1921,0.5838417441576181,1728.8105673469456,0.8951666998588227,6.5154655230228915,0.5833187565762438,0.017395923253337966,0.0066551636063964725,0.9356146031535079,0.1632404527828351,0.11739936008357167,0.07418360412877056,0.03368063845174283,0.011172128078171226,0.013342414315474876,0.24897637076277288,0.1441111776705537,0.09974896596447856,0.07530464673905005,0.06119619526817852,0.05249740102621194,-0.06474260430158414,0.01910394529948196,-0.03766636303830778,-0.04895806691768435,0.017454470562865882,-0.03076500669486856
20140411,P,21600.0,10.0,2136,0.5547038726856083,1885.6765103935124,0.8706773517487572,9.001963511918692,0.5544167203221372,0.01609994310349488,0.006314461384777641,0.9388076992782252,0.23179588204009424,0.1444634387244527,0.07738025463189087,0.001682486188444974,-0.0300733721902033,0.04550201882061802,0.15276347563215406,0.08200085949595727,0.06186704203740054,0.05158225402722075,0.04562937645632407,0.04163316426811684,-0.10560320478044549,0.04864869838800792,0.01758712486737434,-0.036958195106572625,0.06808658156219044,-0.07056382115577575
20140411,P,25200.0,10.0,2263,0.5970443501253329,1983.3565590815238,0.9527586660691703,19.556025470987418,0.5965141184022273,0.016201286529127626,0.002024239106112537,0.9799611107029077,0.3914753597229626,0.07337386863929217,0.11570146294302816,0.25357515908962436,0.1494798136278985,0.03408578831072453,0.2268836044600772,0.19462416765322357,0.19070562700407823,0.18688395793982981,0.1831395815939807,0.1794693032436966,-0.12824753664695837,0.005074218026618039,-0.046673395568856905,-0.08087347299034305,0.010653776789635161,-0.14048512492400647
20140411,P,28800.0,10.0,2449,0.6006469445886206,2328.835195261342,0.8773837612587327,9.86190076595405,0.6001328002490194,0.015637346725653034,0.005883670853044753,0.9428607176996923,0.035865878509805535,0.09707163915278268,-0.040121854862551015,0.008303015154152977,0.07913221648209924,0.007181152490504308,0.0984514229476612,0.053615171875348325,0.04924177677316169,0.04595074445884827,0.04314755210682667,0.04061529238458764,-0.10806595287710088,0.026838458609796004,0.06763948104941017,-0.04000796328750083,0.0007930591521133257,0.0017747377782427898
20140411,P,32400.0,10.0,1069,0.5834955195381201,2588.8478919787526,0.7722337770135764,0.16804496190945983,0.5825686375863599,0.023199995346499514,0.009999999558791458,0.9048374220281795,-0.027145211953988665,-0.03503558235981325,0.0036892207710098467,0.000556291852946842,-0.005198035979175868,-0.057604522529546454,0.04459068459684425,0.002181329297766285,0.0008010622705436318,0.00029833731363660586,0.00011166155217902704,4.141658929211266e-05,-0.03352732460729989,0.040574054060235926,-0.027605801725764677,0.03232577953899553,-0.10354659507430851,-0.033202099737532804
20140411,P,36000.0,10.0,302,0.5965481008090234,2632.4516956367265,0.8477844713456422,8.11041978107349,0.5927752373822346,0.04319572479751243,0.007117410297143526,0.9312997359607388,0.054521768566052044,0.01901700175221261,-0.013531598261483604,-0.028036878068063598,0.04043164997082378,-0.012614516095301004,0.20257802154692145,0.12129129882686542,0.08129093156386255,0.05974081356557495,0.047588172250948635,0.04026007518728593,-0.1879001883239171,-0.11301904850112689,0.06216773177734558,-0.03799975301781361,-0.10044842703220032,0.05584421598592199
20140411,P,39600.0,10.0,191,0.3769708476701271,1835.261114746676,0.868965655808755,15.984513038230705,0.38196305810627773,0.04377765344521914,0.005130362000623707,0.9499901907128914,0.11043174560714727,0.2615012263320343,0.03724213590130628,0.031369928282246516,0.036006538516712955,0.028851436250599348,0.4100165495819183,0.3029883043865789,0.2363321919442271,0.19251649266898896,0.16301095074950414,0.14250878493625116,-0.09162625962759556,0.09911139855477093,-0.1069574913236781,0.09911128074999234,-0.0001275236728703068,0.007506167080161429
20140411,P,43200.0,10.0,385,0.5787014043064406,79.5307665516669,0.8841692032914623,7.056677039380617,0.5762578223937096,0.03873699992235528,0.006923045900394442,0.9331116113243737,0.283378489003772,0.2792367111623614,0.053005136202228624,-0.011316112050555428,-0.017764150460714667,-0.02027297199338045,0.34146056554788723,0.22081553747380486,0.15580464618016499,0.11558762881185697,0.09018487917757098,0.07367149589170707,-0.13301028055641745,0.026551728666860407,0.0430560685983343,-0.020789478436606803,0.053664890307349555,-0.0314575668474219
20140411,Tr,0.0,10.0,1892,0.3288442222378365,162.58367688988568,0.8833332297147763,23.83404511147761,0.32973539040194283,0.01512111632574874,0.0036026500249741935,0.9646147306131473,0.4423756775403895,0.44221019378651677,0.31700415938345206,0.2990421883653456,0.19589427592336742,0.30123347123734495,0.255418381782063,0.17184803651892697,0.14744293500151312,0.13409525319633112,0.12573423367440434,0.11967647042017786,,,,,,
20140411,Tr,3600.0,10.0,2417,0.48564636958785384,78.39341197790532,0.7768933576603962,3.822852707216931,0.4857101053407139,0.014855957820955919,0.00924680817829222,0.9116783096462626,0.20232405075052945,0.0009149101795613815,0.08241701749982498,0.09669091486791413,0.01687070383838734,-0.08656692430948504,0.20329169213123158,0.09588367145395643,0.05330420406515202,0.0312580499131041,0.019681694905123247,0.013460714716831858,,,,,,
20140411,Tr,7200.0,10.0,1815,0.3319653029449956,875.9148010852493,0.7620161131233243,1.9510335426290646,0.33267406898491947,0.013683273513555668,0.009999999549241237,0.9048374221145935,0.0673006988665167,0.14103468132764851,0.036519835104891374,0.003162058841790626,0.011306432805993742,-0.06428831672305767,0.2211337040633257,0.10623926981176772,0.0566336107222287,0.030192839811379622,0.016096851320202363,0.008581562839669278,,,,,,
20140411,Tr,10800.0,10.0,2819,0.317361487255414,783.5703990206816,0.8432695851356757,15.217458650730308,0.3178536471386421,0.010808035240523966,0.005590148224148789,0.945632292875383,0.25337916548653205,0.05273517713509474,0.05858405284249355,0.12796067862810673,0.057712425847057575,0.051129900961193624,0.21412257850880337,0.11063513067237349,0.08571622038493143,0.07278789111147964,0.06518341085270657,0.0600302140936837,,,,,,
20140411,Tr,14400.0,10.0,1910,0.6203242348957632,8.315664238892326,0.8599239908804043,8.827496849789485,0.6193221542004812,0.01967343156091424,0.00675201260916167,0.9347089083895946,0.38467067980473363,0.13369024596560397,0.010781781814579143,0.023519750656526294,0.03970852936809392,0.040442968999269045,0.3076270401875577,0.15504346141755473,0.10608231547541205,0.07947887789030851,0.06419894179711655,0.05483146140129818,,,,,,
20140411,Tr,18000.0,10.0,5827,0.34583446995231065,952.5232451371895,0.9297660458669179,15.428751254636756,0.34604798818152216,0.00790561590159684,0.003328680465667441,0.9672611048141925,0.4001963774380789,0.2103754751002834,0.12342730509940755,0.15568703066259706,0.06386882714911916,0.09176834787406427,0.31549017866262813,0.20887233581594963,0.17872322658829376,0.16216029239054264,0.15189202940347712,0.14462278321377992,,,,,,
20140411,Tr,21600.0,10.0,4639,0.2629611625723365,1154.3757564254756,0.8817555594844277,13.299607642624373,0.26332020155107005,0.007664664418403628,0.005235406937992372,0.9489927980590067,0.30166931489632093,0.25534392950282087,0.13950241142138584,0.16293963671982442,0.1561840283493869,0.16891957523463572,0.3640431841188615,0.2418319613663452,0.18353903786985531,0.14807940631883534,0.12569910963795836,0.11086330496072863,,,,,,
20140411,Tr,25200.0,10.0,3889,0.3268842973050424,1245.942104361895,0.873389654840694,8.786819639492704,0.32722194143384953,0.009268163154959078,0.006450391776351076,0.9375324412244663,0.4616230360595992,0.22262283369435037,0.17446706579522606,0.222192605843304,0.20542379617074125,0.24323392140485928,0.2938088331237543,0.15055458114327447,0.10525813735742856,0.08078985996746378,0.06673567384648504,0.058031581185578246,,,,,,
20140411,Tr,28800.0,10.0,5299,0.3221447202239643,1269.6257164781548,0.851323158318866,2.258485203239503,0.3223985820755426,0.007895541857630145,0.009999999215829874,0.9048374251314243,0.38307560826488457,0.17264353827234585,0.06312397275742981,-0.040607191852034534,0.11006021015020569,0.1656549409370973,0.3856529928410954,0.22375113288774137,0.14248596305371786,0.09077873552867999,0.05783605270718327,0.036847749370800584,,,,,,
20140411,Tr,32400.0,10.0,2856,0.6488138369443378,11.96736054880906,0.9342585179178762,16.958552289104357,0.6479424445515981,0.0162385493501531,0.002981153595694017,0.9706284448728926,0.3414927179601489,0.16011424839591773,0.1438465125691811,0.1320925953626062,0.13274947964479952,0.03865576780377355,0.38403273818353956,0.2767609067787055,0.2361463082537926,0.21265747959929346,0.19795877303047793,0.18782785953144474,,,,,,
20140411,Tr,36000.0,10.0,717,0.4993324016335324,51.0338073295968,0.8056920136876246,21.694833036919462,0.49934218737707414,0.027003441747274325,0.0052968596988378,0.9484097949384792,0.043556734956758235,0.09686777014428423,0.06913507934073412,0.028934936660807865,0.02026658756980476,0.02238914245720926,0.12222700974449242,0.07989662063545726,0.06819759034183648,0.06164472337300018,0.05724898220975607,0.05380814622841871,,,,,,
20140411,Tr,39600.0,10.0,335,0.37288817773286687,328.9560352917084,0.7288461819906416,11.699349181650582,0.37601663466735,0.03396966188451429,0.00770640161121665,0.9258305836349099,0.09688682995021998,-0.012274557412159217,0.011598924425474534,0.015930683064599653,0.0812448541528461,-0.004372895425989175,0.11471071068511243,0.04755221022572872,0.03360847669427077,0.026851975287184915,0.023110408070222663,0.020677457983030126,,,,,,
20140411,Tr,43200.0,10.0,443,0.5178094165318157,59.553175455348196,0.8153197104718007,11.572136544397416,0.5173748151261062,0.03477323092328151,0.006785942076772965,0.934391820429433,0.31187452983259467,0.21745828138310425,0.12388240110824851,0.07219498374553306,0.01294503092978525,0.01040903624035879,0.19489778846537142,0.10587264893988219,0.07330431285227124,0.05636836561486932,0.04692867876532484,0.04113088597998065,,,,,,
20140414,P,0.0,10.0,1265,0.5429063282696057,1892.5698988894026,0.9246941128891161,3.1073052357325897,0.5425371886256367,0.02064439324648835,0.007810566692144782,0.9248666935638001,0.2666451888678096,0.12064528419104702,0.02160575602002328,0.1048738139849714,0.025826545687345177,0.006911942077150466,0.3676047094744493,0.21623918834596034,0.14608292935713668,0.10300298790507335,0.0761112347423577,0.05896608068905556,0.007480825388326202,0.11669740553993825,0.06849129147888687,0.07811392223065064,0.0009934357631916984,0.023466898695581065
20140414,P,3600.0,10.0,956,0.6086586160519915,2070.924079963455,0.9053991715777366,3.8680235791200874,0.607225013556862,0.0250304795018749,0.0076381315248826446,0.9264628647785476,0.20073317120561418,0.12839171077657477,0.1296326220645323,0.05317399033520571,0.12480788013199505,0.12321886021698635,0.2590898669609921,0.1394875473012705,0.09044410792191057,0.06337672844309822,0.04796205515144411,0.03877006305709502,0.05705157902864644,0.05920392247702883,0.0266794069955988,0.04439811597560034,-0.06581924175739325,0.014164929349085042
20140414,P,7200.0,10.0,695,0.639053145781981,1650.3300918545074,0.8583453428332797,0.9958317273104532,0.6363485110595404,0.029900674856550666,0.009999999244210602,0.9048374248746248,0.10628696384929064,0.031186040773190045,0.02632146413805998,-0.059172146767980674,0.032659478424330333,-0.07102133618410535,0.21348251760164558,0.10256920054712011,0.05430565298854367,0.028754494410021283,0.015225856656713463,0.008061825714117296,-0.11043310012914498,0.10363138872629633,-0.08030284025977649,-0.02678689225223221,-0.0936823498806106,0.07355548122752738
20140414,P,10800.0,10.0,693,0.6370109971694061,2023.5547046816382,0.9112975181763242,10.898438552468258,0.6343554113897765,0.029884762743317955,0.004783262787552706,0.9532933284553721,0.09552229999401154,0.2229772191673213,0.1543662088424998,0.05028233860201003,0.053663268505243444,0.1421403133024986,0.20330108679042258,0.133233495137702,0.10683423642009378,0.09268822881037629,0.08420372013750381,0.07838399183618937,-0.18149781513060553,-0.04949428312014379,-0.013431587778529262,0.058266592256679975,-0.05350142721803974,0.018485029917988904
20140414,P,14400.0,10.0,510,0.6065690034457061,1855.2969421916562,0.8646183725333899,3.6501301894960316,0.6039802117712867,0.033960629167073146,0.008613442723585886,0.9174708898544132,0.23786380274469127,0.025393163310321813,0.053434739063561894,-0.009878265431436384,0.012869466204051458,-0.07854025825374683,0.2547346086120727,0.14545408839453644,0.09001413791758396,0.058436875001248646,0.040188579410850515,0.029406576090009573,-0.1077591750493776,-0.07468880621009599,-0.08709177346010746,0.06586284506912868,-0.02508497542602543,0.04498415323136282
20140414,P,18000.0,10.0,652,0.6306467834595726,1683.4507773482899,0.8626920422790607,4.643049394309118,0.628003423342753,0.030641535861007353,0.007890124906910457,0.9241311787534601,0.2007636771363867,0.07519407443480916,0.05249744974663487,0.026156683631462417,-0.06974789231320741,0.04974894069946117,0.1396450488046573,0.0599144582441065,0.03913781313034831,0.02914002561679348,0.02388092013184888,0.020746198944807448,-0.09399760456974385,0.002441496222590769,0.052169707020453315,-0.053989312695780334,0.03858024691358025,-0.09466556108347153
20140414,P,21600.0,10.0,2005,0.572028451353562,1923.7159698075636,0.937345062022884,6.514236380276419,0.571609572642175,0.01686116640173894,0.005283340987255082,0.948538016390028,0.42383445603604125,0.3231768151987135,0.32809977901903736,0.24143038812616294,0.24261627623251855,0.11145189487300054,0.35025796945711485,0.23953976831022408,0.18163225501587926,0.1462130618828536,0.12377467124380931,0.10887323382522489,-0.04801442229373072,-0.09752036828999457,0.02357860964603288,0.08452792745905714,-0.07542058852774976,-0.027438006562704315
20140414,P,25200.0,10.0,1073,0.5811557323318475,2049.2138961307614,0.8837445359490891,10.440996672879143,0.5802615107096278,0.023130754848053374,0.0056179550610531166,0.9453693790016986,0.16976370131765386,0.021467273381208938,0.07960474417391152,-0.02190147950443833,0.05416102851226561,0.04173741803190618,0.13336810246856168,0.07591529904716719,0.06370484797807618,0.05699533693136037,0.05258557366815228,0.049191803514321744,-0.13385128282656494,0.0702417622566157,0.07022270725853695,-0.045392469968693124,-0.06355314297232775,0.07477653684071281
20140414,P,28800.0,10.0,902,0.576055232606493,2007.8336327374848,0.7888519957003172,1.051138330176199,0.5750737489820206,0.025082739471761668,0.009999999504884772,0.9048374225159475,0.11423315199269043,0.05689966585770846,-0.0631772021353783,-0.016775472465948616,-0.01949346536187346,-0.05948028922341284,0.1500261902488751,0.06423211316223894,0.030952485390241893,0.014916512664975467,0.007189184687655364,0.0034643760475954535,-0.06812306285167623,-0.07049377688576036,-0.010035438300512897,-0.028666078452285148,-0.010093774946592061,-0.04209013254215267
20140414,P,32400.0,10.0,679,0.6019667904140822,2151.9183444401137,0.9379092600707495,8.358295699542053,0.6001226336649843,0.02938397119241383,0.004589985332795177,0.9551376112542822,0.29907021745864565,0.15126278410319122,0.12040064916068918,0.10732761444447304,0.1688638412486621,0.18524452731654545,0.37904951581011953,0.2683646973627449,0.21079665839368605,0.175159095046017,0.1522443436855121,0.13675460098020784,-0.12883756365257373,-0.1633453221539103,0.09298231801107291,-0.13879783166661347,-0.0056096802119039325,0.04861200494767063
20140414,P,36000.0,10.0,90,0.7209767496924475,210.06340861439037,0.82835883312468,0.37991488854584654,0.6876048936325634,0.07785305871343487,0.009999999405479998,0.904837423415399,0.18110290093048714,-0.024767378215654078,0.028804050355774494,-0.005199781061850027,-0.015120415982484947,-0.014094143404488233,0.08351643767010197,0.025698527661119283,0.010806078292631431,0.004545019599520552,0.001911911289764172,0.000804058685444166,0.0,0.0,-0.03571428571428571,0.0,-0.03571428571428571,-0.14285714285714285
20140414,P,39600.0,10.0,129,0.4392569418115434,210.42428751208408,0.8179353129196345,10.306330558113169,0.4432239605191506,0.056613388543475876,0.007195416955625839,0.9305735434323482,0.053265320961016195,0.12948702832506026,-0.034820428472050274,0.04281615632823584,-0.009102869450044997,0.06975994246165092,0.2914860439310169,0.17392176646668317,0.1179011749598711,0.08532755402663034,0.06586644282901373,0.053778613065265976,-0.1524570687192046,0.11203679407562901,-0.1146789993877372,0.05535146797282718,-0.09579360914312364,-0.0013338581299746184
20140414,P,43200.0,10.0,99,0.32302811582687885,868.9210441559976,0.8724885909856146,30.48457132343853,0.3355875223274996,0.05643536805949986,0.0032925682080364176,0.9676104677139461,0.1568366581201926,0.09161090613470076,0.09029610405853289,0.05008442248764929,0.05739947470452129,0.08972859733600147,0.3159355804408655,0.24055346602378763,0.20229767309267313,0.18025553788578869,0.16654155881794486,0.1571422010441146,-0.13337541308114292,-0.08004020725047432,-0.09344821413138762,0.039889954771987444,-0.026779284006403517,-0.06678086842722568
20140414,Tr,0.0,10.0,1980,0.33961182494442466,103.17352493883399,0.9033426608408442,21.403071648497058,0.34040739906397843,0.014879369585747981,0.003386229765087999,0.9667046129687423,0.441935861423221,0.2735486891385768,0.18837780898876405,0.1580992509363296,0.16642088014981274,0.17715355805243446,0.3298803530847778,0.23147626207646604,0.19451334139000592,0.1735981633914138,0.16068362170005518,0.15180796076400552,,,,,,
20140414,Tr,3600.0,10.0,2923,0.6821569988875553,8.276406933969916,0.8618111627524941,2.906292978834595,0.6810055119281753,0.01645052287091351,0.009267685811182765,0.9114879926631638,0.40971562740468476,0.27601302297787494,0.1627613948827432,0.10734856546642085,0.01653221002088236,0.0010651225379398296,0.37106811762022746,0.19147278563145442,0.11812217081910811,0.07464098185673894,0.048516789121079165,0.03268594611098703,,,,,,
20140414,Tr,7200.0,10.0,3634,0.6938682106185515,7.638718954325164,0.8989440842439381,5.77212879582193,0.6927954897965349,0.015209308067494567,0.007153307609717378,0.9309654843807781,0.49115356010911393,0.2305309180703469,0.08704123895927249,-0.0006390653058041958,0.022846319197171335,-0.01926368371691305,0.4311746037937981,0.26052346040261415,0.18403759654052823,0.13578018228978916,0.10464409537669522,0.08409696519223228,,,,,,
20140414,Tr,10800.0,10.0,3434,0.7249370175013402,6.872115626489906,0.8859743783396462,5.204775212647009,0.7235411850419843,0.01562561408849584,0.007577738067758372,0.9270225567232055,0.49007471678473924,0.24958586733419752,0.2155041461825251,0.18686285000313488,0.1342734978825342,0.20873285824489987,0.3713964622779819,0.1894953787123984,0.12460190688092346,0.08768843163802856,0.06583560694368998,0.05244199081273221,,,,,,
20140414,Tr,14400.0,10.0,1741,0.4953678119675969,126.21545404613796,0.9160455366739062,15.352619611917044,0.495395602195688,0.017287343396413468,0.003805036447040236,0.9626644555847607,0.3933484436798312,0.18468639847235335,0.11213222233279513,0.07180489413913788,0.0349990905676851,0.012761240292059606,0.3127924477614406,0.21149039540000245,0.17391744264190648,0.152797431953337,0.13987466095065337,0.131090030056205,,,,,,
20140414,Tr,18000.0,10.0,1770,0.36525415486604323,971.2879441540873,0.8281409086126347,7.351551272453322,0.3658772999870312,0.01463919617048584,0.007729988457313553,0.9256122351518025,0.1937482861462375,0.08306154342693099,0.12370960461848704,0.00704955069731097,-0.02135401120648025,0.09676509343991378,0.24938395533972443,0.13755798980076905,0.08872200812152664,0.061714015344613994,0.04633171999212449,0.03717833598942221,,,,,,
20140414,Tr,21600.0,10.0,3871,0.27477363484072787,946.5374015830224,0.8901248570107314,9.28466554893934,0.27519162836630323,0.00860167550936458,0.006015999758220858,0.9416138655894443,0.39953317894866985,0.2558897772759167,0.2317542011146683,0.23574660690069468,0.11725360199967585,0.07213026404428076,0.383602545607124,0.23732232154432462,0.17343709812773644,0.13455438540761738,0.11012059090961293,0.09413380732623922,,,,,,
20140414,Tr,25200.0,10.0,3118,0.6356626930365034,11.116880995689762,0.8395183182504306,1.8671302531582883,0.6349176787395381,0.01582942271343992,0.009999999302924235,0.9048374243433619,0.433232637421958,0.2256684409823497,0.10487408291315971,-0.014346439486247435,-0.09216512995935483,-0.02286507678052583,0.34779030582373416,0.1704686516897882,0.0993734309520928,0.05809788998462506,0.0339681370091218,0.01986006049393058,,,,,,
20140414,Tr,28800.0,10.0,3081,0.33778952654157024,1186.5127276918377,0.8322934195824827,8.361325225807839,0.33819415467822067,0.01056675140075085,0.007238090188333679,0.9301765223355348,0.21004187346699174,0.05103747321821093,0.05743425204055,0.015025671213654803,0.11866672959741632,0.030544345783591487,0.20430676431627245,0.08430671297906972,0.057302022722390954,0.04401082639052333,0.036790646400703994,0.03236978131152009,,,,,,
20140414,Tr,32400.0,10.0,1528,0.38163034708646265,645.4240635853054,0.8585694927957086,23.05819124712097,0.3822767659312211,0.016049841505419177,0.004223907603891109,0.958640565184559,0.2514381128029373,0.1466873546275925,0.2334664829619303,0.18614977623843373,0.1817513608430571,0.1389941439577116,0.23062994218694116,0.1587515496737101,0.13006388329581312,0.1144340234445198,0.10495104665940241,0.09840838973399724,,,,,,
20140414,Tr,36000.0,10.0,382,0.3667593951432017,119.74219782635006,0.6927926032965206,3.9016585056603477,0.3695400826750825,0.031176986230879517,0.00977755440532574,0.9068524293323849,0.20450962689390662,0.05427355271243265,0.07615739975472947,0.012310701172460217,0.02033314337200253,0.005827850954870544,0.22205232263435365,0.11501012466053981,0.06365821950819926,0.03570145440269604,0.020436436309426848,0.012060495973110475,,,,,,
20140414,Tr,39600.0,10.0,160,0.3824197467489346,28.25094866697413,0.7263945692210382,35.51203810215038,0.3883514433174884,0.048911364999381646,0.005190152453053094,0.949422357051903,0.1796029176070389,0.029503156379812264,0.03380433716023944,0.11096392241520298,0.07081411703136753,0.0038759689922480663,0.1341084193443188,0.09375489604618296,0.07708488015724571,0.06817212034897094,0.06261687508419862,0.058563507927340636,,,,,,
20140414,Tr,43200.0,10.0,101,0.4179235354050382,20.652751600805818,0.6413541047715201,22.754137252223256,0.42459597261848253,0.06283875525322069,0.007154101257674047,0.9309580958215536,0.0504825482548255,0.07204085577097037,0.02282579381533658,-0.03571379609871098,-0.06206252647736685,0.003185543273428467,0.07613004977940797,0.043740800644933554,0.03451245859590138,0.029677695399141123,0.026660536316038787,0.02443689056531504,,,,,,
20140415,P,0.0,10.0,719,0.5708451019780465,1343.6476513296136,0.9116538272587715,0.584373354008671,0.5697077074008714,0.02798890373727481,0.009765342838179147,0.9069631769875878,0.15201412473131354,-0.03706358106956762,-0.058031648957595515,0.006853347107747932,0.13745612111432257,0.044105530878243,0.2231293549780199,0.044565157606805184,0.01893386921927814,0.00937836592096925,0.005221882544582152,0.00333610453862455,0.03953290576158168,0.011283831266097125,0.016933593852173853,-0.039564511544611713,0.022583312844067078,0.011283656889363189
20140415,P,3600.0,10.0,1229,0.6569658328680699,1710.7404396389204,0.8819077421927038,1.12037282421425,0.6551247514327181,0.022969213786142317,0.009688461164308949,0.907660733571672,0.10247796340184745,0.14761341318741697,0.08495950588636395,0.07408016797541178,-0.016519941274983532,-0.06607463360414205,0.19327737804214976,0.09002575979151985,0.04768369150899878,0.02594198045285212,0.014710893054846704,0.008849254511477335,0.012305272662245926,-0.004095063878188787,-0.012545072379645755,0.10142589954209391,-0.10356606804683424,0.08427963344062757
20140415,P,7200.0,10.0,741,0.6239198163224431,2087.4686209384267,0.8568577917553626,4.840435695606412,0.6217454370756967,0.02865004587410088,0.008065033343336678,0.9225162081298313,0.0017391824864274868,0.08907094507215493,0.02974053857655141,0.0812384404777724,0.015440431929262775,0.02914281970722948,0.19827004441462653,0.11133381459239729,0.06937379118101472,0.046975118917293966,0.03464199476929189,0.027517180802120792,-0.10212392602300858,0.07522790155817681,-0.022859327217125358,-0.00026503567787969086,-0.00786733653706128,0.04120139799038888
20140415,P,10800.0,10.0,942,0.5652632831464579,1575.5080586556007,0.9222392556659303,10.363615902671162,0.5644653261237145,0.02447956601214715,0.0045251634998016,0.9557569496730796,0.3853863757689068,0.13450080982824186,0.11105558924861611,0.12547850119885165,0.17359375679536457,0.07414272667185683,0.1819698360235184,0.11479335698177805,0.09768523403755446,0.08834194310718563,0.08233393661403013,0.07781293851922276,-0.0280914686121139,-0.07364119534697154,-0.02778185168471719,-0.1395262986361813,-0.01009858854793417,-0.027923811672683475
20140415,P,14400.0,10.0,365,0.5560007443583129,2040.3778312423137,0.8265418514924783,7.318279226934352,0.554331521183794,0.038244113186530884,0.007636328077352414,0.9264795732008643,0.17686939647490177,0.03664625688546974,-0.03482262445704558,0.07370559725135561,0.07601235256704855,0.07407561394755807,0.17022347083933012,0.0971166395235564,0.062499966501468086,0.04455325712557218,0.03479025901233473,0.02907916430943114,-0.0686154558485875,-0.004681533914323075,0.050118925295886116,-0.004682168182567801,-0.018382679402773043,0.0866137686950565
20140415,P,18000.0,10.0,526,0.6213969816035225,1919.4123573559814,0.8298054619429469,2.012486092366804,0.6184349222967007,0.033798882675203396,0.009518088090908056,0.9092084611406425,0.18094477241163756,0.11518905494730565,0.07981088923881764,0.09067063770266202,0.010718782024728465,0.001513927139594616,0.17939156705609394,0.08551163064659172,0.045744497615241,0.025511738562910485,0.01511644065390613,0.009683491217632019,-0.14384424399799553,-0.09484989294337388,0.02411849118491189,-0.020914764703202568,0.08165345542344317,0.08172065053983876
20140415,P,21600.0,10.0,1293,0.5678183477882255,1588.3440481535238,0.9162201646639779,6.4189192429117785,0.5672127154776616,0.020909887333058638,0.006062851955594684,0.9411728021346675,0.2466179754480324,0.20427692729652772,0.141802016819681,0.13479416526593008,0.1489062383449734,0.1458016755830914,0.2670887142496646,0.1537778606845115,0.11060225496743259,0.08681934914667869,0.07295734380646877,0.06422863219274287,-0.08926787874058757,-0.012798954391166947,-0.028406031758417532,-0.004997854160976946,-0.09707483125902226,0.10112168858023485
20140415,P,25200.0,10.0,1045,0.566238548385313,1934.4013674401824,0.9089657573867679,9.253795492228463,0.5655116069653954,0.023177026001604414,0.005346905209281948,0.9479352771628252,0.11325674340687827,0.29432027523758464,0.1343092295909338,0.05032363688563774,0.057184481318558224,0.04811647186343982,0.27619302884044494,0.17553286704319962,0.1317778592889309,0.10711842567762461,0.09238802394142212,0.08286971040210131,-0.17265928897027122,0.006707779971502331,0.03348919504149046,0.01578229117576024,0.004446876918211434,0.029341135242081307
20140415,P,28800.0,10.0,2948,0.6110546459635372,1940.4745101965746,0.8748666640523632,6.897823041284436,0.6105706978478169,0.014390417465075855,0.00679499000415249,0.9343072811606639,0.09496179120980926,0.033015628592745976,-0.06330157208900832,-0.05354300057951192,0.0826081214272999,-0.0852004334744444,0.10398657525123947,0.04751183366461052,0.039457052547925565,0.03496403354603627,0.031929765509522895,0.029545490449159762,0.010337552742616045,0.06339662447257385,-0.04599156118143461,-0.005590717299578065,-0.00703234880450071,-0.030625879043600573
20140415,P,32400.0,10.0,2393,0.6480254344354469,2070.8826766790658,0.9364270138485128,12.0783004827692,0.6471521301798326,0.01639479431773498,0.003604470694677316,0.9645971683248713,0.07072581046822571,-0.006117616900397955,-0.01556913032314549,-0.004201138783033448,0.03163918153993459,0.1501847188531423,0.14931741622429437,0.10791785493871064,0.1040636426803113,0.10037935399510446,0.09682611682861982,0.09339789588303091,-0.1243107045017137,0.007455364180338115,0.0124989687583153,0.09778421504981527,-0.10681693358881016,-0.03779683783535689
20140415,P,36000.0,10.0,572,0.5607705946945577,2052.9855771872776,0.8430442422624307,4.533874003763928,0.5595876847089576,0.03090168955522029,0.008316346206927117,0.9202007170122954,0.18376720727649556,0.022092378567418712,0.0421175866917783,-0.013787944423981426,0.023906888624800095,-0.013675745297945425,0.17543779195032239,0.08955691612284122,0.05407881677485607,0.035972464817041076,0.02638879657669583,0.021014358893731832,-0.0391555883801083,0.025086164451009366,-0.0096381093057607,-0.0539635647464303,0.054591334318069944,0.08855243722304286
20140415,P,39600.0,10.0,243,0.4899129824729668,1060.1710627224256,0.8090670133500707,2.5327511417915427,0.49030447848390524,0.04391663855507868,0.009999999405308256,0.9048374234169531,0.1524078760082239,0.05553048090609373,0.04022342120950375,0.031242472536162223,-0.02640086862370588,0.024472925461380295,0.30756934399238123,0.18465524856500257,0.11363966130905198,0.06993614743442049,0.043040723637946754,0.0264879413204993,-0.09319326040977324,0.00782111669067178,0.049860835377009645,-0.08467307667354372,-0.06785816237819034,0.07508077387208534
20140415,P,43200.0,10.0,267,0.43857664170518684,695.7370588685571,0.8110771204991459,11.161068560548994,0.44058703494336504,0.04010693718242778,0.007088718086926168,0.931566984776697,0.1733851524037823,0.07234832487692106,0.07552463462945451,0.07441821271297173,0.08116346552301874,0.058274594478845115,0.273443132946387,0.16638484133382203,0.113131300333629,0.08243867197434629,0.06421569157176327,0.05292302004013243,-0.1291608709360337,-0.12250690851091453,0.0310340510766149,0.11780819377213975,0.010958567480850893,0.004259166527569131
20140415,Tr,0.0,10.0,1397,0.4646641639764872,41.13330558479913,0.8143015208604297,8.92462590924311,0.46502867292525607,0.022448728884706382,0.007390125629023522,0.9287633988570628,0.23482257211238425,0.01244286339240862,0.04086541532822146,0.0074414971889249365,0.07708012158209021,0.009965141649257783,0.21648322144551868,0.09280972927866951,0.0613624134850816,0.04565558588458114,0.037175009175980184,0.03211482005855859,,,,,,
20140415,Tr,3600.0,10.0,3078,0.36749900404633873,742.4377700892362,0.8117879419338675,3.3107142635695035,0.367870464698106,0.01140288882520222,0.009356133723844121,0.910682156984447,0.251096804261585,0.10336497401051588,0.07883215431284346,0.0694224675825652,-0.008674356191771324,-0.04066930238911128,0.26537468155328714,0.1365771192662673,0.07977398857992181,0.04795034623702185,0.029985081912961776,0.019726624619804976,,,,,,
20140415,Tr,7200.0,10.0,3677,0.6417160947348806,7.285609264678273,0.8165973020581545,2.1029505663649966,0.6410163096510983,0.014937870104366166,0.00999999939253264,0.9048374235325516,0.31619197172701113,0.21995206209813303,0.08507237005163244,0.056685609313671385,0.10432894188251646,0.08039211696423681,0.3318227685351691,0.1628470700822346,0.09427806584944184,0.054690274186066576,0.03172642125508629,0.018404724448662042,,,,,,
20140415,Tr,10800.0,10.0,3107,0.6574451176151666,7.309609951996031,0.8412226611983694,4.930756029107652,0.6564990332935832,0.01630991679468305,0.008344243817014596,0.9199440388094481,0.40084642500864115,0.18265977325197283,0.100136216315213,0.09933788337992801,0.07820376733455471,0.07484344747369637,0.3000530054428907,0.12764564385077581,0.07682892724633084,0.05042681004526387,0.036042439161136565,0.027866252952315422,,,,,,
20140415,Tr,14400.0,10.0,1215,0.35744324258986254,610.3375859728862,0.7702409307053057,14.609594350414351,0.3584129000641003,0.017672219545462546,0.006874995022370614,0.933560087386271,0.09280786026200874,-0.009761280931586609,-0.02972197962154294,0.08396506550218341,-0.0025807860262008733,0.01688791848617176,0.17638806266727683,0.10117226820293611,0.069629758882257,0.05326510662370665,0.04417476040183577,0.03861365679801228,,,,,,
20140415,Tr,18000.0,10.0,1801,0.606573342192558,8.7014482984275,0.8548405363138658,9.341320208580765,0.605697384288448,0.019694160528840564,0.006783473758835006,0.9344148844749933,0.3863468495549783,0.1426429235111599,0.13530711257686864,0.0657368975566492,0.031582542646364974,0.04826387676665397,0.33203392614639693,0.18817459022854538,0.13029301744138747,0.09673068007429823,0.07659954295892327,0.06397718017796095,,,,,,
20140415,Tr,21600.0,10.0,2654,0.2987758085166756,1031.9092869316023,0.8822927165499125,12.152755077921547,0.29932898886935483,0.01073895584069104,0.0054222118632621,0.9472216875476511,0.310838936074438,0.08439046143514459,0.0752180726922776,0.04531171671471126,0.016696321378479085,0.06858360829781301,0.3324091074712673,0.20261792530802442,0.15117736420214092,0.12148456976260505,0.10347392521329313,0.09181656224842363,,,,,,
20140415,Tr,25200.0,10.0,3408,0.6275042369643496,8.881735420448212,0.92887933702098,9.99983192987982,0.6267919867128384,0.01598987997923176,0.004578277979174236,0.9552494391379135,0.3617751854119441,0.2492516591799668,0.17376919312613426,0.10608796342013808,0.06584163014751761,0.11019317660638538,0.4975422655031991,0.3530833142051896,0.28211434777929784,0.2351699829744582,0.20322192003141157,0.18075297660697126,,,,,,
20140415,Tr,28800.0,10.0,7448,0.33279643909436446,978.0463334427759,0.9172020383565412,16.663447524594368,0.3329737680961191,0.006859670429211741,0.003595962974669704,0.9646792370421926,0.4658669486404798,0.45642412307027713,0.3416403332150233,0.26715219656005623,0.2508537610572405,0.2156523173483625,0.36557999776732486,0.26678508299036596,0.21966149329868873,0.19159044313865295,0.17387774921220625,0.1618377305199818,,,,,,
20140415,Tr,32400.0,10.0,4021,0.2974321598093265,940.5107570516639,0.954834495557376,24.31755130238842,0.29780621174606314,0.008785327823043055,0.0016419500137728063,0.9837145650904153,0.1070871240810803,0.09018219958818721,0.0813274656910967,0.15769574628951938,0.06155128285827835,0.08401333917664096,0.4618214086638432,0.3839360866837607,0.3515671035831748,0.33266344896690747,0.3205927196534082,0.3120124743388459,,,,,,
20140415,Tr,36000.0,10.0,1471,0.3135795984969375,334.33675032363635,0.7838465223513291,17.035707242955567,0.27089758118401264,0.013749650760828017,0.006295111757372157,0.9389893726460825,0.19145273342091132,0.12638253994751167,0.08587249537463724,0.09841047653382363,0.1526523759675182,0.05884351651011226,0.17333242700865267,0.0981108914352719,0.07170682834031765,0.05808467634318285,0.05035183632851481,0.04538170933680185,,,,,,
20140415,Tr,39600.0,10.0,431,0.30442236615066126,384.74571854367355,0.6956668930119956,24.503777749149176,0.30771445606781794,0.02680469581406121,0.0065177339294809015,0.9369012992284116,0.07331279622901102,0.12940244696776673,0.0619623251794888,0.18687425322075937,0.04986094054336692,0.05834984994193635,0.14414597287460612,0.08852741000301853,0.06392966038987612,0.051338977903123646,0.04424877040001117,0.0397228781284578,,,,,,
20140415,Tr,43200.0,10.0,443,0.3394542015592051,421.8954703759212,0.7895821482514739,28.776434474486088,0.3421877168037589,0.027700185109190183,0.004856687632180119,0.9525936312173503,0.103794598979362,0.20690353270728853,0.10847983487913504,0.11762818960688373,0.0735729940821582,0.03271394905620327,0.16701663186313184,0.11206040371274992,0.09197328375239379,0.08123663760246892,0.074633595959601,0.06990696375574752,,,,,,
20140416,P,0.0,10.0,1092,0.5818022978165687,1629.9656650012296,0.886564400195374,4.799219768331167,0.5809155353285698,0.022937880767230506,0.007498229039898491,0.9277599164410251,0.07097031742637905,0.08548146790609908,0.00255276581447205,0.05347054651095704,0.11861702488706982,0.032389504871865385,0.2154425413917984,0.09966802976561706,0.06491722846576953,0.0471826888534582,0.03757421336530972,0.03191244111712291,-0.1091739895706085,0.002452351867176282,-0.06404519840800725,-0.09064441554688629,0.010490141992092555,-0.05866729715884461
20140416,P,3600.0,10.0,1491,0.6301209394815077,1805.1104010926856,0.9209155517036652,10.102952465169155,0.6289512243108496,0.02045001809600524,0.004698723734454658,0.9540995743568028,0.20354087826985923,0.2977004487794636,0.1551234628898334,0.12507862712072967,0.14266517653728422,0.11114694839471331,0.2696996143547473,0.1820466509768191,0.14216535466001154,0.1197452673587153,0.1062348639490971,0.0973169686640558,-0.05058135962891288,-0.07269924650350419,-0.026883960661953477,0.11372179873700468,0.09476359431432695,-0.05529510117566519
20140416,P,7200.0,10.0,1165,0.5950410400781483,1660.118450420443,0.9216414325792057,9.943460893428046,0.5940421836948391,0.022476426163571796,0.00474851388337516,0.9536246450017087,0.2376976366528952,0.21492284313201881,0.19867928688574255,0.27098393152520156,0.07224507912502799,0.05708510156360003,0.3096132776640261,0.21631149600640764,0.1677216288524065,0.13912891258780136,0.12144083101522249,0.10974279108134402,-0.18130458862196075,0.056380853806903844,-0.06367189627934845,-0.06834631657315102,0.014019629205934163,0.004605872419240616
20140416,P,10800.0,10.0,1250,0.6334444860951138,1858.2817935240957,0.9227276168562987,6.45964321840874,0.6320044628416641,0.022361411217743453,0.005789708249553907,0.943747070532221,0.10467776820021434,0.0846374965643702,0.07588884191846298,0.050125150498014914,0.19914868855268328,-0.021402826812333707,0.2411112001833001,0.14161715128483232,0.10419408796609164,0.08393711372022566,0.07217591123345747,0.06467283607015246,-0.06917916601814762,0.06292696446661698,-0.06261601664577753,0.020314620486648727,0.04404297701648469,-0.0356176222424287
20140416,P,14400.0,10.0,700,0.6187837008121545,1877.2280133696192,0.8843485940912121,3.536863332934898,0.6166079192732035,0.02934235818633932,0.00851126493102907,0.9184088204538066,0.163263372154564,0.05968799974824844,0.050328492837954986,-0.021596991569184487,-0.023657134438179277,-0.016795832367809006,0.3084542353131171,0.19014429170997033,0.12389566131112247,0.08349286505665705,0.05859181389352291,0.043009221121369,-0.08353450227408367,-0.03357206066967136,0.08728313885287395,-0.05024284332489557,-0.04190848099442285,-0.0210718034203865
20140416,P,18000.0,10.0,830,0.6645213215074891,1665.3462149903023,0.8155649846492824,1.8076237170597815,0.6616309720404614,0.027949364926245956,0.009283066884143825,0.9113478068113015,-0.013840478293908144,-0.010416450238756356,0.011380333580165027,0.02467762976186421,0.07676739533269232,-0.03415897291416824,0.0313792992488595,0.006451183344345667,0.005872239982585815,0.005351475432332841,0.0048777594443598265,0.00444489853436594,-0.04924956586454974,-0.14129248325477547,0.029874720912924837,-0.05174894567104937,-0.03190895559414537,-0.029186306127511774
20140416,P,21600.0,10.0,1363,0.5737319840556201,1779.1288086698164,0.9454750884481887,9.969306563783274,0.573100092563367,0.020450002270452315,0.0037626110205924925,0.9630729567333532,0.21036405762277993,0.2632970102694471,0.1438662370789122,0.08005599615126711,0.13407847930259417,0.022184987349088046,0.3738470799812257,0.27324889330115015,0.2230286301323378,0.19266281563939208,0.1733435123363952,0.16021076322222816,-0.1918917731880359,-0.07299756109755655,0.14695720889013658,-0.15473884203278873,0.029547495755887727,0.04889623265945869
20140416,P,25200.0,10.0,1791,0.5906958364155454,2116.4506694032957,0.9085920699875879,5.6146608194528245,0.5900799219372689,0.018104778094225303,0.006655352307903853,0.9356128376363142,0.2511634700949226,0.12303952566032647,0.11852752649992815,0.12826582565388833,0.13006935974198125,0.13865056077807794,0.25485152072177314,0.14775739171307178,0.10229672016471632,0.07711706528756497,0.0625321632504323,0.05352836714496913,0.004089190418072615,-0.07000382894201544,-0.006111350419987068,-0.04560030631536122,0.03875308110177807,-0.012940627467872792
20140416,P,28800.0,10.0,1718,0.6135391673541688,2156.6236893505857,0.8319810191796407,0.7636391149405997,0.6126898154483351,0.018818294597452285,0.009796484022887797,0.9066807818822755,0.05039469677554092,0.0748667260592894,-0.08352049939504583,0.0054412000070982935,0.07921439282121727,-0.001323156041404583,0.09156561887917204,0.022843265419408947,0.01040355018222772,0.005218510144977219,0.003003625299399954,0.002014163679833401,-0.13376761161093192,0.019003564759803093,0.07849685961636395,-0.004939738584281114,-0.022088779494143635,0.1238923782040401
20140416,P,32400.0,10.0,566,0.611200443891124,2038.6009200809885,0.8527495126852919,4.046092359247163,0.6087445248209402,0.03232634874195304,0.008384014059864203,0.9195782475739858,0.0535478634607728,0.04380115459215617,0.014155590865786884,0.035981731704804495,0.04414399220816528,-0.0007573602424810542,0.17757524142373235,0.08954076454356741,0.053707310469591193,0.03542737018783925,0.025770963522803208,0.02037802179275306,-0.12163803629320868,0.12466632983874365,0.06782556523935834,0.003406172371689619,-0.019330765020420186,0.003404067197170619
20140416,P,36000.0,10.0,503,0.5839385820727638,1396.1620382814742,0.9517274526655567,20.21840993880882,0.5819727718389087,0.033643038104269135,0.0020147881126121557,0.9800537311404933,0.2937678552874864,0.05501676568625277,0.09676243028137752,0.04380866200205199,0.08788473769699541,0.0942505246857819,0.30207286064625055,0.25611051793428297,0.23637829594926485,0.22522936945669317,0.2179065538484972,0.21231401723459775,-0.11988191873675191,0.09726351879667627,-0.009182722065183542,-0.1113711776850001,0.050423051701865694,-0.02621869246569132
20140416,P,39600.0,10.0,300,0.4004471799367188,1717.030111956116,0.8748365815640158,16.765673521140098,0.4031559799753685,0.036172350388754146,0.004721077047807627,0.9538863253242477,0.22253267973856208,0.04741830065359479,0.07387254901960785,0.19630718954248363,0.02678104575163398,-0.013627450980392163,0.2922945718171751,0.1944064999538637,0.15121086766725933,0.12662626105274283,0.11172407880557829,0.10190738644254554,-0.07082824869363873,0.011539785349979627,0.036881629587909484,-0.05168810037861017,-0.026205450733752633,0.011808880127663544
20140416,P,43200.0,10.0,176,0.5767275457898118,1780.0835593761988,0.8876479869701601,24.684244573489572,0.5719368883932079,0.05484987464970713,0.00339122855021488,0.9666562906901018,0.027228512000398577,-0.010754275180908962,0.05687049284459892,-0.030924535116890226,-0.004592783569355698,0.029305384299219084,0.12667755650954518,0.11064882089725266,0.10695588814163524,0.10338933235021032,0.09994304099255584,0.09660987735577707,-0.06551009013320575,-0.033209699290101355,-0.024958123953098845,-0.016886017388529965,0.08002313153066924,-0.0007418042593921956
20140416,Tr,0.0,10.0,2233,0.26557981379407286,496.3131202732094,0.9180458401206748,28.82935635830082,0.26635370142069764,0.011354503281216384,0.0023879350212160093,0.9764035055275372,0.5259219219870017,0.4704205029971875,0.41965071676351184,0.36276717073335485,0.34524221164853375,0.30776576142141693,0.35857227759893356,0.28011210826904287,0.2485069022717277,0.23052219161167878,0.21920300346092825,0.21117799176493704,,,,,,
20140416,Tr,3600.0,10.0,3376,0.3229845830827659,1081.75364034601,0.9137770746066726,12.03665575115854,0.3233811175513026,0.009899006657247673,0.004579866147748406,0.9552342682869859,0.46000141884493106,0.40237596368109113,0.24026787557536944,0.19585143387705758,0.15157959111148675,0.09156066046277818,0.41349212663652835,0.28816175930954746,0.22698305805523875,0.18859916001490143,0.16364611906458798,0.1466615815285057,,,,,,
20140416,Tr,7200.0,10.0,3457,0.29087232138417696,1076.2089111321413,0.884540661815406,7.0209953816845205,0.29130712803325187,0.009265655322222694,0.007129902520801797,0.9311834031812205,0.34270744951900445,0.15557512853641453,0.1113053587741208,0.049681745237106556,0.04873288247073906,0.07083116168815377,0.44103083260609244,0.2936671202111151,0.2143175267727634,0.1614068031343654,0.12565082921665635,0.10108337478181967,,,,,,
20140416,Tr,10800.0,10.0,3282,0.2647725867179105,1153.5870471348678,0.8464801895256211,14.857880695221791,0.26527143849253404,0.009092054836927736,0.005661296555049921,0.944959730569339,0.35599231480888266,0.17727155282306659,0.15477644422614062,0.15313053751516986,0.26555391695859537,0.2304466211550645,0.2738637116828033,0.16469385177109142,0.1214149469734425,0.09733283925143842,0.08312058762918532,0.07403866400203499,,,,,,
20140416,Tr,14400.0,10.0,1989,0.4357771911736469,85.10496985143081,0.7514410952346259,2.2481564852019007,0.43611207328155777,0.015962844296519445,0.009999999565459673,0.904837421967843,0.2949875820648647,0.14864399137594958,0.18224960796939982,0.05902056494754452,-0.05245067389406268,0.030475443751237754,0.23116835903763755,0.11651116095622469,0.06357508725166414,0.03469176333024891,0.01893091326249189,0.01033017382764619,,,,,,
20140416,Tr,18000.0,10.0,1877,0.5383854649922374,13.260823448531884,0.7993656284786982,1.9127209364717361,0.28781500191137704,0.012466184094778718,0.00999999945653655,0.9048374229534202,0.26211608105303236,0.04259010101035635,0.029073976491437826,-0.006941291669625756,0.0032949100922953275,-0.02564197579932937,0.2909951021603918,0.1300946253776635,0.07118818463597633,0.03905043925696704,0.021421974796134342,0.011751334978061348,,,,,,
20140416,Tr,21600.0,10.0,2196,0.32077452879987245,919.4121914760876,0.8584432869209145,11.64629763119932,0.32139378515315253,0.01227384421973413,0.006081727209438099,0.9409951701439313,0.32964659795192197,0.2532734167488014,0.09680635138069862,0.05763184711247724,0.06461427306593609,0.04436695010106748,0.2969225923637861,0.1746163175979178,0.12537590940463106,0.09747902637048252,0.08092163436853447,0.07045045378681908,,,,,,
20140416,Tr,25200.0,10.0,2884,0.3321262938702242,1015.7104641899452,0.8966864926606443,9.737456427547365,0.33257121733873685,0.01084540871452381,0.005677955286331565,0.9448023253783215,0.4180585816992699,0.23903443637761768,0.1723669705055833,0.1788154172621424,0.1054981021717146,0.07295107042586864,0.36082554846931175,0.23323456823616048,0.17320630356995112,0.13673079411385602,0.11381117894791572,0.09874883269123065,,,,,,
20140416,Tr,28800.0,10.0,2284,0.4885740555435066,123.34292782157672,0.7502952918407063,1.6758454734581325,0.4886281702177596,0.01531893142632403,0.009999999576330637,0.9048374218694785,0.0705486392164179,0.15332042875631974,0.0054502179525783775,-0.013427479849711868,0.03380998705005754,0.058312139167555545,0.18279515649652744,0.0843347843053504,0.04287258116567031,0.021795777043868494,0.011080956346605575,0.005633294070975574,,,,,,
20140416,Tr,32400.0,10.0,1730,0.4385649818836135,76.64708418053581,0.9497319448486223,25.06422841434516,0.43890763826562884,0.016543998269865183,0.0017571576473065424,0.9825819034008921,0.33524906599789644,0.25330825076079627,0.19241776040923075,0.10551650583790514,0.12127708809003904,0.15471961122197025,0.4219918595623182,0.35031290603628085,0.31989277944269984,0.30234265434490215,0.2911752825367089,0.28319601175456555,,,,,,
20140416,Tr,36000.0,10.0,1165,0.5745961975672378,75.42651534486785,0.8775893924776722,17.59923011775814,0.5738268200682458,0.02240852489507178,0.004456437898588653,0.9564140251465492,0.07186998691430184,0.00757757999112224,0.05666487217540838,0.0346778391646216,0.08056414694227464,0.08063813217709896,0.170810642261535,0.11440934113343507,0.09771182875886118,0.08855940574635197,0.08265385019403655,0.07819580906003604,,,,,,
20140416,Tr,39600.0,10.0,348,0.3998708936162767,79.84752147628615,0.7166023145591043,21.282179819350535,0.4024029228938607,0.034819317259386105,0.006588465733158483,0.9362388463508418,0.06943283351026183,0.017713862349610764,0.012753781847133747,0.03217666312809626,0.10920636500353854,0.007195461783439503,0.12824093187555397,0.0749447817664342,0.05542546072029159,0.0455378524588344,0.03989588464595232,0.03617118798800452,,,,,,
20140416,Tr,43200.0,10.0,207,0.3190100959376958,626.4674628554297,0.6846435710183462,33.17184418023498,0.32549151813504507,0.039733156246260046,0.005819945604591058,0.9434617495187892,0.002884936384880749,0.04204718275900439,0.10238973997551838,0.024744983122519378,-0.0024527986943135983,0.05788975852220039,0.06332218835086827,0.05100398419377448,0.04712205742132555,0.04408652344015653,0.04145643736168194,0.03906064177552675,,,,,,
20140417,P,0.0,10.0,953,0.6084687051944011,1374.1634149178806,0.9160653898006631,3.5896237083206253,0.607032182983842,0.02508453552583368,0.007583191887079592,0.9269719999665444,0.3814273648035238,0.10920960797978897,0.08757854352205262,0.20012246187184932,0.20746323053620852,0.09454430873962388,0.30184871653119993,0.16519719978465072,0.10877086319608872,0.07654289411563497,0.05763798509136041,0.046127607059205954,-0.0363546152947907,0.03994543111966785,0.011327213101241433,-0.058622442421048804,0.07808508957597987,-0.052501670626124174
20140417,P,3600.0,10.0,885,0.6300027281420871,1850.9820864375058,0.8606540443287082,0.8065156372327336,0.6280494955338921,0.026425164949821504,0.009999999241157754,0.9048374249022482,0.04940158366931821,0.07117322291235333,0.005800915331807774,0.11717046238785367,0.02721495768406521,-0.015888634630053404,0.1835315482262194,0.08322291660032967,0.04214360827423052,0.02134290508715321,0.01080929746762439,0.005474010753764114,-0.10782337666400742,0.08797143616938073,0.016864939696841726,-0.09059239444991944,-0.009932031848827577,-0.08292505514102023
20140417,P,7200.0,10.0,751,0.6161821678997178,1666.8663351040104,0.8575233241952316,6.471218020871444,0.6142053321911439,0.028309494147423463,0.00727806379468472,0.9298047715401766,0.02137368650201655,-0.043699958108458926,-0.015789349046900283,-0.00518378077595191,0.1285236762567837,0.056254329975904425,0.11115544827469927,0.051820448338692225,0.038367609811918064,0.031668952539111186,0.02780941996415438,0.025187765515233343,-0.09881718573501266,-0.04964771406272334,0.028426913633655487,0.012454477952719045,-0.024875213616831808,0.11402660928896428
20140417,P,10800.0,10.0,769,0.6237257546543812,2105.9561331052355,0.8378251575243234,2.8991157252390622,0.6216351489467573,0.02811866185523975,0.008884985109238774,0.9149829469509312,0.15170677519317982,0.028949318441448785,0.012501168476596646,-0.010156552336951329,0.004486500895081806,0.013302120975369227,0.11502737496794603,0.04925131869637034,0.027905439185919978,0.017982729041391716,0.013131407395647015,0.010552056925104487,-0.12485082281695832,-0.03213473781801861,-0.04181091237258294,-0.02574477633285496,0.018992967713619267,0.05094832305120354
20140417,P,14400.0,10.0,641,0.6438884191918708,1578.9948765741833,0.8856699459703771,5.988471125556621,0.6408144247321078,0.031237981399529578,0.006892482421624404,0.9333968462802438,0.032151805944034675,0.03532826272911602,-0.023025790019325285,0.04161849812081537,0.12924163681185138,-0.001923852786607882,0.10428831995751639,0.05303165339945798,0.041397519196300823,0.03538625058398923,0.0317215471038477,0.029082404317670358,-0.14286942993573268,0.05018280381004131,-0.07721026966541185,0.07333829072479206,-0.01930537531385892,-0.03088854091814229
20140417,P,18000.0,10.0,656,0.632963483339472,1876.125354391394,0.8849359326310763,1.717095064429861,0.6302612505969036,0.03066377231915202,0.009586300532449127,0.908588479327006,0.3534685654002785,0.17725557243834877,0.0780522348262546,-0.01836343204854385,-0.026894110942283174,-0.03831898295909808,0.2865861604170363,0.16037672111153745,0.096300995278655,0.0586435269585127,0.03643273952291981,0.02326150490058008,-0.011186425660109854,0.004740386319333697,-0.04233120680489102,-0.02959418748892431,0.10116516037568672,0.040536948431685274
20140417,P,21600.0,10.0,1288,0.5159621818657026,2072.438328914828,0.9507502495692809,13.953913367759952,0.5158345529590762,0.01995385087043652,0.0027339567387479062,0.9730307759013285,0.23637573335233514,0.22884028843932255,0.20963733473255988,0.21670145839136454,0.14479187584887485,0.09271438612174565,0.32379531548699436,0.23803285147580652,0.2095568906305853,0.19366219259865708,0.18367465423785131,0.17650430583351565,-0.12799290245587583,0.002022486024747219,0.05864424345204447,0.014785503423151805,-0.033171597261478565,-0.07557000188430371
20140417,P,25200.0,10.0,1238,0.5885059822582837,1912.0983401954697,0.9392771202052567,14.31899800435495,0.5876462057204351,0.02167952891162834,0.0031391758375473124,0.9690958472856926,0.13435729693646845,0.0440218378065028,-0.008482564427337533,0.0023837921391536942,-0.02117216368080218,0.06096980080721762,0.26245499407602485,0.19628734462551742,0.17082087039482802,0.1567250236266333,0.1478743546768415,0.14148237333729857,0.032552919858331315,0.04360843423111773,-0.019217939214232736,0.012284820031298924,0.017718886417922755,-0.04529280948851
20140417,P,28800.0,10.0,1491,0.5626903827962386,2069.0657636316787,0.9014403638768378,9.530273595407113,0.5622124671862363,0.019347174037099832,0.005442848886467216,0.9470262293572578,0.2641611196026335,0.21568927193361653,0.14876628643594897,0.2010973648847479,0.2966910884547961,0.17330449892311092,0.2155808230637191,0.1274211272202576,0.09737973303684871,0.08142789598800407,0.07210909918072855,0.06596738274395189,-0.1401509404079596,0.1073029368140274,-0.044146363409212415,0.05369843162487771,0.020728494125983606,0.02032921507017621
20140417,P,32400.0,10.0,754,0.5257756144867398,1726.758615313821,0.929422782072578,13.993411391175187,0.5254176220180549,0.026275946682174433,0.0036203625643111,0.9644438879802688,0.2507920416302767,0.08154761440923235,0.10657085201282998,0.048729954070267034,0.11343554582093775,0.08260461567141587,0.39417259807507415,0.30186284013519227,0.24862713533240113,0.2154194944645858,0.1937900672503895,0.1788896562078838,-0.15951303787645862,0.11904218093439337,0.009338077041331737,0.01822667310873925,0.10123570665143995,0.01821496024948389
20140417,P,36000.0,10.0,759,0.5989998970325501,1389.137910455885,0.8648938363769578,4.466081106081148,0.597367181374272,0.028067701315462074,0.007980240381693945,0.923298768675583,0.13627637369598106,0.0636853103273945,0.03726847131517928,-0.0019154343393506027,-0.036347154077018905,0.012592435631228001,0.16060799812682144,0.07708993898328785,0.048355499783516116,0.03410701477884643,0.026622055880017988,0.02232996974577739,0.06579045678527712,-0.038854108427804165,0.0161742314169526,-0.016892824632270244,0.11338366587192746,0.18724443583429773
20140417,P,39600.0,10.0,348,0.4133697164831169,1164.9999683058243,0.8466786999488187,11.520594749276091,0.41545752656765533,0.03418983102822808,0.006402896624764721,0.9379778294391284,0.088502557135125,0.04055185516563387,0.039076946018490905,0.10167401221680974,0.0889985198440313,0.01991417304569705,0.30667895966235287,0.1938094760233034,0.1378020100878871,0.10470018721595091,0.08449762300878473,0.07160256574023811,-0.16089551706934643,0.0700199558121303,-0.0005398759888817436,-0.08392844415936138,0.08284334687477729,-0.070996365191362
20140417,P,43200.0,10.0,153,0.3594331705734567,1592.5470064753142,0.8153063753570428,26.390816326655592,0.36631325000271964,0.04771012368019407,0.004720626255982926,0.9538906253755113,-0.008936926318797103,0.06795064109432479,0.17769652487588836,-0.02542590806814529,0.14860798599949998,0.052632236865602346,0.2531827397998763,0.17774650459143204,0.13865133041653485,0.11666328838238257,0.10341380592246956,0.09467241465171564,0.011640407024454309,-0.0625630250497139,0.07346335291356076,-0.025472997988541916,-0.07494351123477569,0.011617029072630078
20140417,Tr,0.0,10.0,1897,0.6540703084211821,5.9798117355016975,0.8638288123660903,8.753600902884632,0.6527177416379958,0.019816287757272455,0.006731466319975201,0.9349009761156836,0.48946231832806814,0.22927338608210782,0.20311332329173498,0.23910989732428908,0.15451356425821197,0.03279592583279289,0.33356989636648715,0.17547116564944537,0.12067955471691352,0.09001097342532208,0.0720186133940994,0.060876119293757275,,,,,,
20140417,Tr,3600.0,10.0,2052,0.3625868262230437,704.7418068912407,0.7981219421131744,3.015288069266948,0.3631482812280056,0.013732504742700808,0.00931368747680675,0.9110687894322029,0.13362280857616682,0.30956625602147997,0.1428652866619285,0.18338959962094298,0.12091452459922611,0.04304519071310117,0.20768987978197095,0.0799399799133295,0.042775151865352516,0.02452066861519791,0.015354914940573375,0.0106123878617566,,,,,,
20140417,Tr,7200.0,10.0,1769,0.5174817559119048,14.147716487175778,0.7769801169039672,5.695706910531139,0.5173220819917175,0.02114398388143334,0.008726791510384704,0.9164315368897985,0.24253006256502008,0.06241919378250938,-0.0035022067345320917,0.01926610182726181,0.06877081847927427,0.043522134060994186,0.229246840777822,0.10344595615181608,0.06034765227986117,0.03798953250516329,0.02609185372385406,0.019516596784987385,,,,,,
20140417,Tr,10800.0,10.0,2280,0.3105896746845075,681.366604964197,0.8014645974354929,1.9540798831249817,0.3112485109868157,0.012200086111576273,0.009999999448670121,0.9048374230245986,0.48774767205769104,0.25227543233214306,0.14515257899000814,0.16069303167601848,0.10106920314859821,0.03108590632220121,0.27919375007644703,0.13568012492604264,0.07590742913703558,0.042490827160844534,0.02378539395262751,0.013314359222232276,,,,,,
20140417,Tr,14400.0,10.0,1327,0.5217821077821502,47.56416942816518,0.760909205921064,16.404103890916417,0.5215988762217099,0.020435545879643236,0.006608704162943767,0.9360493854818996,0.08349476246158569,0.024910040176174868,0.051508833203224996,-0.008365658476328783,0.09155837813972736,0.002257260930683286,0.08770252533161922,0.05006060595739603,0.04151948877700037,0.03677814944768405,0.03361092545477931,0.031142429635005114,,,,,,
20140417,Tr,18000.0,10.0,1593,0.6571346881743986,28.4648702235384,0.890123804892264,10.849034671952264,0.6556490556825356,0.02059215695943037,0.005436674166750842,0.9470847073779696,0.2452120205278067,0.1598053306409008,0.06897906764566061,-0.009707351586910749,-0.019725645846686683,-0.036284127307906006,0.23876906326303118,0.13852217798838914,0.10502582357482693,0.08708268831824555,0.07660398744142755,0.06976754526082987,,,,,,
20140417,Tr,21600.0,10.0,3354,0.6802193904536065,6.764624609809098,0.916698541511253,11.868819834515143,0.6792061598419288,0.015526967557782592,0.004500754148151486,0.955990272222948,0.5048651068257356,0.37010540163520816,0.314780213560448,0.23599659142683277,0.21597014420237218,0.22602556330577314,0.42307492009472747,0.2753265294629464,0.21613601550448666,0.18037318562406338,0.15768729477930285,0.14246118920020748,,,,,,
20140417,Tr,25200.0,10.0,3431,0.7005753911623246,6.256737121147816,0.9018445271148918,5.822038601675748,0.699406094075682,0.015525991414523486,0.007255442290287269,0.9300151311598165,0.46922138374844796,0.3139159687709839,0.23675367426761632,0.10758467510607511,0.13643418848910593,0.14357251665283513,0.49202004170939506,0.32936030874205574,0.2437070317386025,0.1850732205989412,0.14440697926173238,0.11582702459958855,,,,,,
20140417,Tr,28800.0,10.0,4123,0.7542791128354915,5.049034252589166,0.9508990302008468,10.715723628663472,0.7528090716627308,0.014536576793083622,0.003408896210256997,0.9664855202289034,0.6240861123622605,0.46274709318609303,0.332795742430386,0.3831488291488654,0.3728923309301758,0.3121469170019543,0.5873615500992141,0.45204958213521984,0.38308685771227013,0.3355750920344854,0.3018676016610249,0.2771994096289553,,,,,,
20140417,Tr,32400.0,10.0,2028,0.58252130045759,11.997681550659644,0.9061740053474936,15.754530342451659,0.5819289992507917,0.018569865706756013,0.004071478583998324,0.9601029258502347,0.24183411551156708,0.25206670300218176,0.11279633139919064,0.14789181663105463,0.16633365810209638,0.13435635493688713,0.37011229262351064,0.24703123608472982,0.19833009477996552,0.16983127082369243,0.1521173612428018,0.1402360682156158,,,,,,
20140417,Tr,36000.0,10.0,2979,0.574339658197777,7.8121279610459045,0.8891486640985232,16.877334518449434,0.5739404956662201,0.0160666692189777,0.004363340445319532,0.9573048368438312,0.3394941448803529,0.16982035157201555,0.13173237151290712,0.09428524379790498,0.21566854482203635,0.15845830696984614,0.35103983462516913,0.2264667083404394,0.17914724031774823,0.1518652157962689,0.1351111289553289,0.12396987658877384,,,,,,
20140417,Tr,39600.0,10.0,424,0.41700197563924646,2.9036896078027583,0.7510981660551102,24.057969370128234,0.41995714868926903,0.041182923593283426,0.0059799377542043165,0.9419534916537754,0.2377054464845578,0.1315689885100107,0.08005855390403517,0.11744208639129548,0.17539234648367466,0.13082690830087693,0.2617286613032143,0.15940695048473652,0.11521787123647269,0.09056309587665862,0.07606386472707571,0.06689381145860124,,,,,,
20140417,Tr,43200.0,10.0,116,0.32130907130098707,22.976521458488534,0.617615849561766,32.25144658206009,0.3327649076786851,0.05343586242779602,0.006621522798518545,0.935929404412507,0.14267019376927734,0.05569501630731543,0.03745406649842828,-0.010671330116143515,-0.01695850120275675,-0.026234116969938468,0.09029988031295776,0.05473819999106429,0.04374418304120589,0.03794331116071344,0.03431178349016308,0.03163215244623194,,,,,,
20140422,P,0.0,10.0,682,0.5564997934882638,1504.1748841630963,0.9006711803690866,2.7819440859556264,0.5555799964883413,0.02830185710038634,0.008431581415790368,0.9191409325337893,0.12895554433712084,0.07558888891594302,0.03135299327949027,0.1754298874432078,0.02520413222566623,0.10506581316382313,0.260676905837203,0.136065494567502,0.08379410514028426,0.054844107807325154,0.038488020771358926,0.028966296715077586,-0.04462825785173786,-0.15026488837881935,-0.056365798099411404,0.004668585223633607,0.016405908112134177,0.061020979507377254
20140422,P,3600.0,10.0,1074,0.6349795307795353,1940.0008107257804,0.8233011363108327,2.428431316005323,0.6332812327364208,0.02411958040977977,0.009090094920459448,0.9131081505087334,0.009429311879315257,0.0012053624979133774,0.05519185810955339,0.035181871790935716,-0.04687876164616141,0.07585227630184938,0.0785140712826448,0.024842824600983787,0.014772740037570528,0.010321210317567872,0.008154310436890553,0.006935633246256068,-0.04537728356842419,0.01247549819287317,-0.003947288550985229,-0.04726452340665537,-0.03090863450006196,0.017964155911163706
20140422,P,7200.0,10.0,546,0.6477203697172742,2139.1995056684655,0.8615358385377554,3.9503905782290882,0.6440060016985231,0.033800636542662306,0.008393779327768566,0.9194884526789473,0.2419638269767872,0.03343777944891564,0.08853461655386488,0.0435311853878551,0.04628585168473807,-0.07696416475996949,0.2106532137804611,0.11502818033549092,0.0700848751805392,0.04589730433303479,0.032563999985946515,0.024931941421916248,-0.07892837269208886,-0.04815554680221834,0.04825792958565455,-0.09394769255778765,0.017265176098387503,-0.023257929585654535
20140422,P,10800.0,10.0,412,0.5974294103318091,1864.7017711172132,0.8384902927357577,4.121201159879164,0.594596348646959,0.03728541168056171,0.00871250792136035,0.9165624455532225,0.20262390588067913,-0.055454833525723696,-0.039183254275431886,-0.01688047868023421,0.16144403541276628,0.02688114153789446,0.2370300213017768,0.13266473643041538,0.08055488687528163,0.0514778401373676,0.0350051964792963,0.025449782558065997,-0.11323795697917641,-0.09792856919858889,0.11940385876182448,-0.03218756829321594,0.008269332833817263,-0.07237519902594362
20140422,P,14400.0,10.0,644,0.6132073310808553,2162.6873695751997,0.8760859077985815,6.7733289317233565,0.6109904903553129,0.030419560925363753,0.006989725268041858,0.9324896257935527,0.07185913971100527,0.052083556553449414,0.006401113355306193,0.08799091767322281,0.040905186222881085,0.12761999114049355,0.2151010143193076,0.12639482175004085,0.0854921524761248,0.06335979353561866,0.05081326730929039,0.04320238132950554,-0.06895872199532765,0.06715743121733136,-0.03496571370947409,0.09434360241348594,0.009237550210927929,0.04351585740936825
20140422,P,18000.0,10.0,344,0.5680636181081561,1815.030021131601,0.8471478961720215,8.688140869786722,0.565848253383194,0.039828998572804496,0.007018190862688508,0.9322242248523224,0.15962302594234115,0.11588474999342135,-0.007157920853492128,0.013809287516023649,0.02694417190137323,0.02773849398337674,0.23574060527757712,0.1435876609987745,0.09723502829660119,0.07138763767301538,0.05642326268469771,0.04727320772618574,-0.041006972023651944,-0.13930147383284802,-0.05014561821551497,0.1285654399435178,0.02610096196275704,-0.08559703468361136
20140422,P,21600.0,10.0,478,0.634206153310199,1966.7004779287429,0.8957085765823091,13.83901051945355,0.6305049981495723,0.035678964264769665,0.004617695712007946,0.9548729756676555,0.0723859970015548,0.03147889585419815,0.022449402230328555,0.1346520297218297,0.0454960645076061,-0.02436035507987074,0.1795235817096479,0.12400874204355904,0.10198090820749807,0.09016048707452794,0.08292144082488777,0.07778549750219205,-0.04899191024428989,0.0174441293152199,0.06286148128002904,-0.07350756094297023,-0.04553455413531559,0.0313914034474274
20140422,P,25200.0,10.0,536,0.5746498593281144,2058.3148431983614,0.8670744298141758,10.08515311641042,0.5730532982151173,0.0322620709015004,0.006107005023066585,0.94075733719932,-0.003221350582218359,-0.01891419677542112,0.0255141061874701,-0.024251940157169125,0.07157230747859294,0.0659649524413257,0.15017122313612832,0.08143214424497437,0.06308768161873146,0.05362923250672006,0.04802854453718802,0.0441555538801819,-0.07034063880394154,0.017575603126061864,0.0826834862385321,-0.04346755011892624,-0.07813030920829081,-0.0016819571865443236
20140422,P,28800.0,10.0,888,0.6145987029569803,1639.1757508501612,0.848792327312229,2.6365041576913635,0.6129500412028224,0.026065359997306064,0.009163532206206056,0.912437834828015,0.1991654056037052,-0.009058444536158129,0.18437199064520565,0.1584892465722015,0.007434539368092801,0.07570160957490711,0.20763853430342005,0.10777627109888378,0.061566267618384095,0.03690258894478719,0.023570360232479486,0.016211481178428633,0.06611884506316063,-0.0009409641660221852,0.007637277648878565,0.0038025264243361618,-0.025554266563547343,-0.059087393658159314
20140422,P,32400.0,10.0,612,0.5547509900835095,1687.2795196204017,0.9160717674886022,10.645448525672148,0.5537622997369276,0.0298075507887589,0.004675893403045537,0.9543174233184752,0.16570621643311312,0.033461942095191065,0.036256867707883195,0.16088030125316377,0.10632600777825792,0.023513797147972085,0.18894399430778058,0.12134472402929591,0.10015504103742504,0.08879352973797543,0.08179259736008823,0.07677786378307302,0.030754252106183443,-0.012168176760451408,0.020016690510252764,-0.019567636305833698,0.048382610077889056,-0.005388650453028127
20140422,P,36000.0,10.0,217,0.5848722713237283,1675.7595997889216,0.8317323159334409,0.5925185068317756,0.5804504225987652,0.05002535285647131,0.009999999385618645,0.904837423595112,0.16441424206294974,-5.881568870343294e-05,-0.03254238157753662,-0.04782253107936338,-0.02841009052968477,0.028063826487812978,0.130824813611824,0.0433303968263993,0.01941423594423491,0.008704260251117934,0.0039029013386860183,0.0017497230458255828,-0.001571299642195995,-0.08216149858406263,-0.047629059938388084,0.044464697501057075,-0.0018125597376340886,0.021207615149286346
20140422,P,39600.0,10.0,248,0.4041043472843048,2171.26572072544,0.7739764476381137,3.7656705287021435,0.4072659057533511,0.03987075869237628,0.00999999948401407,0.9048374227047934,0.26733638659062636,0.13047600031614107,0.028151947387468346,0.09008606524985543,-0.01897678442921975,-0.009268341382451651,0.33988260099100764,0.21811223794514523,0.14082960450313145,0.09093053063357374,0.05871253218392618,0.037909142112201415,-0.14965579401578383,-0.046181797535911,0.02854922500425821,-0.09792057003349801,0.04579358996195991,0.011301311531255314
20140422,P,43200.0,10.0,32,0.43693965193916784,884.4636232315963,0.6649055079934627,3.4290621085961175,0.45082439469737245,0.10342204035258518,0.009999999677178864,0.904837420956966,0.09225559041784948,0.06192041436326509,0.02150007470491558,-0.029005428557199057,-0.008914786592957814,-0.02916479904377708,0.2131928658103253,0.11735981120208591,0.06472119396628968,0.03569251656487691,0.01968476076847315,0.01085545471938827,-0.13333333333333333,0.03333333333333333,-0.16666666666666666,0.0,-0.06666666666666667,0.0
20140422,Tr,0.0,10.0,2352,0.18453462401446652,506.38196015809757,0.8814688224832787,16.79483956583049,0.1853996239664818,0.009104430249982611,0.004810987153193294,0.9530290705609689,0.5550850351397213,0.3582157356880127,0.29205996798279943,0.4142779056648113,0.32752907969374623,0.24862485734428616,0.532500172886753,0.4210729837203216,0.3460711175495702,0.29176059517392783,0.25183155992992745,0.22193030578468212,,,,,,
20140422,Tr,3600.0,10.0,3939,0.7414314482970501,4.801690908176739,0.901775111971594,5.607251314792646,0.7400430470771286,0.014747175374003363,0.007113898318060133,0.9313324435870086,0.4533474052619211,0.2527225659580553,0.22393101958632447,0.18828500967632864,0.18039430792284938,0.1934024338791214,0.4494224642965812,0.25261400472289014,0.17489283330901828,0.12809111404151502,0.09868904068833849,0.07969240271237166,,,,,,
20140422,Tr,7200.0,10.0,3347,0.7989857529629456,3.2828537558462028,0.9191965185575739,8.242306442309173,0.7965082172428815,0.016236798305767772,0.005425201650349575,0.9471933680592954,0.5639061926091947,0.4113145790212177,0.28406080601774375,0.24333125451897256,0.24315239850774809,0.19391797112854017,0.4702100802379727,0.2705202013504796,0.1997144175671647,0.15914832546866403,0.13396706248978021,0.11748043177855215,,,,,,
20140422,Tr,10800.0,10.0,2559,0.8197881145878437,2.4890053933560075,0.9002788565852086,2.223203243588971,0.8160478434116087,0.01854663290564933,0.00999999871945371,0.9048374296228217,0.6432006119254023,0.49260293702157026,0.4471534545693929,0.3799991426322459,0.29568118006949595,0.24046548263809467,0.5518181376047913,0.34406248269127876,0.2394038824399585,0.1675853020744529,0.11734791222122944,0.08217155081164566,,,,,,
20140422,Tr,14400.0,10.0,2927,0.8076947966837893,3.1788872313910304,0.9291768878033984,7.432951423357485,0.80469701491587,0.017332217912489137,0.005310463769194193,0.9482807813784555,0.4884495062027574,0.3138694698282606,0.2677142706901026,0.22779153406492847,0.26026062193115856,0.27459719725608783,0.49119493307981943,0.27262343876719664,0.19893019963544836,0.1592094818343247,0.1351257282063264,0.11950431032213098,,,,,,
20140422,Tr,18000.0,10.0,1336,0.5972341306917088,11.665399875222114,0.843840554311669,5.190986217090112,0.5962327776978839,0.022160276235415995,0.008472714034245135,0.9187629435446621,0.3899358087676567,0.17577523629157077,0.05689884176312448,0.027115561808929697,-0.00997926030314,0.06139606825295245,0.3542525278926214,0.2012823659329485,0.1310479495746158,0.08838636618978274,0.06214801521876896,0.0457540843977922,,,,,,
20140422,Tr,21600.0,10.0,2933,0.7881292921944436,3.078134260369488,0.8994998511120438,3.955541603230905,0.7855844317239404,0.017104002983428204,0.008773793967270292,0.9160008927663734,0.6836415884304606,0.571962271661473,0.5278357425629857,0.4255335174611041,0.3636004698949276,0.3639316841459163,0.5585912469566817,0.38029996146104367,0.28222863200406045,0.21158096247487004,0.16017707272031728,0.12262167184363869,,,,,,
20140422,Tr,25200.0,10.0,1931,0.6286565924854751,7.82091456811632,0.8117936359120042,7.549017070231604,0.6276198731042133,0.019284150357940663,0.007754609935547871,0.9253843637905904,0.26021558147628226,0.11891274187677396,0.11141411392609674,0.11487478380955288,0.1481909122799622,0.02554063501375114,0.219772994616548,0.07891922433148375,0.050656926901971766,0.03726542043543858,0.03020491322766183,0.026043453966628702,,,,,,
20140422,Tr,28800.0,10.0,2814,0.299639537651652,1029.2776611363704,0.836914458759112,3.6255873270061816,0.300166514177364,0.010509638225790407,0.009280406369145629,0.9113720536789317,0.43500844827960655,0.29706065881959326,0.18530855680204777,0.1453738197082516,0.0663829375715357,0.09965924125461148,0.36223815791511726,0.20164611460214624,0.1274266188266716,0.08200426355169492,0.054015419868544995,0.03664704493651376,,,,,,
20140422,Tr,32400.0,10.0,2184,0.6277809527428337,10.09305461003998,0.8419382101006927,4.9395534235408824,0.6268681862785943,0.018169771707677976,0.008466942672754024,0.918815970205546,0.21192830036047616,0.010216830928679478,0.008364239443423738,0.018233146818921263,0.056990233035239916,0.04591906212793797,0.32008593513737077,0.1665116393327048,0.10453781946584852,0.06892390902672377,0.04808717235459433,0.03561956688817686,,,,,,
20140422,Tr,36000.0,10.0,959,0.2517719598623452,465.2531114871117,0.8359900120504464,15.105283615150185,0.2945402043234393,0.018878970896969396,0.006157136833870602,0.9402858367066526,0.22417156318896306,0.16034923753118624,0.09256728764678708,0.0683429416945606,0.03690358936303607,0.07003385304004588,0.4435809629445652,0.331383796049463,0.25537208809644674,0.20270842877128958,0.165706353410935,0.13924251531981005,,,,,,
20140422,Tr,39600.0,10.0,295,0.43599101762830045,334.26184564422357,0.7655727013816747,27.684992352102856,0.4378777594244222,0.03804516495797545,0.005265116644460196,0.9487108969623703,0.04545010877984543,-0.026017088416107715,0.09546090516381,0.08648594022067306,-0.013306700160564847,0.04169067606705306,0.09494864839191176,0.06572517197469264,0.060239649763802465,0.056354857788095764,0.05316553177536916,0.05032509988308187,,,,,,
20140422,Tr,43200.0,10.0,81,0.3503733103635808,141.66063004745476,0.5663391640043496,3.355945275683697,0.3644181566032325,0.06598390632755559,0.009999999757545066,0.9048374202297825,0.14406606638048372,-0.021783059365511462,-0.004300596796146991,-0.021264789027326977,-0.008912679300596778,-0.004936655847555218,0.14951568092896925,0.07405002676396082,0.0369219452846817,0.018409685082947363,0.009179852609218117,0.004576990979953427,,,,,,
20140423,P,0.0,10.0,475,0.6159885350271274,1615.9325385988404,0.9645577308939726,12.19981443598562,0.6129002935009769,0.03539210055752923,0.0023339435123773825,0.9769308228530051,0.165833032565338,0.10796280687016038,0.0892646799650227,0.08309351660567785,0.11377351785191776,0.14676431819883795,0.3393386309073922,0.26618365559623464,0.23843904590500156,0.22281430614705527,0.21292812196659588,0.2057905584583552,-0.053029288528008076,-0.009336847740921014,-0.0180773183155118,-0.10109774665247959,-0.04866648730511289,0.05182827412379181
20140423,P,3600.0,10.0,1799,0.6557334885917631,1726.9072948234907,0.9222667459819676,4.203295874340071,0.6544852145024435,0.019012259223678336,0.007036796558101137,0.9320507941869746,0.3182270466941754,0.31647724900997637,0.1949180676597383,0.15907995181595855,0.1880539174723183,0.07509307289074738,0.29960283316390024,0.1855857231243671,0.1277210202765639,0.093492589172661,0.07271406602188035,0.059627519378076144,-0.016299044335947706,-0.010211675533101911,-0.02852476158686878,0.054973092679234954,-0.010194750416606191,0.03051603218695134
20140423,P,7200.0,10.0,1163,0.6271330398431614,1613.6285441739428,0.9057515441072848,4.801632375059918,0.625683245448651,0.023065175041713556,0.007122966494858293,0.9312479925435884,0.36319446404179334,0.03403595004194272,0.08197127279090234,0.23425310224166662,0.24732257286511503,0.03960820898637298,0.2626922604693686,0.14208033569954087,0.09524143058483212,0.0695183292189739,0.054808825433827174,0.0458975476571786,-0.01619708126717388,-0.05584145744383592,-0.0005162241887905766,-0.045388218023509216,-0.011024778435201409,0.02846363274214083
20140423,P,10800.0,10.0,905,0.6577047725983544,1706.5061578237692,0.8635367324108223,2.2515262681831887,0.6552048711887127,0.026678722483613977,0.00890173897083985,0.9148296648150226,0.23763230681901593,0.05881371166261248,0.05051360738054771,-0.0008473127895984663,0.1343516524588657,0.02126404319664594,0.1087116025567356,0.03652946533400197,0.021360507605985648,0.014525571968289488,0.011197072293076172,0.009370604569947332,-0.06885311139243325,-0.03606595283705276,-0.03278725975039239,1.811390712928323e-05,1.808860837629973e-05,0.06888936450544479
20140423,P,14400.0,10.0,376,0.6019965204696154,1829.4196156240735,0.8659090224180371,13.829570951255063,0.5987219870674098,0.03909266999339187,0.00532141549305708,0.9481769339724785,0.09264009256670702,0.052736328549684706,0.07435845913707949,0.019104890814773394,0.15000155313266855,0.005112815674214886,0.13063694433856082,0.08465095379878894,0.07080973297087562,0.06327839623445207,0.058421924399757,0.05474892840390977,-0.1255241090146751,-0.029145018685625742,0.06272217664752532,-0.018503326952875782,-0.014823170175918348,-0.022217664752529405
20140423,P,18000.0,10.0,463,0.6580203189897801,2058.649120244938,0.8691523114049833,2.6730859816078265,0.6532403415705749,0.03681039197135803,0.008980578892428065,0.9141086980667708,0.3568144832639744,0.13955653254989997,0.04326226980123648,-0.019688589310206134,0.021787237040175492,0.033045979937773966,0.2359767896015948,0.12416219824000381,0.07322760757604024,0.0452882695464208,0.029757992550022323,0.02094213327612155,-0.05101534560532117,0.03222087329919275,-0.07631640434931325,-0.09193697317730788,-0.04512167606898137,-0.019118334272761845
20140423,P,21600.0,10.0,627,0.5752823902891293,2079.0961503003564,0.874003721952564,7.274787109543428,0.5738879313236792,0.03002156040828643,0.006853142723170273,0.9337641140212251,0.0938846011125474,0.11283336092167816,-0.008324551394559251,0.03579488760592554,0.07407402142456103,0.07118797518817989,0.20556290783235895,0.12326296248963559,0.08422333070914122,0.06320518807355743,0.05129834983918788,0.044039138818143156,-0.16911633919666622,-0.06209066249944416,0.05316781964057709,-0.020928223403782233,0.05305188700220432,-0.11160501591294568
20140423,P,25200.0,10.0,1403,0.5841798178530714,1562.545596240425,0.9528705281012582,11.304585644650734,0.5834595729084125,0.02036580855011616,0.0030850875416837,0.9696201564969509,0.10305113552897323,0.09096082985377234,0.08705489288616809,0.11570133766922257,0.031814190012874805,-0.004883949699652532,0.33110288429938783,0.23960648171622828,0.20501014278580218,0.18546102948432214,0.17332557239691454,0.16488653046303228,-0.10601769046611768,0.03680448362470796,0.03683811843263702,-0.1695270001344848,0.10214248690134534,0.08975887477070889
20140423,P,28800.0,10.0,1603,0.5965542685292707,1564.1709382652753,0.9385433591463863,13.37867882676224,0.595808296855983,0.019264014974988263,0.0033112063103466977,0.9674301402903355,0.18591015095479027,0.16730131502535964,0.14196176835066215,0.13748057310959158,0.17869704045433707,0.18913822617654652,0.23742248463338922,0.16995588184470845,0.1496638656958761,0.1384233951142347,0.13116617992608037,0.12570649877622078,-0.11440459034161136,0.0649023671080695,-0.024742542829624598,-0.029370773149082357,-0.03709879352431055,-0.058745815784314155
20140423,P,32400.0,10.0,804,0.6414130036775912,1701.1212051723614,0.9205903078399935,6.263926125792127,0.6390125823719718,0.02790005474955466,0.005973248693574679,0.9420165016012984,0.0879942821104386,0.21881964354090847,0.07834530325408086,0.045728154090205565,0.03971994568487574,0.15425559642060752,0.25473402080278823,0.15552129684243207,0.11250295048328757,0.08861238472310534,0.07460204917176332,0.06574312872408238,-0.038513371963916854,0.06328774756882906,-0.14014511608029462,-0.02476882402973131,-0.011206325862798586,0.019325137951405908
20140423,P,36000.0,10.0,357,0.67455016232799,1475.9810328654894,0.9339504911911394,9.76826254210391,0.667492590228806,0.04202801929050647,0.004228720263717127,0.9585944301853716,0.11901065955817743,0.035259792988750704,0.04475068523689616,0.00302291808183845,-0.021672294008944666,0.01457070396718103,0.18215588895697324,0.11658329413046527,0.10218797173121832,0.094069970561541,0.0885904514999316,0.08427563800363022,0.010411917942038449,0.10223054379680888,-0.02802832953435362,-0.14558775643112987,0.06313090198632369,-0.015027678280690328
20140423,P,39600.0,10.0,164,0.4979508778142615,353.2521520214385,0.8211597411856018,9.830163327488536,0.4980684797163112,0.05331791580184065,0.007277538507776903,0.9298096556957376,0.13621694890077243,0.1854915251587079,0.370056700910029,0.06779736216655727,0.16578957141070153,0.08409208180880011,0.2867030664844595,0.17991540084778737,0.1222728549964113,0.08818945727256884,0.0675530200741912,0.05462628012686119,0.029037410261476607,-0.18407100046104197,-0.013658367911479943,-0.02404004478693276,-0.08806724626226702,-0.05606599486267537
20140423,P,43200.0,10.0,129,0.5263933442241706,191.62048348074978,0.7430078214189484,1.1786492843182141,0.5244053899500486,0.06100990355293747,0.009999999595939762,0.9048374216920478,0.03606862335923959,0.14959655435612254,-0.038726551836937274,0.03148643211923642,-0.006102914358980145,-0.005791682176576099,0.12318254142628417,0.05601722600278794,0.02646728197083642,0.012505436742035504,0.005909068951393862,0.002791824739766896,-0.06726113272805878,-0.11173182632326603,-0.00056049657216971,-0.04503119016737693,-0.08968717188561547,0.04353344450620717
20140423,Tr,0.0,10.0,1353,0.5926636205147665,9.615047739652555,1.004654059932088,21.5275124359104,0.5917050441113002,0.022234472136740034,0.0,,0.4846546958602035,0.3820352774880852,0.34710238346046535,0.19771031472217934,0.13316787018881415,0.18132754088340286,,,,,,,,,,,,
20140423,Tr,3600.0,10.0,4797,0.7301739325382299,7.4803435580041535,0.920405942978361,6.156671905266161,0.7290756917415881,0.013593218070763809,0.00630746070329377,0.9388734245155781,0.3836408718841778,0.37903231728024517,0.2740320681512134,0.18064329236940252,0.2316519511954353,0.13452811308734744,0.4768642459038508,0.30519924205077154,0.22624920323585754,0.17504529332557656,0.1409571928631447,0.11770196043562395,,,,,,
20140423,Tr,7200.0,10.0,3853,0.8215150421633324,2.901056068267505,0.9398899294413345,6.517465408163714,0.8189190906009106,0.0153203428951225,0.005510253478977108,0.9463881052730274,0.7177991322075425,0.594580631107961,0.50494929334219,0.3825907896345993,0.3832250180709572,0.34682542060972665,0.6251791545113214,0.46460799120909874,0.3769253034495669,0.31292995458928846,0.26521539544935796,0.22912915807753645,,,,,,
20140423,Tr,10800.0,10.0,2189,0.31291171742701296,1370.8148406532737,0.8532872857303366,6.190771153969624,0.3135424716639113,0.012047003377831553,0.007894700142749941,0.924088898539783,0.36203946506731904,0.21318397041851894,0.1478920853134219,0.07637107962898261,-0.006451660525615447,0.021065323499236982,0.3374055290513723,0.19917203481570392,0.13286676998710725,0.0927314684764085,0.06804029098710644,0.052505678904844644,,,,,,
20140423,Tr,14400.0,10.0,1282,0.33488907653493044,847.6238241068844,0.8104202424794585,14.145565396458558,0.33590581236099676,0.01656872828810403,0.006430553973248894,0.9377184455131478,0.27345951597395085,0.24732686840817347,0.2617393960062968,0.1608894037238351,0.3254738290692421,0.12249740748409609,0.23204060033494908,0.14039137642904959,0.09867295537292044,0.07578354504545584,0.06256113614907066,0.05434660403758972,,,,,,
20140423,Tr,18000.0,10.0,995,0.40017237870039085,87.8088948301469,0.7468520959162249,10.350206662075394,0.4010693957540392,0.02074646974109073,0.00784142071295957,0.9245813790194268,0.2524289151163878,0.12821077827005375,0.11619268903584383,0.013737127462201003,0.044073058336923765,0.1267711417270206,0.15870893315826085,0.07265969026777783,0.046592106385760244,0.03379020633723829,0.027047514590283803,0.023113138965307006,,,,,,
20140423,Tr,21600.0,10.0,2015,0.3408374667809448,669.6214860743031,0.922777782384289,24.539921466881083,0.34150518859898354,0.013717554488533481,0.0025661247712471472,0.9746652037594786,0.35482527916888335,0.34014725746738117,0.273732471878294,0.22055368420999066,0.23533412741484358,0.2964833842069629,0.32139369640926385,0.24841705967079863,0.22000965408797582,0.20405258952027322,0.19400646605218247,0.18680064091893425,,,,,,
20140423,Tr,25200.0,10.0,5071,0.4445907652215326,79.01412347440966,0.9496299164653322,17.124422196408396,0.44474803088555603,0.011749469447884752,0.0023915867994782503,0.9763678500876033,0.3764702553021531,0.22066107116683947,0.3204319136488976,0.27124443614033705,0.2564991628988883,0.1649808976432574,0.40725857039797664,0.2949764958140252,0.2614473375070674,0.24261704448285634,0.2307871098262251,0.22239486370521616,,,,,,
20140423,Tr,28800.0,10.0,4053,0.6853180844080435,6.298454577921683,0.9193541852605742,11.005591398027246,0.6843985843001877,0.014501529476640632,0.004670553603379961,0.954368383317623,0.5610165968863344,0.3983449033991455,0.3147697206562274,0.29009403394127187,0.3014916185101043,0.3115114045229586,0.48053920926807914,0.33297491523136297,0.2634543327348629,0.21834095937290798,0.18813181781779523,0.16715951078147198,,,,,,
20140423,Tr,32400.0,10.0,2613,0.43028039959837866,119.99676135118585,0.9545493628400189,18.67707573681841,0.43054203334573804,0.013534117750133069,0.002064641539223422,0.9795652625421722,0.4872203787943596,0.3957477394871878,0.369291025113604,0.319719162878925,0.2945510158560634,0.4215166859113207,0.5030949827655683,0.41212151139574116,0.3667489665996712,0.3383870551777285,0.31968464527801926,0.3064931349950923,,,,,,
20140423,Tr,36000.0,10.0,902,0.6430483942184811,7.75671293614322,0.8395444016472596,16.19390759166496,0.6407686089775279,0.026969211228902088,0.005477800938441972,0.9466952820971567,0.30657461507612077,0.15590838310741795,0.08887249414648864,0.03149308001442726,0.011887475746231018,0.03707477493646159,0.19071307664553333,0.09219304582713,0.07558459686215363,0.06685445454968998,0.06135491293018258,0.05728679604843913,,,,,,
20140423,Tr,39600.0,10.0,394,0.4354971431671868,282.1694247283683,0.7724830327248472,14.292610351439548,0.43693145327005567,0.033043244241559556,0.006889334175214887,0.9334262323755143,0.18947938560441213,0.26173488926218197,0.018612225000666616,0.013643012019187122,0.1291408095513566,0.07589680185209018,0.17312729031286128,0.09770510784304302,0.06736398602104232,0.0517169382819033,0.04304669266270932,0.03773211707518486,,,,,,
20140423,Tr,43200.0,10.0,277,0.6234826746852445,14.007952930457938,0.7839915118531506,5.934533468250997,0.6177646884705292,0.04637919182770064,0.008468463557431053,0.9188019961805096,0.10406418028113382,0.11767040978588934,0.06757516875523581,0.024480703371142973,-0.02093537993450983,0.01857185684642244,0.16390369885649086,0.07252623874556115,0.04302960043495703,0.02858997673113058,0.02119003805458151,0.01711290976369991,,,,,,
20140424,P,0.0,10.0,559,0.5568199597174311,1542.4058289908235,0.8419754695769919,2.94904596427358,0.5556971496057854,0.031164966869952182,0.009107584467790742,0.912948465991021,0.0795544769212995,0.044800467624817826,0.03292178987546355,0.07209600438691668,0.007649511757739937,-0.033148197164934536,0.22296482929050943,0.11271183959514985,0.06490172689202253,0.03924544516481874,0.0252937295035699,0.017543105668210848,-0.048262573216039904,-0.014759541167172601,0.013957211549114796,0.10489559558894136,-0.05305254566538882,-0.08177114494006067
20140424,P,3600.0,10.0,818,0.6136365784538235,1781.5399900405544,0.8438910805125865,4.061213335332941,0.6118665045197225,0.027131063477837558,0.008553909116663204,0.918017255987205,0.14861619454024125,0.03773806577569468,-0.043802750771267655,0.03392032169751811,-0.03432876843209721,0.10947779536408662,0.18983018093924126,0.105244355133406,0.06294925669195255,0.040509556548867225,0.02832088738753645,0.021447015529309738,-0.07636178083939278,-0.039061104732746536,0.04148488327592805,0.03286133435387164,0.032848577624697,0.08201301186375813
20140424,P,7200.0,10.0,1403,0.6232407844190045,1695.9339823992582,0.9273673468810378,7.797377922809489,0.6220842416503649,0.02097051312522125,0.005102191893555499,0.9502578416637624,0.3979234961375686,0.32345028332742365,0.1381113163429874,0.17266030226546347,0.19742986999912004,0.0987594799575558,0.232455969017568,0.13846041578977406,0.10788012632711202,0.09152231484069194,0.0818635263101155,0.07541868864866881,-0.07511259556823369,-0.004166718601891878,0.020625065660963258,-0.011869780880833288,-0.01784739175363592,0.03983986737820891
20140424,P,10800.0,10.0,1126,0.5957960393337665,1391.4135639047329,0.9172277913249426,5.440353543330348,0.5947484617843416,0.02291791654613593,0.006525520919980601,0.93682834565373,0.15466346980884976,0.09138037327017769,0.029342511817669597,0.07841882189629461,0.0674999745558103,-0.0002442535454076258,0.30522013297151934,0.18236753177885057,0.12812137717985578,0.09669450974466666,0.07783617085579654,0.06595155619026383,0.11706349206349209,0.054877436206550084,-0.03420735382760699,0.02589411291942936,-0.028832630098452893,-0.04287221217600969
20140424,P,14400.0,10.0,798,0.6185234074329283,1320.3340795051174,0.9372759272989665,9.448679265133961,0.616606553601637,0.02757469970418433,0.004191157240040263,0.9589545748745301,0.18807261858599642,0.024226976449470815,0.05125986536168378,0.03392595961627983,0.036557475905727915,0.05134667471347813,0.21944553619376572,0.1419159854691969,0.11929690993900932,0.1070563893848129,0.09944577761163173,0.09395491906107768,-0.17850784043042725,0.01576758344837352,-0.07019486035892535,-0.01593217939187994,-0.05097607164348164,0.044594881597111606
20140424,P,18000.0,10.0,664,0.6304696778517156,1995.4058701249724,0.8627358882804229,5.112679093901907,0.6278783344206669,0.03036402269958421,0.007817228917964842,0.924805078908617,0.13576553380397255,0.01819140618952517,0.014527164321211272,0.16603743826730455,0.024726460297555472,-0.03069600227578839,0.18062321367161635,0.0997751233499559,0.06318717096426456,0.044136514177713686,0.03378807083887102,0.02779050163673145,-0.125,-0.09090909090909091,0.05303030303030303,-0.01893939393939394,-0.015151515151515152,0.09848484848484848
20140424,P,21600.0,10.0,2128,0.5880225882468302,1587.3459191214333,0.9510555696492998,5.561784809839789,0.5875181630344621,0.016648055258788985,0.005019905199630835,0.9510400992282317,0.3822018653349379,0.2912949776630814,0.16499423667725183,0.11279364781086285,0.1821439278813844,0.2053427606267928,0.392297214552884,0.26426577616735913,0.2033531120152763,0.16566151712790153,0.1415034604419861,0.12529032482712152,0.0022287821697426595,-0.023622211022311834,0.047366021071831424,0.05855873153014777,0.031087751297989602,0.05671634626922984
20140424,P,25200.0,10.0,2894,0.6118754744304599,1884.4106221577415,0.9412810400171793,13.464931480066918,0.6113777212962932,0.014528404277982809,0.003178300211280577,0.9687167687654511,0.3013169835837154,0.21116179242535124,0.23094985943685478,0.31401653188010364,0.3032027822565446,0.26345876391911,0.19272192848496406,0.1462921347041867,0.13473673353421176,0.12774147946145226,0.12263680266589017,0.11835770201917725,-0.04840731462979075,0.06558462115393401,-0.052317200651426324,0.019510495379355987,0.022297834209231947,0.05950496059253028
20140424,P,28800.0,10.0,2477,0.626634200590545,1771.5797420852923,0.9298692564981075,12.145040912334284,0.6259502322445506,0.01589046058040416,0.003858440885512514,0.9621504872910395,0.14882153895795242,0.14236032456763736,0.11714133328527704,0.12308795000686204,0.07736381090528031,0.16692051474497743,0.1963216886049299,0.13569881033383233,0.11864214452034223,0.10916189842243187,0.10293985838779772,0.09816713262013052,-0.18992454245802468,0.02596153818310597,0.0031653814111835994,-0.008218540631997628,0.045918202617189596,-0.0005155355636577077
20140424,P,32400.0,10.0,1079,0.6021110248770255,1771.9570158056083,0.9218194305353351,10.463075733813303,0.6009319264349242,0.023490774947639174,0.004534687744699544,0.9556659253753209,0.21953561183298415,-0.014750948749392671,-0.02579731936129873,0.015092624524065982,0.019068149616268237,0.07605798050060136,0.2189010391536893,0.1376952300267721,0.11273533792363795,0.09933663263145892,0.09118524454763804,0.08547027013166118,-0.08907144316361869,0.03517421531120161,-0.012267950560265417,-0.03951671662375168,-0.0033740206424209373,-0.048488109655975935
20140424,P,36000.0,10.0,270,0.5347079949611412,1476.1835794341657,0.8742008854101652,12.730661991584025,0.5333720734613263,0.04358998800321469,0.005347111371710519,0.947933322878451,0.26832136138190527,0.062040362579100394,0.021570891055242004,-0.01727381563194801,0.031447750983410294,0.21254489481785532,0.14582717075522705,0.08285506103777113,0.07024942282247912,0.0632724964454335,0.05864414069615671,0.05505375047951651,-0.019547576399066385,0.015619063127612241,-0.04618547467839114,0.041252781848776,-0.02030749606470173,-0.020314281061716337
20140424,P,39600.0,10.0,185,0.4046097924662531,1121.5112069842949,0.8266769521218069,6.609920310100252,0.40878128109230827,0.045940694119727135,0.008283920086276148,0.9204991507896584,0.324798465010832,0.25361655230405733,0.14328070890970954,-0.007024772061535522,0.0025482972748088915,0.059455024716674035,0.3484358066051289,0.2177665946628416,0.1462966587923188,0.10141745077951039,0.0729403384382508,0.054606300817312645,-0.04063190313970765,0.04216296247612999,-0.1116430065831991,0.053962151168946856,-0.04069360922159055,-0.12351932787836961
20140424,P,43200.0,10.0,204,0.5115336448289137,790.9034484803647,0.7409148748339058,1.7511283223028902,0.5109786955634633,0.04881783045293999,0.009999999591679265,0.9048374217305983,0.12953118083222673,0.033464752102700286,0.007472194555112868,-0.03256833776007084,-0.04397341190792388,0.0031374501992031648,0.17317143269874474,0.08489065487361451,0.0434076687622535,0.02219623675202382,0.011350728932517175,0.0058038642559870846,-0.10404866474834674,0.018617799989903587,-0.06294108738452218,-0.04250088343682166,0.01882982482709877,-0.02206572769953052
20140424,Tr,0.0,10.0,1543,0.2944759277762738,263.97012424592657,0.9589621388183901,33.87650790341773,0.2955779535172864,0.014918704777081019,0.0011268734753687307,0.9887945196159306,0.3668559674357312,0.27658932679208603,0.2537943072782283,0.17194499480034342,0.2144028226732073,0.2106818159178429,0.5028401850825773,0.4435616868728849,0.418571300090235,0.4041296563646786,0.3948504987754823,0.38811116437147447,,,,,,
20140424,Tr,3600.0,10.0,1917,0.3308761294595535,764.4127548541269,0.9392357287809847,35.9818744628445,0.33156908414203623,0.013471000260800463,0.0015282572173132244,0.9848336137069391,0.16872836351741413,0.14633326549595693,0.0016018056107548143,0.029444369266898165,0.0720612741990306,0.13382643292250876,0.33220070958307285,0.2966790918993251,0.28098127651235977,0.2719360928667754,0.2657685702060214,0.26086455840056183,,,,,,
20140424,Tr,7200.0,10.0,4244,0.4321382094355665,161.72559581120973,0.9469587976404391,21.180339562492826,0.43238971414266913,0.013362404801501348,0.002108556839096915,0.9791351779630486,0.44081339523806334,0.377454525728056,0.34995188201433697,0.2808321875624943,0.30187120592010436,0.24999020027112212,0.376528825067472,0.29555064537579484,0.2669830782654076,0.25082291605021184,0.24057756134560876,0.23318551684256228,,,,,,
20140424,Tr,10800.0,10.0,3404,0.30989841579070965,722.913361412115,0.8553132167890616,9.04957920183516,0.3103296498023382,0.009846614028538609,0.0070152491893704805,0.9322516482469604,0.6018083020092587,0.44786553483349006,0.18142470530317376,0.07495794655371402,0.06986922750166878,0.0443488749397511,0.37806853386935774,0.24819369086845203,0.17731472444362864,0.13204768680353118,0.10264418539244147,0.08310466852220447,,,,,,
20140424,Tr,14400.0,10.0,3432,0.7842221945472603,3.645278055232841,0.9143490160902895,8.13866229750205,0.7820813061785956,0.015886576367372177,0.005618728886420608,0.945362063521932,0.5495723487677833,0.4489242513566585,0.4214867086323724,0.3474451062532268,0.3118007881315955,0.27632501592647535,0.4456228054172705,0.25081732811398744,0.18327370747130856,0.14479943483752553,0.12116273022570938,0.10582984821773216,,,,,,
20140424,Tr,18000.0,10.0,1572,0.5914076340939523,32.768182956775206,0.8013740943861062,7.113769487050711,0.590655716222291,0.01988197367311148,0.008017140137124183,0.9229581365381292,0.17923817478890997,0.0916492495940105,0.10988007977509896,0.025264322475873683,0.11615746260235597,0.04324671406072915,0.18120134863757853,0.09021470235660953,0.056070578578586903,0.038694835593600714,0.02944411585224619,0.024164646998070714,,,,,,
20140424,Tr,21600.0,10.0,5245,0.781324179771784,5.302569253559291,0.9731592532980278,13.690865769712053,0.7798498888163321,0.013270297747906236,0.001706921146094083,0.9830756421788673,0.6254752331038476,0.4454107772753927,0.3300953600229138,0.3782746808692084,0.4366462570428995,0.4335058559937823,0.6289516957641836,0.5218056605230997,0.47327529086630304,0.4416939788007012,0.42013581256362487,0.40461068995821675,,,,,,
20140424,Tr,25200.0,10.0,7040,0.3280507020903276,1055.735544427761,0.9668687203203107,19.475838581716786,0.32824180442741546,0.006997040239256477,0.0015130290120334362,0.9849835976109373,0.6513120621950803,0.5548346768439808,0.479158793776181,0.4364505022052715,0.4478065620569142,0.5080566667054652,0.5485480735829906,0.4682689704367207,0.4291149619168151,0.40482007210631904,0.3888181042885538,0.3774631855831554,,,,,,
20140424,Tr,28800.0,10.0,4639,0.3524088520242171,1055.1965930645104,0.926614773731141,15.974800313473004,0.35266175497453256,0.008844934176179316,0.0033870023910760796,0.9666971439865282,0.297298273853647,0.2151168852782379,0.17587826334433754,0.10767268409876168,0.2300194661695769,0.23315134897181097,0.3892759417900637,0.2774233128113304,0.23090378263891356,0.2034032611167049,0.1860872085605682,0.17427961064941658,,,,,,
20140424,Tr,32400.0,10.0,2597,0.31310531376394585,629.2596439243697,0.935658216909095,22.986624493547804,0.31365047385018835,0.01120272101460897,0.0023289458066281204,0.9769796482009686,0.45528239414605076,0.23536842553702492,0.15019932070620412,0.24681666055644264,0.2496736897029835,0.22782700349360863,0.3990810918249145,0.30600536444970106,0.27102251596071425,0.2509080861982431,0.23823016953103818,0.2293124350711094,,,,,,
20140424,Tr,36000.0,10.0,751,0.40291466285151667,262.82055299381875,0.8047118190196897,12.726329993793872,0.40400002536666935,0.02319430718965186,0.006825870407958966,0.9340188078426033,0.13817503912844162,-0.018533605526288875,0.04602256388607703,0.12391194831150991,-0.014868006700025915,0.033030359501339236,0.261426460493757,0.1528167140825009,0.10478880967506561,0.07789195295691678,0.06222652255767944,0.05257539325739344,,,,,,
20140424,Tr,39600.0,10.0,406,0.3164353234939298,548.9064143650604,0.697003506434495,21.789028720444463,0.31973913577224494,0.028006977287940094,0.0067218099461008995,0.9349912580082003,0.07516379044956199,0.006129033248655177,-0.00150215457181482,0.006492197402230516,0.047682616562987744,0.032444212596702396,0.10502658416198228,0.05793378424630574,0.04501987843877524,0.03837248910124118,0.03436435294109061,0.031513820667454846,,,,,,
20140424,Tr,43200.0,10.0,142,0.26529181331342605,815.5972863059983,0.549124144992361,3.2218998508822385,0.2762622051244554,0.04345482744687357,0.009852826575656816,0.9061700786694207,0.11520419027554783,-0.01915200579921902,0.04930022851414835,-0.017572086727773637,0.10683213412959326,0.17069709557667967,0.09996578768335344,0.039411928520153856,0.01820238506891399,0.00874261405987417,0.004490902290283492,0.0025498194641552117,,,,,,
20140425,P,0.0,10.0,1064,0.6510136530762536,1788.0861229104412,0.9232243016838099,3.826934257781277,0.6490154468965245,0.02449380619947817,0.007161034476787417,0.9308935526944008,0.2037090766548862,0.0018747386901794723,0.020639549699729382,-0.0024243750214952547,-0.014609938246973151,0.03149994841138132,0.2728558157722127,0.15450739555996346,0.10384531952170768,0.07534879533617227,0.058768435898531785,0.04863948412165884,-0.05541283274005415,-0.015419661047305593,0.006338572100208186,-0.10609622316251371,0.03534768397250766,-0.033665793538854176
20140425,P,3600.0,10.0,1241,0.6419712295607632,1776.2462794636763,0.9114721822341255,7.254043665723688,0.6403833533416222,0.02264680467143184,0.005827828709639434,0.9433873783693999,0.22876163274923444,0.10942629542652758,0.12592750356097213,0.10784916939663097,0.14787798126707716,0.12218250397556936,0.19331117081229454,0.1108126698874595,0.0833569548596219,0.06900113151185823,0.0607081165180228,0.0552737057121115,0.0382007508497793,-0.03688549540865506,-0.012636345187966126,-0.02075490842676678,-0.04505732839531226,0.015922581299781843
20140425,P,7200.0,10.0,944,0.6379091929264679,1874.1530956373674,0.8998792814518887,7.338417527222846,0.6359261641700358,0.025737252437030483,0.0061409729501177455,0.9404378357003818,0.13903411057990894,0.003400024313731694,0.08207777354930271,0.07722497073102401,0.02532212391017662,-0.01086021057805899,0.18772844134542618,0.10459816538930125,0.07701741761682158,0.06270698438270118,0.054541249433861134,0.04927311119421603,-0.14287849392432872,0.02381012746600233,0.09821725806629408,-0.03563315953275938,0.020916237676877943,-0.062419943340277964
20140425,P,10800.0,10.0,1071,0.6193675963952704,1921.1125089226375,0.8734531492365584,0.8198093560952406,0.6179103981850139,0.023956004923131106,0.009999999157136967,0.9048374256624997,0.16680315961281864,-0.011325201336505728,0.028674719313044852,-0.024599982176668273,0.013052385945936712,0.014805389970835652,0.2008565363227435,0.09576637846114483,0.050003226921767785,0.026109910552187292,0.013634160607650988,0.007119121214831795,-0.16117559453453736,0.0033544513261784033,0.03361188596283863,-0.06851212708618978,-0.05532244338329159,-0.0005744409247789617
20140425,P,14400.0,10.0,846,0.6214515510461014,1810.6845296069737,0.8812088083006655,4.061953607660217,0.619589540700517,0.02680984659956257,0.007933239329044797,0.9237328308148538,0.2276257463493938,-0.037260159416136925,-0.017834461020239882,-0.029710115263831934,-0.03141027140509593,0.04639588535605472,0.19478118483266557,0.0929700952449814,0.058217511608901866,0.04052454091832611,0.031078565327458254,0.025659942342634075,-0.026035340389843252,-0.06820810920238303,0.05151396841922609,0.03263635837815951,0.032759268899300135,0.04212215859795241
20140425,P,18000.0,10.0,784,0.5885538204486643,2129.6727361264316,0.8201971558400853,0.6737040258126178,0.5872039616039202,0.027124684433504152,0.009999999424736,0.9048374232411635,0.10258335943348239,0.0463884057584703,-0.022518708808966902,-0.05920185744209652,0.008551130747308348,-0.027947095553200973,0.12919371673709654,0.047473386843604255,0.021647425382090215,0.009873351223286692,0.0045037617438124,0.002053988074206771,0.0053608277385415685,-0.023740808556398395,0.032300113349027805,-0.07370447873979134,0.06185514575522422,-0.020607725172203342
20140425,P,21600.0,10.0,706,0.6143300031420977,1678.2516143405062,0.857674249209916,3.597130624213506,0.6122727155880408,0.029145910496003173,0.008416158602180776,0.9192827008586746,0.02819910295714574,-0.026687043095462062,0.018981414311547356,-0.043445440660423676,0.007819231828876304,0.05170137301809806,0.14394203686595222,0.06190130069879092,0.037262159559447706,0.02545633617641915,0.019458045994893012,0.016119060530536963,-0.061516582692751995,-0.014075717916619221,0.01665140651996234,-0.03362956985353706,-0.005695828203509973,0.052949605305358124
20140425,P,25200.0,10.0,1742,0.5740389553917989,1912.811115619964,0.9463217508406939,10.477792786767948,0.5735406483435497,0.018127180093615827,0.0035630771200413124,0.964996532223473,0.26815044787230335,0.1732851673565839,0.14289425699369898,0.1829943479793909,0.12306288452051828,0.05818016975679008,0.2960706123920069,0.20537042692669444,0.1722403217750256,0.15379194350970923,0.14245823819697567,0.13462016834690307,-0.07812804039832386,-0.01999820087021986,0.09627409829536818,-0.0371352613716356,-0.16165464917842653,-0.005900184978489055
20140425,P,28800.0,10.0,1757,0.594836893292921,2158.1499519482236,0.9188655787937308,12.560909868760584,0.5941741420624018,0.01835449015833988,0.004137499854751275,0.9594692628972359,-0.0018276523854466884,0.019479641368074722,0.06235413957490345,0.04155613834541917,0.05497518666143284,-0.08193500589346994,0.14005669171670485,0.0915199306610554,0.08774997127614592,0.08419320758891649,0.080781253326894,0.077506839145085,-0.10903863884533838,0.02267833394941346,-0.02627337386715612,0.0517299104771859,0.025900326734902834,-0.12859227817929203
20140425,P,32400.0,10.0,780,0.5944542731668121,1930.2823329319992,0.8347224110248342,1.3621519407444895,0.5929849087650775,0.02733928148743629,0.009999999345099889,0.9048374239617408,0.3738641057414292,0.2036729059327377,0.006481119154764229,-0.00972847235809473,-0.0415905780560447,-0.035136633405074016,0.22489246520997858,0.11840279975741214,0.06512392575020112,0.035819948454373224,0.01970256424046552,0.01083676023156749,-0.1066331115496461,0.062007951142886944,-0.013924115471299316,0.05886110302337539,0.026829266100884642,-0.03745646102250545
20140425,P,36000.0,10.0,327,0.5717065541668063,1580.9048428513643,0.8728018854272632,9.458857748214236,0.5692314818985387,0.04095542102261069,0.006286287972539121,0.9390722307034844,0.06395050140272135,-0.007664956929878998,0.11389303548227396,-0.024776607516977977,0.040716929242362934,-0.02105225461591236,0.2604278764250371,0.1624345094545858,0.1152935666399949,0.0886246135189201,0.07286346912237503,0.06295747960604269,-0.1756050141897658,-0.03782175045858033,-0.010089263691493773,-0.0009069542610406464,-0.019281992180744428,-0.056028595000552836
20140425,P,39600.0,10.0,91,0.49532005054127287,1.5032116345993978,0.6961427035151531,6.004966149947166,0.2906644847526809,0.05476537073329638,0.009999999611803825,0.9048374215485038,0.2997894979884638,0.18994855120721854,0.2243185468505718,0.048120053514341926,0.020950930150013484,0.024551366289525887,0.3516855362566424,0.23069669233180462,0.15143475930215072,0.09940565302165118,0.06525300305993058,0.04283355434821542,-0.13564681848381652,-0.08479709758253946,0.06775232669460268,-0.06780032539719909,-0.016950604495922048,-7.847199334477178e-07
20140425,P,43200.0,10.0,127,0.5092860894534568,776.8598132057338,0.7802863250318197,15.736075144048852,0.5085953144963367,0.06058635946758536,0.00651499972555345,0.9369269163707423,0.10009641604385407,0.054537991146833414,0.24515245374974967,0.21766330704085346,0.015691272882507337,0.08634875036392671,0.1365735447715304,0.08466886156150993,0.06156631100933206,0.049779988546546985,0.04312462643531256,0.03883919070703431,-0.10178490648447125,0.05980236167657198,-0.010956291824605703,0.039582260907545214,0.009256009484143728,-0.061502644017034
20140425,Tr,0.0,10.0,1825,0.2757484548344015,308.50905063354344,0.882975492306048,22.41014197479406,0.27673936747615824,0.013286523216791609,0.0037793112793831755,0.9629121344864753,0.2581298699461529,0.22798174917863956,0.16469065952758943,0.08701637390619768,0.011329906741974611,0.034708686588462254,0.3060301902631853,0.2072497866405369,0.17101738464363456,0.1507410009052195,0.13834048492436277,0.1298811711115721,,,,,,
20140425,Tr,3600.0,10.0,2541,0.35134550673117454,1082.9609341172281,0.9068142347941839,15.697846983116724,0.3518098751033325,0.011927892546924654,0.004020762792681973,0.9605899731410354,0.4709952219254116,0.19665242592440718,0.1316267801664524,0.10032941576915129,0.03964793990018697,0.020200240377128517,0.2880954242054476,0.18519136560014657,0.1520185051110985,0.13379729736504858,0.12272666966859244,0.1151412255540883,,,,,,
20140425,Tr,7200.0,10.0,1992,0.35556971813229704,908.4617505684535,0.8489491443960089,7.21686751616358,0.3561548062425761,0.013624943611044648,0.007486803648249809,0.9278659227007378,0.1786073521603422,0.12131449143753192,0.16160548136900235,0.11074935862127139,0.04862196616696191,0.14592619058252568,0.2838489191133717,0.16090730276999007,0.10653150156103895,0.07550064335328906,0.05730458555538461,0.04620758473221578,,,,,,
20140425,Tr,10800.0,10.0,2299,0.44448142041170613,88.55604039146708,0.8170822814172564,8.469776194322812,0.44476055668191106,0.01568032796049711,0.007582499042975458,0.9269784224596421,0.2257715830446841,0.15488074684815764,0.031331747168420875,0.04386576900815036,0.13915237844340322,0.0007238048560052387,0.254179258839509,0.13777833566898928,0.08961473899669231,0.06309572114099468,0.04801095172615307,0.03900909176913464,,,,,,
20140425,Tr,14400.0,10.0,2198,0.3602995978788813,901.0094880946756,0.8733554120441063,14.818642720275408,0.3608068208037768,0.01293700334549403,0.005105717982313403,0.9502243353195716,0.43247989267903364,0.13718803752891212,0.17754813594263402,0.14550437666607452,0.03572200961685912,0.06538254972044232,0.30852876819719277,0.2045219641076199,0.1554926377649153,0.12693769002277555,0.10946515553559623,0.09803879221306264,,,,,,
20140425,Tr,18000.0,10.0,2199,0.5538222538284762,24.455004658710592,0.8557220903145275,18.130314781280276,0.5534930976780981,0.017289364962455308,0.004848400950479361,0.9526725728902483,0.28207499730967817,0.09882161976354262,0.1431397009710882,0.17199158673496473,0.16389420209389413,0.11698421616834775,0.1601923978735082,0.08747991714568767,0.07834107251035255,0.07275067544830259,0.06857843256292513,0.06505005695104192,,,,,,
20140425,Tr,21600.0,10.0,2260,0.658566712363008,5.782106982422113,0.893654839977176,8.273423759434547,0.657370553488399,0.0183053131153013,0.006566304061294904,0.9364463555247312,0.5850708992115202,0.43750352310938084,0.2781635780477192,0.162442418933649,0.10357189454929851,0.0757922958385824,0.5073331075635813,0.3682260787801528,0.2847257105308357,0.22535245757678415,0.18266485326154805,0.15156310079380306,,,,,,
20140425,Tr,25200.0,10.0,5178,0.7612485994388378,4.995745862545241,0.9245248168486936,3.27753907898073,0.7599624199786266,0.013262158587261095,0.008467708587012011,0.9188089328899753,0.4950933048161533,0.3274852710996811,0.24886196523701626,0.1326195670376359,0.14432296181555385,0.11761943635283409,0.5849104002454992,0.4002495470017333,0.300237248471725,0.22808853208115049,0.17523464270273045,0.13631583894051091,,,,,,
20140425,Tr,28800.0,10.0,4258,0.737215098186101,7.262710454622278,0.9136442712117396,7.452072723945224,0.7359900682485836,0.01405618025942024,0.005882603473655627,0.9428707816543713,0.5040924145174839,0.3642056183006159,0.24955308742573734,0.18132696113865188,0.12145113441974148,0.06930017168386647,0.416750054130645,0.2397280755083717,0.1743874885562828,0.1360278161725456,0.11231472226198191,0.09694240330514126,,,,,,
20140425,Tr,32400.0,10.0,3229,0.73242852100499,4.7641285243565905,0.9100521371517726,10.67522994603177,0.730882835834687,0.01604642886272432,0.005016169800648824,0.951075625033928,0.49992349503995775,0.4489346894517873,0.2942709888190934,0.26083890087261596,0.22403619466534752,0.26596632461195985,0.42515950338184133,0.26222603583958276,0.20008838261957876,0.16301108748103926,0.13971805001759818,0.12428094474070091,,,,,,
20140425,Tr,36000.0,10.0,574,0.34391112874505253,826.4163361144483,0.6412165845080888,11.549780244377239,0.3460128947828899,0.02468915299675348,0.008410335313117816,0.9193362349063574,0.054766090124076544,0.07280120680910959,0.15025434681855365,-0.011442914212138569,0.08796390548804073,0.009101617655791039,0.08870565240431073,0.04374564614641824,0.02737347922983005,0.019725175244185034,0.015830118180074553,0.013576589535349997,,,,,,
20140425,Tr,39600.0,10.0,173,0.33105271557487836,267.81294409511185,0.6415881257157898,10.760084891720451,0.33824264737193593,0.04371103972991899,0.0086436411419042,0.9171938699870605,0.17740487263513285,0.041055196666718245,0.005380088871113087,0.016503371253738186,0.004636341849453975,0.00948174785410663,0.1504538062864565,0.07516060537091332,0.04369899379211815,0.028095197331428814,0.020077257092699457,0.015711031455398698,,,,,,
20140425,Tr,43200.0,10.0,236,0.4484364263042208,189.68471819177398,0.7381104291145986,13.345241062849476,0.4503642858183696,0.04293933701260898,0.00739803550889568,0.9286899376932999,0.07970870111206313,0.04041009878457345,0.15138282535667166,0.0765972590567637,0.10801757630983626,-0.037425707563208066,0.13546975375881223,0.0696902120700248,0.047365215654700525,0.03633920029287301,0.030376942768390404,0.026724113671087256,,,,,,
20140428,P,0.0,10.0,706,0.557994120335556,1813.802876076196,0.8844284120375354,1.4426166471158797,0.557077102334271,0.027878824814976763,0.009719777506222216,0.9073765319360348,0.14521086739668584,0.13622941423768853,0.0047781893244115475,0.1913742893646273,0.020429663546079925,0.0664821252945263,0.28209496688319724,0.1449493572002969,0.08393926562694398,0.04920738141033013,0.02936726533554877,0.017982984207272432,-0.008669130599060153,-0.0776380839865681,-0.10785997094369139,-0.030294128603434577,-0.082020876904492,0.06453773328863134
20140428,P,3600.0,10.0,604,0.5766448756473402,2112.1267268495685,0.902437928199272,10.472270913399587,0.5751775775502455,0.030510128273797812,0.0052197738270713,0.9491411667527794,0.1540387161919621,-0.007233485679722114,-0.042499289851017114,0.026067166668079893,0.01284671875839106,0.05175226611720213,0.2671274591386414,0.17729239845225625,0.13408617832417286,0.10962413780007099,0.09494485743225481,0.08541728467528428,-0.12180272364640227,0.005118430989154925,-0.05328712973669119,-0.012676925776561942,0.05080476356104547,-0.045644735234120125
20140428,P,7200.0,10.0,551,0.642989617724931,2046.125262535933,0.8406591824902128,3.2379684055637976,0.6394759490862838,0.03351637999873649,0.008951893629290454,0.9143709501642288,0.05665753709371742,-0.02322544542369056,0.07254649975450274,-0.04693943115563793,-0.025024559352474256,-0.03442347551675336,0.19794660045783252,0.10553512875356837,0.06116731613012543,0.037585542739420684,0.0248432240054087,0.017769876753584858,-0.09059595546930853,-0.08242773976100497,-0.03330354407108568,-0.041476866510060245,0.0031534061893575753,-0.04975487692779081
20140428,P,10800.0,10.0,475,0.5693430719282211,2059.3099178574253,0.8787369441884434,8.922579097667636,0.5676916596259535,0.03408560854031591,0.006244218464403591,0.9394673768841783,0.19651475757837172,0.08985136936125894,0.05293397034618891,0.01581670406348379,-0.02233320976866929,-0.0012404155530899414,0.22837198644341136,0.1341917555958067,0.09569617705700229,0.0748882654989004,0.0629307193045628,0.055449377153974404,-0.05068920185807832,-0.018653034179900874,-0.07816035441646045,0.004183495809455362,-0.09192853165288613,0.04960455919981394
20140428,P,14400.0,10.0,433,0.5978214450555053,1883.022342571593,0.795371922784549,1.6910070604424938,0.5951095577410738,0.03640815678478899,0.00999999947302282,0.9048374228042463,0.12700822548226973,0.13686350997781008,0.04588829175443736,-0.006187967531735091,0.011539575986752718,-0.029569639088074744,0.208481027509774,0.11321787695119598,0.06188474499368992,0.03382639384589172,0.018490595535798942,0.01010670721387788,-0.17064177488731455,0.04300656261548458,-0.06800292206052665,0.04772135604490107,-0.07664140945802443,0.0390828686474033
20140428,P,18000.0,10.0,415,0.6071880468017166,1910.1440502683179,0.814234462794119,2.7500692882811943,0.6040224428978991,0.037423783828904156,0.009281221565707062,0.9113646242355706,0.18090211545646603,0.1735389038092416,0.038244475515332124,0.02860366938747823,-0.005179638235047032,-0.00567526985804048,0.16092681920967236,0.0811677699300016,0.04429056873470287,0.025667812731527528,0.016116351726860927,0.011083920665718793,-0.12228438940037822,-0.15285247947640748,0.07861560264761415,0.0305800517823953,-0.02618922947741835,0.04366844980328886
20140428,P,21600.0,10.0,569,0.5570813050033844,2209.240242671577,0.9235193635928527,15.877491783883228,0.5559731503755738,0.030889189646780592,0.0034643789416075304,0.9659494363949018,0.09934251717101367,0.14048273747327336,0.02842294655920732,0.10305042035499382,0.013232212142744981,0.06194540866443773,0.24723980576473215,0.18460985963932142,0.15742824455856486,0.14242647751021736,0.1331286055399199,0.12654230689807355,-0.11019155497568497,0.046251927410746026,-0.01068378602775471,-0.06299371367572051,-0.015671331989087885,-0.03465187996678923
20140428,P,25200.0,10.0,1729,0.5782164164260717,1818.0500667657602,0.8694240699744843,3.2036264514124073,0.5776815467277816,0.018248929148675277,0.00847963006746236,0.9186994037915396,0.0811948530610562,0.10999229016338408,-0.006916287116180737,0.012358513099293507,0.08332017631998015,0.03391284292873451,0.1711553862652101,0.06991538413063174,0.04145093813241261,0.027669687706680664,0.02065017659543797,0.016785335121535058,-0.08379933052507917,-0.031657548174548585,0.024208648227368578,0.061437255980472096,-0.007474763933647969,0.007422877903016935
20140428,P,28800.0,10.0,1514,0.5928117202469507,1904.8613982625418,0.8761811167629034,4.17279922455475,0.5920636826506644,0.01970590026855033,0.00786048584127,0.9244051231954158,0.20555584783539702,0.10543089079514607,0.17435323993416507,0.13354150661988248,0.0694272578510002,0.0805817220093832,0.13894814437710248,0.056797712285432685,0.03766536554311307,0.028493178383744454,0.02363573054523065,0.02069283190426383,0.007036246957604568,0.021363629931510735,-0.001544723212769571,-0.060271976000452795,0.08870263061074321,-0.04021374596705723
20140428,P,32400.0,10.0,799,0.6102406607304661,2087.0985434519202,0.9045658513991555,9.095521448020046,0.6084986162173562,0.027369511789167605,0.005420402850374376,0.9472388230650456,0.02205293134071951,0.10467718346829533,0.02358027909628089,-0.044452798283445144,0.019653198193079327,0.004069344776462097,0.1613347897121234,0.08604928474932476,0.07183829617860002,0.06414667517167832,0.05917616394652926,0.05540838520297512,-0.05493476811349707,0.019911390676338982,-0.06702877593811002,0.034520682203423886,0.023617437479414166,-0.0833984045501651
20140428,P,36000.0,10.0,352,0.5801495653598744,2290.4212502982405,0.8168735809658602,1.5598752081014216,0.5775409177034516,0.0396815904101072,0.009999999408329836,0.9048374233896126,0.3493525874894285,0.10872795402213702,0.09249078652517732,-0.0653167459920613,-0.04530189948824318,-0.0409129210882086,0.22769650284739046,0.11993946813002826,0.06614431491111405,0.03647805095482448,0.020118228261083018,0.01109476188704863,-0.16911764705882354,-0.014705882352941176,-0.03676470588235294,-0.022058823529411766,-0.04411764705882353,-0.08088235294117647
20140428,P,39600.0,10.0,86,0.49947432876618064,1024.6512400259662,0.5999687739955697,1.2490378941886024,0.4995289313220191,0.07145853924609519,0.009999999744966702,0.9048374203435963,0.12602434409721372,0.013923246024195002,0.07527485708244896,-0.023652617512245233,-0.03203582629249239,-0.025049807681360947,0.0716653164997008,0.029707226154754927,0.012772020778152513,0.005491130539579178,0.0023620037533281985,0.0010151384434140245,-0.03176072898295117,0.007907113462669006,0.14016754850088187,-0.03180482069370959,-0.004923574368018833,0.03430335097001763
20140428,P,43200.0,10.0,158,0.37369454140688413,1411.1787647112378,0.6914514064993085,12.308149511446175,0.3798661968647089,0.047991770980688866,0.008093935788967865,0.9222496169118843,0.010690880434605324,0.04889080155563563,-0.0005805833188771256,0.05323203613012657,0.02282949391430957,0.04901964709074493,0.1686658202363321,0.09237505209869455,0.05702938414768013,0.03884071047050268,0.029103851374261497,0.023559471545082984,-0.04287252368647717,-0.014685615848406544,-0.10630138595254877,0.013499334429567023,0.08373463315323783,-0.029022785999530183
20140428,Tr,0.0,10.0,1227,0.27607131785780176,656.3452250718921,0.819591562893719,36.00775566374463,0.2773697175134834,0.015248784166114394,0.003822919800732767,0.9624923142880735,0.3883064656655149,0.3118178582864799,0.26556675485887404,0.1592625393041631,0.1110261886985233,0.1128060128143154,0.19202530527948028,0.14222275118301497,0.12277163271541716,0.11209058601392927,0.10527120719127855,0.1001964511069339,,,,,,
20140428,Tr,3600.0,10.0,2050,0.34016882582972896,483.19443242286565,0.6349230559209486,1.986676173535681,0.3408734259688297,0.01404441919754772,0.009999999715681038,0.904837420608584,0.11759258262372436,0.010040021018361753,-0.0547175351096062,-0.026219419375233092,0.02286535627887668,0.1068628031520365,0.1333656104157946,0.055943392873516136,0.02632202221697216,0.012385453092596518,0.005828299263170942,0.0027422658210231646,,,,,,
20140428,Tr,7200.0,10.0,1580,0.3359558601320905,1102.289819218092,0.5991662414842736,0.6186457051998957,0.33674548652189396,0.014663585414270167,0.009999999748371093,0.904837420312792,0.16159950057008882,0.0843024843024843,0.015716987040516436,-0.04496274349215526,-0.04435832891715243,-0.0360649419472949,0.04901882457982621,0.010918340061138692,0.0042794359975589,0.0016780819636686207,0.0006584871457569008,0.000258064981135616,,,,,,
20140428,Tr,10800.0,10.0,1622,0.3334148473011234,758.5839523567089,0.7647815945342495,17.339676493256892,0.33423134551989975,0.014759642567826775,0.006463633897619787,0.9374083002612957,0.2518337059971001,0.044706201149407425,0.01533748834397936,0.06866674677259393,0.030538734662451963,0.018239139710999615,0.12567851651140818,0.0676019688969274,0.05234557748383761,0.04450746456776232,0.03983291851746025,0.03655708881922459,,,,,,
20140428,Tr,14400.0,10.0,898,0.5346250364379107,94.08295517883607,0.6815308534935499,1.2933241725734839,0.5342058052359602,0.024499953505100435,0.009999999676104047,0.9048374209666914,0.18011186212147678,0.045262208490611786,-0.03264253718684201,-0.040285028232519914,-0.03284338547956022,-0.06304487890964569,0.10751937126253518,0.044018836956752745,0.01994371071075132,0.009036129336675516,0.004094527536219694,0.0018550221977532474,,,,,,
20140428,Tr,18000.0,10.0,990,0.3733981854689343,842.0385931997845,0.8349767242604524,16.684795144894636,0.3744401994068647,0.0196289849907707,0.005571282835566002,0.9458107069107197,0.1555513377663752,0.09454683491282266,0.14582569768050682,0.21338813550447666,0.05876616576784125,0.05857636525472538,0.24585500358378787,0.15974835456793268,0.11850747745256614,0.09551887880055092,0.0819198805781945,0.07319755228866263,,,,,,
20140428,Tr,21600.0,10.0,1480,0.38339901126351944,895.3877009642927,0.8542708936490122,22.585433792663892,0.3840531483581985,0.01628320650437226,0.004342636566779853,0.9575030565933859,0.1112062605577964,0.12403833557417174,0.07549901747853965,0.09242045023614989,0.08370117557830871,0.0034026269521149973,0.18274214278584977,0.12737583655245216,0.10710759736116467,0.09613262354518591,0.08926996631306203,0.08427469732840312,,,,,,
20140428,Tr,25200.0,10.0,2335,0.3293663079400023,946.7973428140473,0.8736753020270962,26.646397272789965,0.3299256831820989,0.012037047067355217,0.0035411050167007832,0.9652085855542011,0.25504343485434217,0.19328307853725366,0.15771764640935085,0.031291139668599845,0.06401179839973711,0.027818492160797074,0.2075852022724321,0.149078213807074,0.13164814164603603,0.12191557578672726,0.11550436777094467,0.11057164657342551,,,,,,
20140428,Tr,28800.0,10.0,3487,0.3217864556775855,866.2821646695584,0.8857381924793145,21.68897185510718,0.32217452185327244,0.009748432879964063,0.0037864336525784506,0.9628435547329965,0.33883319607826384,0.14068336795983477,0.1597115262556992,0.09304500663283956,0.09707675397394588,0.1122853824304571,0.2775143514494344,0.1953597606231502,0.1617066510869973,0.14295736577159648,0.13149434040539204,0.12363819216197404,,,,,,
20140428,Tr,32400.0,10.0,2056,0.3855123697764042,549.86804905237,0.8987417729430818,21.447246694387736,0.3859882091496203,0.014024017211217578,0.0034871629866114868,0.9657293791105255,0.12510014790240861,0.1533777999610542,0.03619653965906972,0.11120418079703843,0.12839978517248124,0.10839753765632018,0.27084382451056616,0.19718236718897614,0.16667124663894411,0.14972608277783162,0.13928221672116417,0.13199578324975147,,,,,,
20140428,Tr,36000.0,10.0,685,0.5521386329100463,30.356714605016055,0.7748711521294261,9.824179194198473,0.5512752025363366,0.028543860611549513,0.007688776320665342,0.925993778346637,0.13850663308116953,0.07433792864812651,0.3216426836453048,0.015327233049197636,-0.005577589053559224,-0.049876282607158026,0.17569125886946854,0.09156846442132305,0.0587463648114301,0.04198863433730613,0.03296744548046505,0.027709191548532745,,,,,,
20140428,Tr,39600.0,10.0,660,0.4228956042149172,317.96174090939667,0.8298674137104662,12.660281554909899,0.42392118470462137,0.02546642990712,0.006277537879920477,0.9391544039884938,0.1466279828486204,0.0366004847129008,0.2826831655480984,0.26275633855331837,0.017801547352721846,0.033347315436241594,0.1727232670338767,0.08526355721724344,0.06442251022733203,0.053799628798872186,0.047643137715250826,0.0435037361797191,,,,,,
20140428,Tr,43200.0,10.0,227,0.4764295295815909,387.1560916249302,0.7153938513072481,16.644696495047512,0.4773889207744738,0.04494138344794475,0.007063797757328467,0.9317991632683478,0.008703360715602971,0.023607621844494994,0.01640201252903085,-0.0493711324760253,-0.02077921276583172,0.05790797304808773,0.05821243862776698,0.03125569476947078,0.0291141795072924,0.027128354631402955,0.025279049525357086,0.02355445245684363,,,,,,
20140429,P,0.0,10.0,804,0.6177888457397307,1142.6664460897734,0.9116936613698207,2.135653725628571,0.6158947784127957,0.027506539850945415,0.008701185263478914,0.9166662306587076,0.20605569341897884,0.15502163264333538,0.055301359231232694,-0.00509209617080087,-0.0222117548141567,-0.019581201556324864,0.2753212181479299,0.14132409755955833,0.08592921196781204,0.05498400271431325,0.037418334874766486,0.027211978617107637,-0.05331300772963988,-5.9433509992034326e-05,-0.03729584096774829,0.037235586552922126,-0.03191760085636788,0.06915203814252224
20140429,P,3600.0,10.0,2065,0.6562438112149648,1665.3676074996424,0.9388576919475148,5.362967898862964,0.6551462581473662,0.017789969212202102,0.005618371296276046,0.9453654440495457,0.324639470907816,0.21671165421911154,0.14858692553776673,0.08491593523212661,0.055362128787137733,-0.008361630930536794,0.2437294480306477,0.14416143182834126,0.10731237166765413,0.0873511693223378,0.07571415765830072,0.06823458457072092,-0.10650452932348556,-0.0558272542934641,0.03563538371731717,-0.04052096645791431,-0.05730705792671697,-0.060052094912327915
20140429,P,7200.0,10.0,1720,0.5899018301035912,1818.208277578708,0.9220995555947145,6.470265646326247,0.5892678472618881,0.018454760783203832,0.005910411368013264,0.9426086255952092,0.3625354612094053,0.16479765233565738,0.07278532791188931,0.15307601825056677,0.08447114464917316,0.060988803008657215,0.3264017441784432,0.20529743391251012,0.14973519951154043,0.1169009720015169,0.09676373331681101,0.08377116251083645,-0.06446991404011461,0.025787965616045846,-0.08022922636103152,0.06160458452722063,-0.03581661891117478,0.0028653295128939827
20140429,P,10800.0,10.0,1096,0.6635657363233525,1455.8982563897955,0.9141070024981452,6.885738636684661,0.6613646784769757,0.02447742428977013,0.005835465479324676,0.9433153367989335,0.18464219381104827,-0.015123384991451858,0.09216653927530936,0.020636977886653866,0.054607637256934384,0.13098300235317945,0.16053866019720023,0.08167803184717387,0.06576018141632131,0.057402166784925844,0.05223657443608184,0.04848545132940095,-0.1095954145382162,-0.09745545243063054,0.024062882221742545,0.04348754107010092,-0.00998872820586614,-0.03670048204906829
20140429,P,14400.0,10.0,785,0.6523897044390904,1354.8706669289547,0.8552934160088198,0.503704489227059,0.6496534421297386,0.02849119518728297,0.009999999285961464,0.9048374244968475,0.043240319709815865,0.01491248179540865,-0.0030282827100381986,-0.033094493972313975,-0.01704844992197887,0.03539807847311898,0.13191855013588383,0.044373243983630614,0.019959208795140484,0.008983086239016622,0.004043477754660732,0.0018197235134679776,-0.10418284160488435,0.04638610829695586,0.07308782023279517,0.012858469161505653,0.063177398150816,-0.07748618998491201
20140429,P,18000.0,10.0,1067,0.6550919569103169,1746.7587753491212,0.8813784331150017,3.7601989515495817,0.6530166061642333,0.024564018115843387,0.007972647533523768,0.9233688760107838,0.144697857180163,0.09633729673327444,0.049340951623355736,0.015077282991822484,0.03196758421902506,0.10177396678188289,0.13952152332889495,0.06057119875598424,0.039004224524554175,0.028629501256222743,0.023209029943517548,0.020020200194350895,-0.05377599448671771,0.017839660108986775,-0.03843009996376583,0.012723888284985517,-0.012896000738893526,0.030584862629750412
20140429,P,21600.0,10.0,2283,0.5944964309363091,1745.2674508718721,0.9217375354482127,5.434700293861667,0.5939852908093577,0.016134277773565665,0.006341045385673761,0.9385581598012941,0.1987762858037403,0.2713977825753256,0.15440803691782298,0.187888886258772,0.06709438136726462,0.22278581063770617,0.2855872370473903,0.17071477273526744,0.12081582006235357,0.09242004644741238,0.07557632711049604,0.06498815999654753,-0.035213889264924865,0.03705834574252064,-0.046348314606741575,-0.082374441586571,-0.052067821849194534,-0.035027751455259236
20140429,P,25200.0,10.0,1058,0.5492303265774919,2355.0781918395487,0.8350982599292553,10.42793222029063,0.5487192474858256,0.022647578857141908,0.006601010222101639,0.9361214073384957,0.022526232231629206,0.03361969093764715,-0.007987496635495731,-0.0313665114606816,0.12819651070520116,0.02201831336870026,0.10753741063692034,0.05852310451021156,0.046240363700510566,0.039835900859262086,0.03589720390679995,0.0330400413283802,-0.0802196778075502,-0.11856909824643043,0.04549754940592798,0.025071616391334484,-0.03183176590384263,-0.0075953404937215176
20140429,P,28800.0,10.0,1975,0.6413120250146154,1684.7818793470087,0.8846937694593013,5.8457613779658875,0.6403162390653814,0.01799310975856688,0.006976098349854804,0.9326167040501907,0.049938258162782606,0.0502061005072666,-0.014936376933099599,-0.0008810929762989243,-0.043848772119571215,0.028203310722283305,0.11983282148727102,0.05384684643876891,0.041588861254929596,0.035323822974968326,0.03154843211169737,0.028859696305929473,-0.038439836250396764,0.0551467288389759,0.006855646405937027,0.03378867982355323,-0.04707062248930043,-0.013024989327816632
20140429,P,32400.0,10.0,860,0.5778812443698573,2281.5765789915904,0.8821903674410112,5.50426319522171,0.5768212344177408,0.025691925836962743,0.007171430880566768,0.9307967782725237,0.0492613802086455,0.02606420383488958,0.021116515037098296,0.048136894130996755,0.009701845126078286,0.10463189375142341,0.13376289438484767,0.054637753783906305,0.040918918823106255,0.03407550634763546,0.030084101755092175,0.02733665427180188,0.08517551108749974,-0.08376620821281698,0.07242045924089485,-0.0005410935993546458,-0.12184690002557894,-0.01666076382740097
20140429,P,36000.0,10.0,317,0.5391444768291178,1931.343278803131,0.7933200137601683,2.287664864685743,0.5378480237083916,0.040432054856353254,0.009507453771029824,0.9093051544180052,0.1422343220783691,0.06264702425020667,-0.04129949528984944,0.031512873680021446,0.02966569111925725,0.07084764727164221,0.15022030415261745,0.06328508690874886,0.03258125285328479,0.017864392713526387,0.010701327261587526,0.007117734791800875,-0.21278990480068125,0.03544188113328559,-0.0425738949414554,-0.10642469534685695,0.02838878053372034,0.03546136317369004
20140429,P,39600.0,10.0,278,0.556796140781851,142.34309126576238,0.9013315103440517,13.817077872081654,0.4483209846753525,0.03955346560639793,0.004553375227598174,0.955487352154888,0.1748642473667228,0.09630358770348633,0.12503515697007633,-0.013430330512313033,-0.00138866352369609,0.008864799649423749,0.32512697302178556,0.2287414975040561,0.17921576481937007,0.14984196903141309,0.13153596407543777,0.1193520763947041,-0.018867924528301886,-0.10377358490566038,-0.07547169811320754,-0.07547169811320754,-0.08490566037735849,-0.05660377358490566
20140429,P,43200.0,10.0,219,0.7213610182435067,501.10856301345734,0.9166285537939509,6.367218189806807,0.7054414332625035,0.05375078532112345,0.006150498655614368,0.9403482566283611,0.2596283509444199,0.0036290641716979124,-0.010760479156973589,-0.012139000173388797,0.037044299694533746,0.06926386161103357,0.3015080542072132,0.19908920291267476,0.14371528375314085,0.11074771090934131,0.09046058731122082,0.07739064792928711,-0.2456748758603138,-0.17549615261735735,0.017495573208570894,-0.01759399147673429,0.035040017111511834,-0.03513897688321396
20140429,Tr,0.0,10.0,1255,0.3890807351794571,138.58422084653714,0.8270472424297072,16.056876419374756,0.3898347204620136,0.017970181814518683,0.005781933012427933,0.9438204519575772,0.2471872665085747,0.1497498292650771,0.18302802647650945,0.09414787360693509,0.13817216003153926,0.1811386986630138,0.22961295091385833,0.12773324662392319,0.09496639959521555,0.07761370522906241,0.06759810575882266,0.06113864568528999,,,,,,
20140429,Tr,3600.0,10.0,5900,0.30488140790918034,658.3385042636683,0.916051628264089,15.076088043561867,0.30515470690616747,0.007692846392787293,0.003841889874402461,0.9623097461041948,0.49123073987459526,0.4135226470738431,0.22051126936926618,0.19512067425964294,0.08919723373637292,0.09417463716531034,0.321731341274287,0.19502880605280912,0.16184863815541212,0.1439236601396783,0.1329838417199323,0.12539813078808554,,,,,,
20140429,Tr,7200.0,10.0,3897,0.3494616821850202,906.16778060322,0.9258417505062824,15.116038183073332,0.3497676398293041,0.009612954885595562,0.0035361961312838906,0.965255967700658,0.3689980667941011,0.22115292408875087,0.1541826948471744,0.15656137890452854,0.07239847798311709,0.1854531997543175,0.364501728024499,0.2556856188436844,0.21152450731458614,0.1858104985375309,0.16978293143199075,0.15889482522708126,,,,,,
20140429,Tr,10800.0,10.0,2258,0.28252881477053027,1158.6665815005556,0.7389552258856565,12.183581056673116,0.283218815614214,0.011350155061877044,0.007683129600567229,0.9260460680997403,0.12233760405450153,0.0882316981981439,0.11920085822120646,0.0901355615574788,0.05231891006518697,0.09357282378398299,0.19430015552946805,0.10376931055593859,0.06646570588649803,0.046986506691766045,0.03635238688890281,0.030143998330950442,,,,,,
20140429,Tr,14400.0,10.0,1678,0.5118379690666371,56.7491107162183,0.7232051192567935,2.327344122653838,0.5117610170356226,0.017982301178707444,0.009847668392027574,0.9062168217916093,0.09987752821027225,0.0775363894683495,0.008562108734406191,0.020099027412307797,0.02896472093101593,-0.06221415784610399,0.16655205872118142,0.07733255564289276,0.03934966360773098,0.02035943754000705,0.010832521067369295,0.006023508991776486,,,,,,
20140429,Tr,18000.0,10.0,2329,0.3139360711198338,1227.612353167516,0.9387966320323698,26.01833009605045,0.3145255789924073,0.011688432380201183,0.0020172748756416303,0.980029359829668,0.25612531470614736,0.17701756961984588,0.16346850807423138,0.15599592166530782,0.09657496157180924,0.2021240773725345,0.35078568931575677,0.2890302032257059,0.2629394047774543,0.24818414168906136,0.2387819309122628,0.23193326180251683,,,,,,
20140429,Tr,21600.0,10.0,5912,0.2767011578214811,685.5236989776724,0.9569175183467147,20.88096631882808,0.27702195925466044,0.007571601311134692,0.0017928111803673392,0.9822316406813413,0.4853097032018266,0.3645399017211769,0.4639962313498609,0.3502575560231913,0.30752594888194296,0.3409282948058135,0.47924319002321036,0.39225722100107063,0.35508843920708394,0.33295095050540735,0.31873281481979954,0.30871459530091533,,,,,,
20140429,Tr,25200.0,10.0,2519,0.2962497509896101,1058.2273671778692,0.7871807841926257,19.806880418286223,0.2968370287531945,0.010969004294717232,0.005816210094696752,0.9434969932840546,0.053308608431781444,0.06337629767428883,-0.07513834888489976,-0.004786280065788699,0.08206032565466259,0.0449256578042799,0.12414810478609728,0.07188286638886124,0.05959447137359853,0.052919111705668355,0.04859741715785699,0.04531502376399302,,,,,,
20140429,Tr,28800.0,10.0,3060,0.5759763598363131,47.35003407171893,0.836951531499934,14.208574378088361,0.5756577818303178,0.014261815740274695,0.005802831693541266,0.9436232265405136,0.17010476878612718,0.10130057803468208,0.11875602119460502,0.015691233140655104,-0.016648603082851637,0.07827552986512525,0.10499521432749254,0.0530006751993048,0.04994491282087553,0.04712902761218361,0.04447224865016068,0.04196491811444202,,,,,,
20140429,Tr,32400.0,10.0,2196,0.5888119852402749,17.411783025159536,0.882357167513677,16.728805912817577,0.588218579038005,0.01787716486178224,0.004479176354519816,0.9561965760881378,0.22576387303877898,0.08879481081717851,0.09790772413691551,0.06271416054954683,0.11053242871131858,0.259124877596248,0.21386668941743156,0.11976757575371985,0.10246075720695436,0.09306495264361249,0.08695440143487616,0.08230215856056261,,,,,,
20140429,Tr,36000.0,10.0,805,0.5859548087419495,8.613193737523119,0.7512713338221527,12.184585810825464,0.5846104032117421,0.027455977051601296,0.007388100854285961,0.9287822044141191,0.06252468331686699,0.07675225835554024,0.009297073807264127,0.030478324920387913,-0.05468713368845803,0.05326912288719612,0.11704033862268447,0.044896568330118465,0.034415116408110624,0.02910476882902151,0.02589730786207045,0.023602452678846492,,,,,,
20140429,Tr,39600.0,10.0,306,0.49054913895247887,7.22529797634507,0.618276050467696,7.873518553111002,0.49087107255219575,0.04107198268707383,0.008985244006038784,0.9140660548521654,0.2297395611166406,0.008936442485425855,0.0026932556045310124,-0.010991042229489552,-0.00957983790700981,0.01472344660884403,0.09814759055326508,0.025415301305270057,0.015676701172330092,0.011357627638837136,0.009199217562514257,0.007937755393983696,,,,,,
20140429,Tr,43200.0,10.0,125,0.35192294827409304,412.01335048614663,0.5829166328902244,18.90469898919511,0.3606263510084806,0.05213131976114282,0.007934728195795628,0.9237190777662518,-0.01191023989201791,0.018210247470974404,0.013250993384653704,0.12522421079604304,-0.062149698826705346,0.014743777135370999,0.04721959754565274,0.02389670377252256,0.020299815561396095,0.01808612649363232,0.01645728910946022,0.015107630930034305,,,,,,
20140430,P,0.0,10.0,672,0.5564551240039782,1194.3617506001433,0.8987556625355103,1.1670065316062943,0.555510914097118,0.02867207969554755,0.009999998885547737,0.9048374281199407,0.16132516531022137,0.05712458751063982,0.07358894046316217,0.10035556897325267,0.09462411579472602,0.12432796206146143,0.33150043850304817,0.17996847039962283,0.10833441817124188,0.06523633219232393,0.039284032461519326,0.023655826508625404,-0.042347053531264015,0.043679712100764774,-0.1385121457489878,-0.1790035987404408,-0.0727339181286549,-0.01690283400809712
20140430,P,3600.0,10.0,1041,0.6264525136454209,1582.6458093355236,0.8339604063990022,1.0500420099008405,0.6248447939729573,0.024363754752430616,0.009999999360492482,0.9048374238224629,0.10673370415328298,0.011343750614813491,0.06180450815038262,0.14977274122555945,0.010773280720704808,0.052357257193406864,0.18751732369974794,0.08896515208628164,0.045782340763232746,0.023560955608290805,0.012125557086979894,0.006240050796497287,-0.11642530038004863,0.01267025470339683,-0.00956908150980808,0.02264948185916955,0.0038801548521115057,-0.1950463848169393
20140430,P,7200.0,10.0,985,0.6088352847517168,1989.8666817469848,0.9426805704599146,20.16613110475011,0.6074441442502716,0.02464140850198381,0.0023263846796779046,0.9770046702104581,0.1455137357524618,0.06075526951556272,0.03365879025583779,0.07467785877998524,0.055131779967152315,0.041974291579439924,0.255829547506712,0.21486596041060324,0.1979193023034725,0.1882615574575688,0.18176098770455026,0.17665681833872535,-0.18715115098050358,0.0330140973312197,-0.015509921952920929,-0.07499737099762965,-0.017937389247151683,-0.01786372819316015
20140430,P,10800.0,10.0,1871,0.6373745640545857,1851.3181518253987,0.9518469769337065,12.450038296329344,0.6363686395332457,0.018383320741697337,0.0029037265684987153,0.9713802646411585,0.26362287360670705,0.16844267537915966,0.22011313981711453,0.2215526434226998,0.14693608231364044,0.11818907115955386,0.22848205485410872,0.17410342543912605,0.15856552225797824,0.14965049160719265,0.1435514007197068,0.13868878854685082,-0.09662710145758217,-0.05018616454895754,-0.041318778946956396,0.09777478609716626,-0.057584318094867956,-0.03447848995620124
20140430,P,14400.0,10.0,593,0.6872188272918041,1588.7490253906833,0.8739952488998054,1.174139512503262,0.6823635889647538,0.033341223232577974,0.009999999127614501,0.90483742592963,0.2717921460838056,0.019732817650889373,-0.04434180438951671,-0.060357342669414,-0.0006048573060025884,0.03989652748215029,0.2522481501613468,0.14079784842431473,0.0808570433184594,0.04643483785099815,0.026667514314264756,0.015314462384786492,-0.0009610265147481707,-0.09019806197423061,0.0036125013310616535,-0.038771163880310947,0.012551911404536271,0.02926738366521138
20140430,P,18000.0,10.0,532,0.6032306227903833,1832.423257024124,0.9116118539674877,11.644231419722454,0.6008369661661539,0.0332288312137546,0.004608427421031888,0.9549614801748564,0.15888013424152672,0.02624023270835628,0.033636883583172926,0.01005877117371683,0.07344087885641948,-0.027512167933687194,0.2077846806950639,0.14357364263349442,0.11531856080647683,0.10004070958693792,0.09086840692072565,0.08461527415250837,0.004015170381438591,0.01671543601876062,-0.04211959905366708,-0.020967708463039074,-0.05038548541070022,0.02105590835512388
20140430,P,21600.0,10.0,4195,0.5926747638330351,1435.9471078827205,0.9685357089810993,8.757611510841704,0.5923995811225737,0.011956688905414818,0.002745417066366834,0.9729192697761829,0.24209722354578342,0.21367387094969575,0.180333670117869,0.18896548521470338,0.10680760494562377,0.07686320041225113,0.3948698118685831,0.2859519861235692,0.24741498821868696,0.22529317432342175,0.21143860774230816,0.2018141886139465,-0.06463073367467745,-0.0076601786085935385,-0.10460155171694313,0.00858134323089599,-0.0024754732718305114,-0.010175800364859764
20140430,P,25200.0,10.0,2063,0.5710628620931509,1951.370340960452,0.9468063242903181,11.784964500542262,0.57066152850363,0.016618709734622497,0.003263185796598697,0.967894816774944,0.17201964010375967,0.12657303806999162,0.07211410522694968,0.07467920630331074,0.12980354122243484,0.12117158322840217,0.28457672629791786,0.19932077972650256,0.17197197929340924,0.15688022956789743,0.14746456465170715,0.14072605298351365,-0.0287500842090331,-0.04327737401957686,-0.006437005262656495,-0.05927369226710303,-0.10340576200494363,-0.02081740781002799
20140430,P,28800.0,10.0,1471,0.6208865399278206,1853.7457873966262,0.8432607465627456,2.927156187808045,0.619810882400447,0.02044597479840553,0.008753403699442778,0.9161876868449702,0.07375678981397311,0.08239722963227485,-0.03461966427466053,0.005674212768588116,-0.0021343329425501665,0.019663875280147854,0.09541134703029504,0.03065800344391319,0.01929776880698558,0.014142566579419532,0.011528712139580453,0.009984885479945025,-0.09824022904419001,-0.006602354489659821,0.008618904078197029,-0.046468412408812734,-0.03669415138187447,0.041352671055994786
20140430,P,32400.0,10.0,1186,0.585342399830365,1923.2043466754933,0.9232758598386558,8.07789160975007,0.5844823421465106,0.02209409197145988,0.005208437704497677,0.9492487686576658,0.14406471709912266,0.12805664353922372,0.054275315759974456,0.06839602070421988,0.018083425654514602,-0.056067904667768044,0.27425359957604756,0.17542179684383685,0.1328482101460827,0.10892332272540181,0.09462510021349069,0.08534571098974705,-0.029489749356279134,0.02810282348270027,0.016093540272185018,0.0016841930599630689,0.08567746991771633,-0.034334693369600974
20140430,P,36000.0,10.0,225,0.7314612823110989,152.2010137597835,0.8898964491513514,5.607546117086319,0.7146739632604888,0.05341806713007325,0.007161292103663937,0.9308911544655064,0.054859163854696386,0.12400788935887078,0.10406072271596724,-0.013600430904741537,-0.004144685772222486,0.007338846379291225,0.23610116022030053,0.14048100172009587,0.09417918653908097,0.0684755523677203,0.05367460041721968,0.04468327630008915,-0.1506565446957644,-0.031132554010744485,0.01368714117728439,-0.10584261372806711,0.08838567245394388,-0.016203223352009417
20140430,P,39600.0,10.0,163,0.4188469611404015,173.29960360562046,0.8945666379713412,28.597989922728466,0.4229811144374525,0.04978540343792549,0.0029477493359214998,0.9709527302795982,0.17759231481907312,0.15243655855904722,0.14765784840562585,0.0685312214160239,0.07197054565594314,0.08466090732099624,0.2900964371989359,0.22004538473953927,0.19156477294209748,0.1756681630162523,0.16573210844912073,0.1586561442691364,-0.2532814506934522,-0.06611609011271304,-0.010136597826557533,0.12091757948362702,-0.06638127606759894,-0.07560505693380089
20140430,P,43200.0,10.0,1450,0.5334298639190594,1386.0653627506304,0.9304157882072155,11.396047067447647,0.5331788075974297,0.019293355905173514,0.004054513949980811,0.9602658176144018,0.5060944059437321,0.403205297496125,0.3132058000020486,0.298850515844227,0.435736228331566,0.5684160330415831,0.32395415581697257,0.2274216428219183,0.18312945533713113,0.157415983697491,0.14151834158466142,0.1308512036510058,-0.14297326692999024,0.06850993187932909,-0.06141164348274089,0.01706451428244319,-0.03798156734787339,-0.06340374377468655
20140430,Tr,0.0,10.0,2044,0.2975125639223439,267.2554376272091,0.9055173908097969,31.409607390850528,0.29829612317947407,0.012715849418860172,0.002518082182545853,0.9751335706533171,0.4453080205713307,0.2676870966862555,0.2204131137225841,0.1811216760605145,0.15715004091901152,0.1553360087857652,0.33216049913606194,0.2621089041503352,0.23140306839217722,0.21399663363637073,0.2030617184346472,0.19530736625869752,,,,,,
20140430,Tr,3600.0,10.0,2461,0.31731549015158245,967.7537494333134,0.8540705189252646,21.310498599200606,0.31787259557823394,0.011498428136385396,0.004515658485441002,0.9558477988259425,0.27182973209500394,0.19486403589915402,0.14323407011546715,0.1298149726625556,0.11254391195475448,0.03438360464201625,0.22653026650439678,0.14982320103354144,0.1209101019397025,0.10525608534168658,0.09583556338971196,0.08939500316023118,,,,,,
20140430,Tr,7200.0,10.0,2377,0.2973391688022593,936.2094445864501,0.8656692829519166,24.07705565084175,0.29796419927212725,0.011357890285175382,0.003959381970438569,0.9611797721581625,0.3077900004619036,0.10382562294044438,0.12315927200518155,0.13811435085736398,0.06209250810899119,0.06718851027823647,0.21882743691700265,0.15147268592451743,0.12805307058417803,0.11530724228432364,0.10738364039323679,0.10168595775402534,,,,,,
20140430,Tr,10800.0,10.0,4519,0.3093779737414999,825.8699449007876,0.9282012709607923,16.759910421681713,0.30971431409366307,0.008674075215853306,0.003216470950054061,0.9683470729804856,0.46579592137441234,0.3869871846397537,0.5063684205511405,0.3851717570734754,0.3017612329417973,0.23387008117350652,0.37838945629405213,0.2685857365022284,0.226120402779235,0.20147956809873907,0.18608415193388192,0.17554221418708887,,,,,,
20140430,Tr,14400.0,10.0,1554,0.3530826932682846,426.0926934222546,0.7305279030786593,8.90651926507434,0.35393171725286077,0.01622680086249869,0.008318208386534747,0.9201835813817426,0.2611719127769931,0.1300410416223549,0.06107006550567946,0.06541359073568223,0.0454105596143107,0.06339891070818307,0.16896177469795592,0.08615372495409838,0.05197772561534372,0.034651827210305214,0.025525378906508245,0.02041707268822614,,,,,,
20140430,Tr,18000.0,10.0,1077,0.508625017277326,72.5674925305941,0.8065426043125958,19.01829149107445,0.5085387820261458,0.02228501598575279,0.005671065641344888,0.9448674211467739,0.09650396432989179,0.04244297902628311,0.066452242930759,0.044521227458482235,0.00020971944717517937,-0.0030546138922801537,0.17398894507407514,0.11311559086708584,0.08560614874794363,0.07110120444962437,0.06268049307967358,0.05715397791604657,,,,,,
20140430,Tr,21600.0,10.0,5685,0.3452994756051717,734.141661636063,0.9576726853537971,13.026635876157599,0.3455234506336462,0.008084803026711761,0.0026269773931459264,0.9740722748529458,0.4533434637740346,0.36440457270910925,0.30184032518925874,0.2664645490572785,0.23403649195270904,0.195279950785225,0.5938732288323163,0.4952178862541327,0.4352705152189534,0.39310783441803326,0.36267397850484784,0.34000111254929005,,,,,,
20140430,Tr,25200.0,10.0,4083,0.3761542088698501,1157.5461309471305,0.9108304105821285,14.116280334282266,0.3764041164492948,0.009730835167637557,0.00418628038122483,0.9590013428756462,0.2121353165953263,0.11245103512353738,0.13704210755118829,0.08358936291086969,0.1991811406898719,0.13243468313130646,0.3211976066483088,0.21152884050942666,0.16960604547798297,0.14581385002697098,0.1312959902033701,0.12158169547220872,,,,,,
20140430,Tr,28800.0,10.0,3292,0.34513259554518305,846.5737990352989,0.738550413476409,3.1550254425230144,0.3455100299933723,0.010490575671067237,0.009535641930724429,0.909048874151009,0.026268806683292133,0.1389491150181982,-0.021434131234930875,0.03425603531247779,-0.01838400284335287,0.028634433702814432,0.16084561530980473,0.07148156297670798,0.03719899508158375,0.02037930623280219,0.01202651091742332,0.00778841479306655,,,,,,
20140430,Tr,32400.0,10.0,4828,0.6781288118690993,15.824704117541328,0.9391658680687974,14.962775235197554,0.6774599270316863,0.012726102564911763,0.0030583385605436933,0.9698795547013837,0.3515925583403768,0.3093496417488091,0.3022429452242151,0.22904661256774764,0.2743049122466128,0.1851131794249547,0.33313673741827765,0.22843276126390555,0.19743115938729572,0.18024932857238254,0.16955644180361631,0.16198304422587612,,,,,,
20140430,Tr,36000.0,10.0,891,0.45449262924742945,30.52897706994992,0.7703255255250818,25.982677978938803,0.45500442918634454,0.0235584965725906,0.005359277929353916,0.9478179990399149,0.019677634883478488,0.062406847553790674,0.012831818569519596,0.06397989581457647,-0.03538173943535165,0.010951947711427224,0.10254111456684682,0.06350158865605529,0.058678325427004414,0.05505781908592324,0.05197608018982145,0.049185429535401844,,,,,,
20140430,Tr,39600.0,10.0,385,0.3243476372214191,251.81795957673955,0.7754916192289888,20.547518908540457,0.32777430124637297,0.02933787201213849,0.006048812937824823,0.9413049428270148,0.11610183608943579,0.0036147140633716454,0.03294036909977562,0.017685430822836537,0.014078998028817867,0.06269208944346988,0.2519884179301093,0.16409676828918424,0.11817677781836683,0.09213779232231267,0.0766742451551102,0.06687980545689493,,,,,,
20140430,Tr,43200.0,10.0,1533,0.6500336943831635,12.900450080687465,0.9209807713924207,17.502918743907912,0.6483806797303409,0.022239180749205806,0.0033400135835709153,0.9671514901842443,0.5725608887919661,0.2394074204201839,0.17665242414824084,0.22183690769625133,0.2783900880231492,0.2940505663379525,0.3393381351821107,0.23014755673729356,0.19442375363302347,0.17442906571864497,0.16209493892040833,0.15356469071128284,,,,,,
